utc_date,trade_count,start_of_day_balance,daily_net,daily_return_pct,end_of_day_balance
2018-01-02,1,500.0,-7.28,-1.456,492.72
2018-01-04,1,492.72,5.65,1.1466958922,498.37
2018-01-05,1,498.37,-7.23,-1.4507293778,491.14
2018-01-11,1,491.14,5.6,1.1402044224,496.74
2018-01-12,1,496.74,-7.06,-1.4212666586,489.68
2018-01-15,1,489.68,-7.16,-1.4621793825,482.52
2018-01-16,1,482.52,5.56,1.1522838432,488.08
2018-01-18,1,488.08,5.6,1.147352893,493.68
2018-01-19,1,493.68,-7.21,-1.4604602171,486.47
2018-01-22,1,486.47,5.76,1.1840401258,492.23
2018-01-23,1,492.23,5.92,1.2026897995,498.15
2018-01-24,1,498.15,-7.35,-1.475459199,490.8
2018-01-25,1,490.8,-6.9,-1.4058679707,483.9
2018-01-29,1,483.9,5.67,1.1717296962,489.57
2018-01-30,1,489.57,5.15,1.0519435423,494.72
2018-02-02,1,494.72,-10.04,-2.0294307891,484.68
2018-02-07,1,484.68,-7.2,-1.4855162169,477.48
2018-02-08,1,477.48,-6.83,-1.4304264053,470.65
2018-02-09,1,470.65,-6.49,-1.3789440136,464.16
2018-02-13,1,464.16,-6.45,-1.3896070321,457.71
2018-02-14,1,457.71,5.32,1.1623080116,463.03
2018-02-15,1,463.03,4.94,1.066885515,467.97
2018-02-16,1,467.97,5.41,1.1560570122,473.38
2018-02-19,1,473.38,5.07,1.0710211669,478.45
2018-02-20,1,478.45,5.23,1.093113178,483.68
2018-02-21,1,483.68,5.2,1.0750909692,488.88
2018-02-22,1,488.88,-7.37,-1.5075274096,481.51
2018-02-23,1,481.51,5.71,1.1858528379,487.22
2018-02-26,1,487.22,-7.14,-1.465457083,480.08
2018-02-27,1,480.08,5.69,1.1852191301,485.77
2018-02-28,1,485.77,-6.29,-1.2948514729,479.48
2018-03-02,2,479.48,-1.28,-0.2669558689,478.2
2018-03-05,1,478.2,-6.67,-1.3948138854,471.53
2018-03-06,1,471.53,5.54,1.1748987339,477.07
2018-03-08,1,477.07,5.54,1.1612551617,482.61
2018-03-09,1,482.61,4.97,1.0298170365,487.58
2018-03-12,1,487.58,5.64,1.156733254,493.22
2018-03-13,1,493.22,-7.33,-1.4861522242,485.89
2018-03-14,1,485.89,-6.73,-1.3850871596,479.16
2018-03-15,1,479.16,5.66,1.1812338259,484.82
2018-03-16,1,484.82,-6.69,-1.3798935687,478.13
2018-03-19,1,478.13,5.27,1.1022106958,483.4
2018-03-20,1,483.4,-6.38,-1.3198179561,477.02
2018-03-22,1,477.02,5.61,1.1760513186,482.63
2018-03-23,1,482.63,5.77,1.1955328098,488.4
2018-03-26,1,488.4,-6.83,-1.3984438984,481.57
2018-03-27,1,481.57,-6.35,-1.3186037336,475.22
2018-03-28,1,475.22,-7.0,-1.473001978,468.22
2018-03-29,1,468.22,4.97,1.0614668318,473.19
2018-04-02,1,473.19,5.5,1.1623238023,478.69
2018-04-03,1,478.69,5.72,1.1949278239,484.41
2018-04-04,1,484.41,5.18,1.0693420862,489.59
2018-04-05,1,489.59,5.17,1.0559856206,494.76
2018-04-09,1,494.76,-7.09,-1.4330180289,487.67
2018-04-10,1,487.67,5.81,1.1913794164,493.48
2018-04-11,1,493.48,-6.67,-1.3516251925,486.81
2018-04-12,1,486.81,5.54,1.1380209938,492.35
2018-04-13,1,492.35,5.69,1.1556819336,498.04
2018-04-16,1,498.04,-6.9,-1.3854308891,491.14
2018-04-19,1,491.14,5.63,1.1463126603,496.77
2018-04-20,1,496.77,5.6,1.1272822433,502.37
2018-04-22,1,502.37,-7.04,-1.4013575651,495.33
2018-04-23,1,495.33,-7.27,-1.4677083964,488.06
2018-04-24,1,488.06,5.46,1.1187149121,493.52
2018-04-25,1,493.52,-7.34,-1.4872750851,486.18
2018-04-26,1,486.18,-6.94,-1.4274548521,479.24
2018-04-27,1,479.24,5.74,1.1977297388,484.98
2018-05-01,1,484.98,-7.22,-1.4887211844,477.76
2018-05-02,1,477.76,5.31,1.1114367046,483.07
2018-05-03,1,483.07,-7.21,-1.4925373134,475.86
2018-05-04,1,475.86,5.64,1.1852225444,481.5
2018-05-07,1,481.5,-6.5,-1.3499480789,475.0
2018-05-08,1,475.0,5.41,1.1389473684,480.41
2018-05-09,1,480.41,-6.58,-1.3696634125,473.83
2018-05-10,1,473.83,5.49,1.1586433953,479.32
2018-05-11,1,479.32,-6.92,-1.4437119252,472.4
2018-05-14,1,472.4,5.18,1.0965283658,477.58
2018-05-15,1,477.58,-6.64,-1.3903429792,470.94
2018-05-16,1,470.94,-6.77,-1.4375504311,464.17
2018-05-17,1,464.17,-6.25,-1.3464894328,457.92
2018-05-18,1,457.92,-6.24,-1.3626834382,451.68
2018-05-21,1,451.68,5.41,1.1977506199,457.09
2018-05-22,1,457.09,5.34,1.1682600801,462.43
2018-05-24,1,462.43,-6.61,-1.4294055316,455.82
2018-05-29,1,455.82,4.81,1.0552411039,460.63
2018-05-31,1,460.63,5.52,1.1983587695,466.15
2018-06-01,1,466.15,-6.16,-1.3214630484,459.99
2018-06-04,1,459.99,-6.12,-1.3304637057,453.87
2018-06-06,1,453.87,5.09,1.1214664992,458.96
2018-06-07,1,458.96,5.36,1.1678577654,464.32
2018-06-08,1,464.32,-6.58,-1.4171261199,457.74
2018-06-11,1,457.74,-6.3,-1.3763271726,451.44
2018-06-12,1,451.44,-6.44,-1.4265461634,445.0
2018-06-14,1,445.0,-6.55,-1.4719101124,438.45
2018-06-19,1,438.45,-6.21,-1.4163530619,432.24
2018-06-21,2,432.24,-15.12,-3.4980566352,417.12
2018-06-25,1,417.12,-5.6,-1.3425393172,411.52
2018-06-26,1,411.52,-6.05,-1.470159409,405.47
2018-06-28,1,405.47,4.67,1.1517498212,410.14
2018-06-29,1,410.14,4.87,1.1873994246,415.01
2018-07-02,1,415.01,4.55,1.0963591239,419.56
2018-07-03,1,419.56,-5.67,-1.3514157689,413.89
2018-07-05,1,413.89,4.63,1.118654715,418.52
2018-07-06,1,418.52,4.43,1.0584918283,422.95
2018-07-09,1,422.95,-5.84,-1.3807778697,417.11
2018-07-10,1,417.11,-5.84,-1.4001102827,411.27
2018-07-12,1,411.27,-5.43,-1.3203005325,405.84
2018-07-13,1,405.84,-5.85,-1.4414547605,399.99
2018-07-16,1,399.99,4.48,1.1200280007,404.47
2018-07-17,1,404.47,-6.02,-1.4883674933,398.45
2018-07-18,1,398.45,4.52,1.1343957837,402.97
2018-07-19,1,402.97,4.39,1.0894111224,407.36
2018-07-23,1,407.36,4.85,1.1905930872,412.21
2018-07-24,1,412.21,4.35,1.0552873535,416.56
2018-07-25,1,416.56,-6.13,-1.4715767236,410.43
2018-07-26,1,410.43,-5.37,-1.3083838901,405.06
2018-07-31,1,405.06,1.02,0.251814546,406.08
2018-08-01,1,406.08,-5.62,-1.383963751,400.46
2018-08-02,1,400.46,-5.39,-1.345952155,395.07
2018-08-03,1,395.07,4.58,1.1592882274,399.65
2018-08-07,1,399.65,4.68,1.1710246466,404.33
2018-08-08,1,404.33,4.78,1.1822026562,409.11
2018-08-09,1,409.11,-5.96,-1.4568209039,403.15
2018-08-14,1,403.15,4.48,1.1112489148,407.63
2018-08-15,1,407.63,4.85,1.1898044796,412.48
2018-08-17,1,412.48,-6.08,-1.4740108611,406.4
2018-08-20,1,406.4,4.71,1.1589566929,411.11
2018-08-21,1,411.11,4.71,1.1456787721,415.82
2018-08-22,1,415.82,4.67,1.1230821028,420.49
2018-08-23,1,420.49,-6.25,-1.4863611501,414.24
2018-08-24,1,414.24,-5.97,-1.441193511,408.27
2018-08-27,1,408.27,4.41,1.0801675362,412.68
2018-08-28,1,412.68,4.76,1.1534360764,417.44
2018-08-29,1,417.44,-6.22,-1.490034496,411.22
2018-08-30,1,411.22,4.47,1.0870093867,415.69
2018-08-31,1,415.69,4.97,1.1956024922,420.66
2018-09-04,1,420.66,-6.1,-1.4501022203,414.56
2018-09-05,1,414.56,-6.0,-1.447317638,408.56
2018-09-06,1,408.56,-6.14,-1.5028392403,402.42
2018-09-07,1,402.42,4.49,1.1157497142,406.91
2018-09-10,1,406.91,-5.66,-1.3909709764,401.25
2018-09-11,1,401.25,-5.38,-1.3408099688,395.87
2018-09-14,1,395.87,-5.18,-1.3085103696,390.69
2018-09-17,1,390.69,4.64,1.1876423763,395.33
2018-09-18,1,395.33,4.65,1.1762325146,399.98
2018-09-19,1,399.98,4.33,1.0825541277,404.31
2018-09-20,1,404.31,4.49,1.1105339962,408.8
2018-09-21,1,408.8,-5.68,-1.3894324853,403.12
2018-09-24,1,403.12,-5.46,-1.3544354038,397.66
2018-09-25,1,397.66,4.58,1.1517376653,402.24
2018-09-26,1,402.24,-5.84,-1.4518695306,396.4
2018-09-27,1,396.4,4.4,1.1099899092,400.8
2018-09-28,1,400.8,4.46,1.1127744511,405.26
2018-10-01,1,405.26,4.43,1.093125401,409.69
2018-10-02,1,409.69,-5.84,-1.4254680368,403.85
2018-10-03,1,403.85,-5.62,-1.3916057942,398.23
2018-10-04,1,398.23,4.27,1.0722446827,402.5
2018-10-08,1,402.5,-5.73,-1.4236024845,396.77
2018-10-10,1,396.77,4.46,1.1240769211,401.23
2018-10-12,1,401.23,-5.69,-1.4181392219,395.54
2018-10-15,1,395.54,4.56,1.1528543257,400.1
2018-10-16,1,400.1,4.68,1.1697075731,404.78
2018-10-17,1,404.78,4.3,1.0623054499,409.08
2018-10-18,1,409.08,-5.82,-1.4227046055,403.26
2018-10-22,1,403.26,-5.68,-1.4085205575,397.58
2018-10-23,1,397.58,-5.68,-1.4286432919,391.9
2018-10-24,1,391.9,-4.91,-1.2528706303,386.99
2018-10-26,1,386.99,4.06,1.0491227163,391.05
2018-10-29,1,391.05,-5.39,-1.3783403657,385.66
2018-10-30,1,385.66,4.29,1.1123787792,389.95
2018-10-31,1,389.95,-5.37,-1.3770996282,384.58
2018-11-01,1,384.58,4.34,1.1285038224,388.92
2018-11-02,1,388.92,-5.2,-1.3370358943,383.72
2018-11-08,2,383.72,-2.99,-0.7792140102,380.73
2018-11-09,1,380.73,4.14,1.0873847609,384.87
2018-11-15,1,384.87,4.3,1.1172603736,389.17
2018-11-16,1,389.17,-5.74,-1.4749338335,383.43
2018-11-19,1,383.43,3.99,1.0406071512,387.42
2018-11-20,1,387.42,4.41,1.1382995199,391.83
2018-11-21,1,391.83,-5.24,-1.3373146518,386.59
2018-11-23,1,386.59,-5.68,-1.4692568354,380.91
2018-11-26,1,380.91,-5.56,-1.4596623874,375.35
2018-11-27,1,375.35,-5.63,-1.4999333955,369.72
2018-11-28,1,369.72,-5.11,-1.382127015,364.61
2018-11-29,1,364.61,-5.12,-1.404240147,359.49
2018-11-30,1,359.49,-5.33,-1.4826559849,354.16
2018-12-04,1,354.16,-5.08,-1.4343799413,349.08
2018-12-06,1,349.08,-4.78,-1.3693136244,344.3
2018-12-10,1,344.3,-4.89,-1.4202730177,339.41
2018-12-11,1,339.41,3.71,1.0930732742,343.12
2018-12-12,1,343.12,-4.5,-1.3114945209,338.62
2018-12-13,1,338.62,-5.07,-1.4972535586,333.55
2018-12-14,1,333.55,-4.57,-1.3701094289,328.98
2018-12-17,1,328.98,-4.47,-1.3587452125,324.51
2018-12-18,1,324.51,3.69,1.1370990108,328.2
2018-12-19,1,328.2,-4.43,-1.3497867154,323.77
2018-12-20,1,323.77,-4.61,-1.4238502641,319.16
2018-12-21,1,319.16,3.42,1.0715628525,322.58
2018-12-24,1,322.58,-4.22,-1.3082026164,318.36
2018-12-28,1,318.36,-4.1,-1.2878502324,314.26
2018-12-31,1,314.26,3.37,1.0723604659,317.63
2019-01-02,1,317.63,-4.66,-1.4671158266,312.97
2019-01-07,1,312.97,-4.16,-1.3292008819,308.81
2019-01-08,1,308.81,-3.47,-1.123668275,305.34
2019-01-09,1,305.34,3.63,1.1888386716,308.97
2019-01-10,1,308.97,-3.98,-1.2881509532,304.99
2019-01-15,1,304.99,3.13,1.0262631562,308.12
2019-01-16,1,308.12,-4.22,-1.3695962612,303.9
2019-01-17,1,303.9,2.81,0.9246462652,306.71
2019-01-18,1,306.71,-2.82,-0.9194352972,303.89
2019-01-22,1,303.89,3.67,1.2076738293,307.56
2019-01-23,1,307.56,-4.15,-1.349330212,303.41
2019-01-25,1,303.41,3.17,1.044790877,306.58
2019-01-28,1,306.58,-4.16,-1.3569052123,302.42
2019-01-29,1,302.42,3.52,1.1639441836,305.94
2019-01-30,1,305.94,3.38,1.1047917892,309.32
2019-01-31,1,309.32,-4.36,-1.4095435148,304.96
2019-02-01,1,304.96,-4.46,-1.4624868835,300.5
2019-02-04,1,300.5,-4.45,-1.4808652246,296.05
2019-02-06,1,296.05,3.28,1.1079209593,299.33
2019-02-11,2,299.33,6.59,2.2015835366,305.92
2019-02-12,1,305.92,-4.49,-1.4677039749,301.43
2019-02-13,1,301.43,3.4,1.1279567395,304.83
2019-02-14,1,304.83,-4.25,-1.394219729,300.58
2019-02-15,1,300.58,-4.03,-1.3407412336,296.55
2019-02-19,1,296.55,3.29,1.1094250548,299.84
2019-02-20,1,299.84,-4.48,-1.4941302028,295.36
2019-02-21,1,295.36,-4.05,-1.3712080173,291.31
2019-02-25,1,291.31,-4.04,-1.3868387628,287.27
2019-02-27,2,287.27,-0.82,-0.2854457479,286.45
2019-03-01,1,286.45,-3.76,-1.3126200035,282.69
2019-03-06,1,282.69,-4.08,-1.443277088,278.61
2019-03-07,1,278.61,3.08,1.1054879581,281.69
2019-03-08,1,281.69,3.17,1.1253505627,284.86
2019-03-12,1,284.86,-4.09,-1.4357930211,280.77
2019-03-13,1,280.77,-4.1,-1.4602699719,276.67
2019-03-14,1,276.67,-3.58,-1.2939603137,273.09
2019-03-15,1,273.09,-3.88,-1.4207770332,269.21
2019-03-18,1,269.21,-3.9,-1.4486831841,265.31
2019-03-19,1,265.31,-3.96,-1.4925935698,261.35
2019-03-20,1,261.35,2.89,1.1057968242,264.24
2019-03-21,1,264.24,-3.39,-1.282924614,260.85
2019-03-22,1,260.85,2.82,1.0810810811,263.67
2019-03-26,1,263.67,-3.89,-1.4753290097,259.78
2019-03-27,1,259.78,2.53,0.9739009931,262.31
2019-03-28,1,262.31,-3.86,-1.4715413061,258.45
2019-03-29,1,258.45,-3.5,-1.3542271232,254.95
2019-04-01,2,254.95,-7.11,-2.7887821141,247.84
2019-04-03,1,247.84,2.8,1.1297611362,250.64
2019-04-05,1,250.64,2.9,1.1570379828,253.54
2019-04-08,1,253.54,-3.64,-1.4356709001,249.9
2019-04-09,1,249.9,2.7,1.0804321729,252.6
2019-04-10,1,252.6,-3.73,-1.4766429137,248.87
2019-04-11,1,248.87,-3.33,-1.3380479769,245.54
2019-04-12,1,245.54,-3.51,-1.4295023214,242.03
2019-04-14,1,242.03,-3.5,-1.4461017229,238.53
2019-04-16,1,238.53,2.63,1.1025866767,241.16
2019-04-17,1,241.16,2.64,1.0947089069,243.8
2019-04-18,1,243.8,2.89,1.1853978671,246.69
2019-04-23,1,246.69,2.93,1.1877254854,249.62
2019-04-24,1,249.62,-3.5,-1.4021312395,246.12
2019-04-30,1,246.12,2.87,1.1660978385,248.99
2019-05-07,1,248.99,2.89,1.1606891843,251.88
2019-05-08,1,251.88,-3.45,-1.3696998571,248.43
2019-05-09,1,248.43,2.54,1.0224208026,250.97
2019-05-10,1,250.97,2.55,1.0160576961,253.52
2019-05-15,1,253.52,-3.29,-1.2977279899,250.23
2019-05-16,1,250.23,-3.19,-1.274827159,247.04
2019-05-20,1,247.04,-3.41,-1.3803432642,243.63
2019-05-21,1,243.63,-3.11,-1.2765258794,240.52
2019-05-23,1,240.52,-3.46,-1.4385498087,237.06
2019-05-24,1,237.06,-3.22,-1.3583059141,233.84
2019-05-28,1,233.84,2.63,1.12470065,236.47
2019-05-29,1,236.47,2.8,1.1840825475,239.27
2019-05-30,1,239.27,-3.55,-1.4836795252,235.72
2019-05-31,1,235.72,-3.04,-1.2896657051,232.68
2019-06-03,1,232.68,-3.22,-1.3838748496,229.46
2019-06-04,1,229.46,2.48,1.0807983962,231.94
2019-06-05,1,231.94,-3.32,-1.4314046736,228.62
2019-06-07,1,228.62,2.32,1.0147843583,230.94
2019-06-13,1,230.94,2.4,1.0392309691,233.34
2019-06-14,1,233.34,-3.13,-1.341390246,230.21
2019-06-17,1,230.21,-3.26,-1.416098345,226.95
2019-06-18,1,226.95,-3.16,-1.3923771756,223.79
2019-06-21,2,223.79,-5.29,-2.3638232271,218.5
2019-06-25,1,218.5,-3.18,-1.4553775744,215.32
2019-06-26,1,215.32,2.49,1.1564183541,217.81
2019-06-27,1,217.81,-2.78,-1.2763417658,215.03
2019-06-28,1,215.03,-3.15,-1.4649118728,211.88
2019-07-01,1,211.88,2.36,1.1138380215,214.24
2019-07-02,1,214.24,-2.42,-1.1295743092,211.82
2019-07-03,1,211.82,-2.93,-1.3832499292,208.89
2019-07-05,1,208.89,-2.77,-1.3260567763,206.12
2019-07-08,1,206.12,-3.08,-1.4942751795,203.04
2019-07-09,1,203.04,2.07,1.0195035461,205.11
2019-07-10,1,205.11,2.13,1.038467164,207.24
2019-07-11,1,207.24,-2.78,-1.3414398765,204.46
2019-07-12,1,204.46,2.19,1.0711141544,206.65
2019-07-15,1,206.65,2.32,1.1226711832,208.97
2019-07-16,1,208.97,2.5,1.1963439728,211.47
2019-07-18,2,211.47,-5.66,-2.6765025772,205.81
2019-07-22,1,205.81,-3.0,-1.4576551188,202.81
2019-07-23,1,202.81,-2.68,-1.3214338543,200.13
2019-07-24,1,200.13,2.08,1.0393244391,202.21
2019-07-25,1,202.21,-2.65,-1.3105187676,199.56
2019-07-29,1,199.56,1.98,0.9921828022,201.54
2019-07-30,1,201.54,2.13,1.0568621614,203.67
2019-08-05,1,203.67,-3.09,-1.5171601119,200.58
2019-08-08,1,200.58,2.04,1.0170505534,202.62
2019-08-09,1,202.62,-2.98,-1.4707333926,199.64
2019-08-12,1,199.64,-1.75,-0.8765778401,197.89
2019-08-13,1,197.89,2.17,1.0965688008,200.06
2019-08-16,1,200.06,1.62,0.8097570729,201.68
2019-08-21,1,201.68,2.4,1.1900039667,204.08
2019-08-28,1,204.08,-2.57,-1.2593100745,201.51
2019-08-29,1,201.51,-2.45,-1.2158205548,199.06
2019-09-03,1,199.06,2.03,1.0197930272,201.09
2019-09-04,1,201.09,1.92,0.9547963598,203.01
2019-09-05,1,203.01,-2.51,-1.2363922959,200.5
2019-09-06,1,200.5,2.34,1.1670822943,202.84
2019-09-09,1,202.84,2.05,1.0106487872,204.89
2019-09-10,1,204.89,-2.49,-1.2152862512,202.4
2019-09-11,1,202.4,2.32,1.1462450593,204.72
2019-09-12,1,204.72,-2.91,-1.4214536928,201.81
2019-09-17,1,201.81,-2.81,-1.3923987909,199.0
2019-09-19,1,199.0,0.73,0.3668341709,199.73
2019-09-22,1,199.73,1.89,0.9462774746,201.62
2019-09-23,1,201.62,2.33,1.1556393215,203.95
2019-09-24,1,203.95,-2.91,-1.4268202991,201.04
2019-09-27,1,201.04,-2.63,-1.3081973737,198.41
2019-09-30,1,198.41,-2.92,-1.4717000151,195.49
2019-10-01,1,195.49,-2.77,-1.4169522738,192.72
2019-10-03,2,192.72,-0.72,-0.3735990037,192.0
2019-10-07,1,192.0,-2.54,-1.3229166667,189.46
2019-10-08,1,189.46,-2.75,-1.451493719,186.71
2019-10-09,1,186.71,2.01,1.0765358042,188.72
2019-10-10,1,188.72,2.17,1.149851632,190.89
2019-10-11,1,190.89,1.72,0.9010424852,192.61
2019-10-14,1,192.61,1.59,0.8255023104,194.2
2019-10-15,1,194.2,2.26,1.1637487127,196.46
2019-10-17,1,196.46,2.06,1.0485595032,198.52
2019-10-18,1,198.52,-2.4,-1.2089462019,196.12
2019-10-21,1,196.12,1.99,1.0146848868,198.11
2019-10-22,1,198.11,2.27,1.1458280753,200.38
2019-10-23,1,200.38,-2.44,-1.2176863958,197.94
2019-10-25,1,197.94,2.3,1.1619682732,200.24
2019-10-28,1,200.24,-2.89,-1.4432680783,197.35
2019-10-31,1,197.35,-2.72,-1.3782619711,194.63
2019-11-01,1,194.63,-2.72,-1.3975235061,191.91
2019-11-04,1,191.91,2.07,1.0786306081,193.98
2019-11-05,1,193.98,-2.77,-1.4279822662,191.21
2019-11-06,1,191.21,1.93,1.0093614351,193.14
2019-11-07,1,193.14,-2.7,-1.3979496738,190.44
2019-11-11,1,190.44,2.26,1.1867254778,192.7
2019-11-12,1,192.7,2.25,1.1676180592,194.95
2019-11-13,1,194.95,-2.53,-1.2977686586,192.42
2019-11-14,1,192.42,-2.72,-1.4135744725,189.7
2019-11-18,1,189.7,-2.71,-1.4285714286,186.99
2019-11-19,1,186.99,1.99,1.0642280336,188.98
2019-11-20,1,188.98,2.21,1.1694359191,191.19
2019-11-25,1,191.19,-2.54,-1.3285213662,188.65
2019-11-26,1,188.65,1.93,1.0230585741,190.58
2019-11-27,1,190.58,-2.52,-1.3222793578,188.06
2019-11-29,1,188.06,-2.8,-1.4888865256,185.26
2019-12-02,1,185.26,-2.68,-1.4466155673,182.58
2019-12-03,1,182.58,-2.32,-1.2706758681,180.26
2019-12-04,1,180.26,-2.21,-1.226006879,178.05
2019-12-05,1,178.05,-2.25,-1.2636899747,175.8
2019-12-06,1,175.8,-2.45,-1.393629124,173.35
2019-12-10,1,173.35,-2.13,-1.2287280069,171.22
2019-12-11,1,171.22,2.0,1.1680878402,173.22
2019-12-12,1,173.22,-2.54,-1.4663433784,170.68
2019-12-13,1,170.68,-2.3,-1.3475509726,168.38
2019-12-16,1,168.38,1.73,1.027437938,170.11
2019-12-17,1,170.11,1.78,1.046381753,171.89
2019-12-18,1,171.89,1.81,1.052999011,173.7
2019-12-19,1,173.7,-2.47,-1.4219919401,171.23
2019-12-20,1,171.23,1.78,1.0395374642,173.01
2019-12-26,1,173.01,-2.41,-1.3929830646,170.6
2019-12-29,1,170.6,1.74,1.01992966,172.34
2019-12-30,1,172.34,-2.56,-1.4854357665,169.78
2019-12-31,1,169.78,-2.32,-1.3664742608,167.46
2020-01-06,1,167.46,-2.1,-1.2540308133,165.36
2020-01-07,1,165.36,1.75,1.0582970489,167.11
2020-01-09,1,167.11,-2.28,-1.3643707737,164.83
2020-01-10,1,164.83,-2.19,-1.3286416308,162.64
2020-01-13,1,162.64,1.91,1.174372848,164.55
2020-01-14,1,164.55,-2.03,-1.2336675782,162.52
2020-01-16,1,162.52,1.64,1.0091065715,164.16
2020-01-17,1,164.16,-2.04,-1.2426900585,162.12
2020-01-21,1,162.12,-1.97,-1.2151492721,160.15
2020-01-23,1,160.15,-2.37,-1.4798626288,157.78
2020-01-28,1,157.78,1.76,1.1154772468,159.54
2020-01-30,1,159.54,-1.82,-1.1407797418,157.72
2020-02-04,1,157.72,-2.29,-1.4519401471,155.43
2020-02-05,1,155.43,1.65,1.0615711253,157.08
2020-02-06,1,157.08,-2.04,-1.2987012987,155.04
2020-02-10,1,155.04,1.67,1.0771413829,156.71
2020-02-12,1,156.71,-1.93,-1.2315742454,154.78
2020-02-13,1,154.78,-2.04,-1.3179997416,152.74
2020-02-14,1,152.74,1.73,1.1326437083,154.47
2020-02-18,1,154.47,-1.96,-1.2688547938,152.51
2020-02-19,1,152.51,-2.04,-1.3376172054,150.47
2020-02-24,1,150.47,-2.16,-1.4355020934,148.31
2020-02-25,1,148.31,1.37,0.9237408132,149.68
2020-02-27,1,149.68,-1.87,-1.2493319081,147.81
2020-03-04,1,147.81,1.29,0.8727420337,149.1
2020-03-05,1,149.1,-1.39,-0.932260228,147.71
2020-03-06,1,147.71,-1.38,-0.9342630831,146.33
2020-03-26,1,146.33,-2.08,-1.4214446798,144.25
2020-03-27,1,144.25,-1.93,-1.3379549393,142.32
2020-03-29,1,142.32,-1.99,-1.398257448,140.33
2020-03-30,1,140.33,1.68,1.1971780802,142.01
2020-03-31,1,142.01,1.54,1.0844306739,143.55
2020-04-02,1,143.55,-0.73,-0.508533612,142.82
2020-04-06,1,142.82,-1.6,-1.1202912757,141.22
2020-04-09,1,141.22,-1.17,-0.8284945475,140.05
2020-04-13,1,140.05,-1.08,-0.7711531596,138.97
2020-04-14,1,138.97,-1.92,-1.3815931496,137.05
2020-04-15,1,137.05,1.34,0.9777453484,138.39
2020-04-16,1,138.39,-1.06,-0.7659512971,137.33
2020-04-17,1,137.33,-1.22,-0.888371077,136.11
2020-04-20,1,136.11,0.84,0.6171478951,136.95
2020-04-21,1,136.95,-1.66,-1.2121212121,135.29
2020-04-22,1,135.29,-1.65,-1.2196023357,133.64
2020-04-23,1,133.64,-1.51,-1.1299012272,132.13
2020-04-27,1,132.13,-1.85,-1.4001362295,130.28
2020-04-28,1,130.28,-1.74,-1.3355848941,128.54
2020-05-04,1,128.54,-1.85,-1.4392407033,126.69
2020-05-05,1,126.69,1.07,0.8445812613,127.76
2020-05-06,1,127.76,-1.43,-1.1192861616,126.33
2020-05-07,1,126.33,-1.5,-1.1873664213,124.83
2020-05-08,1,124.83,1.31,1.049427221,126.14
2020-05-11,1,126.14,-1.46,-1.1574441097,124.68
2020-05-13,1,124.68,1.33,1.0667308309,126.01
2020-05-14,1,126.01,1.1,0.8729465915,127.11
2020-05-15,1,127.11,-1.55,-1.2194162536,125.56
2020-05-18,1,125.56,1.16,0.9238611023,126.72
2020-05-19,1,126.72,1.51,1.1916035354,128.23
2020-05-20,1,128.23,-1.55,-1.2087654995,126.68
2020-05-22,2,126.68,-0.22,-0.1736659299,126.46
2020-05-26,1,126.46,-1.72,-1.36011387,124.74
2020-05-27,1,124.74,-1.3,-1.0421677088,123.44
2020-05-28,1,123.44,1.48,1.198963059,124.92
2020-05-29,1,124.92,-1.45,-1.1607428754,123.47
2020-06-02,1,123.47,-1.24,-1.0042925407,122.23
2020-06-03,1,122.23,-1.71,-1.3990018817,120.52
2020-06-04,1,120.52,1.35,1.1201460339,121.87
2020-06-05,1,121.87,1.21,0.9928612456,123.08
2020-06-07,1,123.08,1.15,0.9343516412,124.23
2020-06-08,1,124.23,-1.76,-1.4167270386,122.47
2020-06-09,1,122.47,1.34,1.094145505,123.81
2020-06-10,1,123.81,1.11,0.8965350133,124.92
2020-06-11,1,124.92,0.84,0.6724303554,125.76
2020-06-12,1,125.76,1.5,1.1927480916,127.26
2020-06-16,1,127.26,0.86,0.6757818639,128.12
2020-06-18,1,128.12,-1.61,-1.2566344052,126.51
2020-06-23,1,126.51,1.46,1.1540589677,127.97
2020-06-24,1,127.97,1.16,0.9064624521,129.13
2020-06-25,1,129.13,-1.4,-1.0841787346,127.73
2020-06-26,1,127.73,-1.83,-1.4327096219,125.9
2020-06-29,1,125.9,-1.81,-1.4376489277,124.09
2020-06-30,1,124.09,1.15,0.9267467161,125.24
2020-07-01,1,125.24,-1.49,-1.1897157458,123.75
2020-07-02,1,123.75,1.13,0.9131313131,124.88
2020-07-06,1,124.88,-1.59,-1.2732222934,123.29
2020-07-07,1,123.29,-1.61,-1.3058642226,121.68
2020-07-08,1,121.68,-1.31,-1.0765943458,120.37
2020-07-09,1,120.37,1.23,1.021849298,121.6
2020-07-10,1,121.6,-1.51,-1.2417763158,120.09
2020-07-13,1,120.09,-1.45,-1.2074277625,118.64
2020-07-14,1,118.64,-1.56,-1.3149022252,117.08
2020-07-15,1,117.08,1.4,1.1957635805,118.48
2020-07-16,1,118.48,1.4,1.1816340311,119.88
2020-07-17,1,119.88,1.4,1.1678345012,121.28
2020-07-21,1,121.28,1.29,1.0636543536,122.57
2020-07-28,1,122.57,1.2,0.9790323897,123.77
2020-07-29,1,123.77,1.26,1.0180172901,125.03
2020-07-30,1,125.03,1.27,1.0157562185,126.3
2020-07-31,1,126.3,-1.61,-1.2747426762,124.69
2020-08-04,1,124.69,-1.07,-0.8581281578,123.62
2020-08-05,1,123.62,1.44,1.164860055,125.06
2020-08-06,1,125.06,0.86,0.6876699184,125.92
2020-08-07,1,125.92,-1.15,-0.9132782719,124.77
2020-08-10,1,124.77,1.17,0.9377254148,125.94
2020-08-11,1,125.94,-1.49,-1.183103065,124.45
2020-08-12,1,124.45,1.22,0.9803133789,125.67
2020-08-13,1,125.67,1.42,1.1299435028,127.09
2020-08-14,1,127.09,-1.43,-1.1251868754,125.66
2020-08-17,1,125.66,-1.28,-1.0186216775,124.38
2020-08-18,1,124.38,-1.52,-1.2220614247,122.86
2020-08-19,1,122.86,-1.27,-1.0336968908,121.59
2020-08-24,1,121.59,-1.4,-1.1514104778,120.19
2020-08-25,1,120.19,-1.31,-1.0899409269,118.88
2020-08-26,1,118.88,1.03,0.8664199192,119.91
2020-08-27,1,119.91,1.04,0.8673171545,120.95
2020-08-28,1,120.95,1.13,0.9342703597,122.08
2020-09-02,1,122.08,1.21,0.9911533421,123.29
2020-09-03,1,123.29,-1.31,-1.0625354854,121.98
2020-09-08,1,121.98,-1.53,-1.2543039843,120.45
2020-09-09,1,120.45,1.25,1.0377750104,121.7
2020-09-14,1,121.7,-1.5,-1.2325390304,120.2
2020-09-15,1,120.2,-1.39,-1.15640599,118.81
2020-09-16,1,118.81,-1.77,-1.4897735881,117.04
2020-09-18,1,117.04,-1.36,-1.1619958988,115.68
2020-09-21,1,115.68,-1.42,-1.2275242047,114.26
2020-09-23,1,114.26,-1.37,-1.1990197795,112.89
2020-09-24,1,112.89,1.21,1.0718398441,114.1
2020-09-25,1,114.1,-1.17,-1.0254163015,112.93
2020-09-28,1,112.93,1.18,1.0448950677,114.11
2020-09-29,1,114.11,-1.19,-1.0428533871,112.92
2020-09-30,1,112.92,-1.29,-1.1424017003,111.63
2020-10-05,1,111.63,-1.13,-1.0122726866,110.5
2020-10-07,1,110.5,0.91,0.8235294118,111.41
2020-10-09,1,111.41,-1.47,-1.3194506777,109.94
2020-10-12,1,109.94,-1.35,-1.2279425141,108.59
2020-10-14,1,108.59,-1.48,-1.3629247629,107.11
2020-10-15,1,107.11,-1.14,-1.0643263934,105.97
2020-10-16,1,105.97,0.89,0.8398603378,106.86
2020-10-19,1,106.86,0.89,0.8328654314,107.75
2020-10-20,1,107.75,-1.56,-1.4477958237,106.19
2020-10-21,1,106.19,-1.51,-1.4219794708,104.68
2020-10-23,1,104.68,-1.52,-1.4520443256,103.16
2020-10-26,1,103.16,-1.18,-1.1438542071,101.98
2020-10-27,1,101.98,-1.03,-1.0100019612,100.95
2020-10-28,1,100.95,-1.09,-1.0797424468,99.86
2020-10-29,1,99.86,-1.02,-1.021430002,98.84
2020-11-02,1,98.84,-1.14,-1.1533791987,97.7
2020-11-06,1,97.7,0.76,0.7778915046,98.46
2020-11-11,1,98.46,-0.79,-0.8023562868,97.67
2020-11-12,1,97.67,0.77,0.7883689976,98.44
2020-11-13,1,98.44,1.09,1.1072734661,99.53
2020-11-16,1,99.53,-1.47,-1.4769416256,98.06
2020-11-17,1,98.06,1.05,1.0707729961,99.11
2020-11-18,1,99.11,-1.33,-1.3419432953,97.78
2020-11-19,1,97.78,1.12,1.145428513,98.9
2020-11-27,1,98.9,-1.02,-1.0313447927,97.88
2020-11-30,1,97.88,1.06,1.082958725,98.94
2020-12-01,1,98.94,1.13,1.1421063271,100.07
2020-12-02,1,100.07,-1.15,-1.1491955631,98.92
2020-12-03,1,98.92,-1.48,-1.4961585119,97.44
2020-12-04,1,97.44,-1.33,-1.3649425287,96.11
2020-12-07,1,96.11,0.94,0.978045989,97.05
2020-12-08,1,97.05,1.0,1.0303967027,98.05
2020-12-09,1,98.05,-1.17,-1.1932687404,96.88
2020-12-10,1,96.88,-1.01,-1.0425268373,95.87
2020-12-11,1,95.87,-1.35,-1.4081568791,94.52
2020-12-14,1,94.52,-1.18,-1.2484130343,93.34
2020-12-15,1,93.34,-1.25,-1.3391900579,92.09
2020-12-16,1,92.09,-1.12,-1.216201542,90.97
2020-12-17,1,90.97,-0.72,-0.7914697153,90.25
2020-12-21,1,90.25,-0.77,-0.8531855956,89.48
2020-12-22,1,89.48,-0.73,-0.8158247653,88.75
2020-12-28,1,88.75,-1.22,-1.3746478873,87.53
2020-12-29,1,87.53,1.02,1.1653147492,88.55
2020-12-30,1,88.55,-1.24,-1.4003387916,87.31
2020-12-31,1,87.31,0.85,0.9735425495,88.16
2021-01-04,1,88.16,-1.3,-1.4745916515,86.86
2021-01-05,1,86.86,0.99,1.1397651393,87.85
2021-01-06,1,87.85,-1.11,-1.2635173591,86.74
2021-01-07,1,86.74,-1.26,-1.4526170164,85.48
2021-01-08,1,85.48,0.59,0.6902199345,86.07
2021-01-11,1,86.07,0.59,0.6854885558,86.66
2021-01-12,1,86.66,0.59,0.6808216017,87.25
2021-01-13,1,87.25,-0.74,-0.8481375358,86.51
2021-01-14,1,86.51,0.65,0.7513582245,87.16
2021-01-19,1,87.16,-0.67,-0.7687012391,86.49
2021-01-20,1,86.49,0.57,0.6590357267,87.06
2021-01-21,1,87.06,-1.12,-1.2864691018,85.94
2021-01-22,1,85.94,-1.04,-1.2101466139,84.9
2021-01-25,1,84.9,-1.02,-1.2014134276,83.88
2021-01-26,1,83.88,-0.95,-1.1325703386,82.93
2021-01-27,1,82.93,-1.04,-1.2540696973,81.89
2021-01-28,1,81.89,0.54,0.6594211747,82.43
2021-01-29,1,82.43,0.96,1.1646245299,83.39
2021-02-01,1,83.39,0.76,0.9113802614,84.15
2021-02-02,1,84.15,0.8,0.9506833036,84.95
2021-02-04,1,84.95,-0.87,-1.0241318423,84.08
2021-02-05,1,84.08,-0.91,-1.082302569,83.17
2021-02-09,1,83.17,-1.13,-1.3586629794,82.04
2021-02-10,1,82.04,-0.94,-1.1457825451,81.1
2021-02-12,1,81.1,-1.01,-1.2453760789,80.09
2021-02-15,1,80.09,0.52,0.6492695717,80.61
2021-02-16,1,80.61,-0.87,-1.079270562,79.74
2021-02-19,2,79.74,-0.04,-0.0501630298,79.7
2021-02-22,1,79.7,0.56,0.7026348808,80.26
2021-02-24,1,80.26,-0.65,-0.8098679292,79.61
2021-02-25,1,79.61,0.57,0.7159904535,80.18
2021-02-28,1,80.18,0.61,0.7607882265,80.79
2021-03-01,1,80.79,0.72,0.8911994059,81.51
2021-03-02,1,81.51,-0.64,-0.7851797325,80.87
2021-03-03,1,80.87,-0.64,-0.7913935947,80.23
2021-03-04,1,80.23,-1.18,-1.4707715318,79.05
2021-03-05,1,79.05,-0.74,-0.936116382,78.31
2021-03-08,2,78.31,1.07,1.366364449,79.38
2021-03-09,1,79.38,-0.64,-0.8062484253,78.74
2021-03-11,1,78.74,0.79,1.0033020066,79.53
2021-03-12,1,79.53,0.63,0.7921539042,80.16
2021-03-15,1,80.16,0.64,0.7984031936,80.8
2021-03-16,1,80.8,-0.7,-0.8663366337,80.1
2021-03-17,1,80.1,0.59,0.7365792759,80.69
2021-03-19,1,80.69,-0.82,-1.0162349734,79.87
2021-03-22,1,79.87,-0.71,-0.8889445349,79.16
2021-03-23,1,79.16,-0.74,-0.9348155634,78.42
2021-03-24,1,78.42,0.49,0.6248406019,78.91
2021-03-25,1,78.91,0.88,1.1151945254,79.79
2021-03-26,1,79.79,-1.1,-1.3786188745,78.69
2021-03-29,2,78.69,1.05,1.3343499809,79.74
2021-03-30,1,79.74,-1.15,-1.4421871081,78.59
2021-04-01,1,78.59,0.58,0.7380073801,79.17
2021-04-06,1,79.17,-0.65,-0.8210180624,78.52
2021-04-07,1,78.52,0.56,0.7131940907,79.08
2021-04-08,1,79.08,0.52,0.6575619626,79.6
2021-04-09,1,79.6,-0.69,-0.8668341709,78.91
2021-04-12,1,78.91,0.57,0.7223419085,79.48
2021-04-13,1,79.48,-1.13,-1.4217413186,78.35
2021-04-14,1,78.35,-1.08,-1.3784301213,77.27
2021-04-15,1,77.27,0.86,1.1129804581,78.13
2021-04-16,1,78.13,-1.1,-1.4079098938,77.03
2021-04-19,1,77.03,-0.69,-0.8957549007,76.34
2021-04-22,1,76.34,-1.11,-1.4540214828,75.23
2021-04-23,1,75.23,-0.61,-0.8108467367,74.62
2021-04-26,1,74.62,-0.62,-0.8308764406,74.0
2021-04-27,1,74.0,0.57,0.7702702703,74.57
2021-04-28,1,74.57,0.46,0.616870055,75.03
2021-04-29,1,75.03,-0.64,-0.8529921365,74.39
2021-04-30,1,74.39,-0.78,-1.048528028,73.61
2021-05-03,1,73.61,-0.58,-0.7879364217,73.03
2021-05-06,1,73.03,0.47,0.6435711351,73.5
2021-05-09,1,73.5,-0.77,-1.0476190476,72.73
2021-05-11,1,72.73,0.52,0.7149731885,73.25
2021-05-12,1,73.25,0.7,0.9556313993,73.95
2021-05-13,1,73.95,-0.61,-0.8248816768,73.34
2021-05-14,1,73.34,0.47,0.6408508317,73.81
2021-05-17,1,73.81,0.51,0.6909632841,74.32
2021-05-18,1,74.32,-0.59,-0.7938643703,73.73
2021-05-19,1,73.73,-0.6,-0.8137800081,73.13
2021-05-21,1,73.13,0.51,0.6973882128,73.64
2021-05-26,1,73.64,-0.7,-0.9505703422,72.94
2021-05-27,1,72.94,0.44,0.6032355361,73.38
2021-05-28,1,73.38,-1.09,-1.4854183701,72.29
2021-05-31,1,72.29,0.84,1.1619864435,73.13
2021-06-01,1,73.13,0.86,1.1759879666,73.99
2021-06-02,1,73.99,0.78,1.054196513,74.77
2021-06-03,1,74.77,-0.74,-0.989701752,74.03
2021-06-07,1,74.03,-1.06,-1.4318519519,72.97
2021-06-09,1,72.97,0.49,0.6715088392,73.46
2021-06-10,1,73.46,-0.73,-0.9937380888,72.73
2021-06-11,1,72.73,0.6,0.8249690637,73.33
2021-06-14,1,73.33,0.56,0.763671076,73.89
2021-06-15,1,73.89,0.75,1.0150223305,74.64
2021-06-16,1,74.64,0.47,0.6296891747,75.11
2021-06-22,1,75.11,0.54,0.7189455465,75.65
2021-06-23,1,75.65,-0.94,-1.2425644415,74.71
2021-06-24,1,74.71,0.78,1.0440369428,75.49
2021-06-25,1,75.49,-1.1,-1.4571466419,74.39
2021-06-28,1,74.39,0.85,1.1426266971,75.24
2021-06-29,1,75.24,0.78,1.0366826156,76.02
2021-06-30,1,76.02,0.87,1.1444356748,76.89
2021-07-01,1,76.89,-1.02,-1.3265704253,75.87
2021-07-04,1,75.87,-0.76,-1.0017134572,75.11
2021-07-05,1,75.11,-0.99,-1.3180668353,74.12
2021-07-06,1,74.12,0.78,1.0523475445,74.9
2021-07-07,1,74.9,-0.92,-1.2283044059,73.98
2021-07-08,1,73.98,-0.56,-0.7569613409,73.42
2021-07-12,1,73.42,0.53,0.7218741487,73.95
2021-07-13,1,73.95,0.76,1.0277214334,74.71
2021-07-14,1,74.71,0.76,1.0172667648,75.47
2021-07-15,1,75.47,-0.95,-1.2587783225,74.52
2021-07-16,1,74.52,-0.66,-0.885668277,73.86
2021-07-19,1,73.86,0.66,0.8935824533,74.52
2021-07-21,1,74.52,0.54,0.7246376812,75.06
2021-07-23,1,75.06,-1.09,-1.4521715961,73.97
2021-07-27,1,73.97,-0.59,-0.797620657,73.38
2021-07-30,2,73.38,-0.34,-0.4633415099,73.04
2021-08-02,1,73.04,-0.66,-0.9036144578,72.38
2021-08-03,1,72.38,0.82,1.1329096435,73.2
2021-08-05,1,73.2,-0.98,-1.3387978142,72.22
2021-08-06,1,72.22,0.56,0.7754084741,72.78
2021-08-09,1,72.78,0.8,1.0992030778,73.58
2021-08-10,1,73.58,-0.46,-0.6251698831,73.12
2021-08-11,1,73.12,-0.64,-0.875273523,72.48
2021-08-13,1,72.48,-0.85,-1.1727373068,71.63
2021-08-16,1,71.63,-0.62,-0.8655591233,71.01
2021-08-18,1,71.01,-1.04,-1.4645824532,69.97
2021-08-19,1,69.97,-0.59,-0.8432185222,69.38
2021-08-20,1,69.38,0.56,0.8071490343,69.94
2021-08-23,1,69.94,-1.02,-1.4583929082,68.92
2021-08-25,1,68.92,-0.95,-1.3784097504,67.97
2021-08-26,1,67.97,-0.52,-0.7650434015,67.45
2021-08-27,1,67.45,-0.93,-1.3787991105,66.52
2021-08-30,1,66.52,0.41,0.6163559832,66.93
2021-08-31,1,66.93,-0.61,-0.9113999701,66.32
2021-09-01,1,66.32,0.71,1.0705669481,67.03
2021-09-07,1,67.03,-0.96,-1.4321945398,66.07
2021-09-09,1,66.07,-0.54,-0.817314969,65.53
2021-09-13,1,65.53,-0.89,-1.3581565695,64.64
2021-09-14,1,64.64,0.69,1.067450495,65.33
2021-09-15,1,65.33,0.42,0.6428899434,65.75
2021-09-17,1,65.75,0.76,1.1558935361,66.51
2021-09-20,1,66.51,0.42,0.6314839874,66.93
2021-09-21,1,66.93,-0.6,-0.896458987,66.33
2021-09-23,1,66.33,0.45,0.6784260516,66.78
2021-09-24,1,66.78,0.74,1.1081162025,67.52
2021-09-27,1,67.52,-0.94,-1.3921800948,66.58
2021-09-28,1,66.58,-0.97,-1.4568939622,65.61
2021-09-29,1,65.61,-0.65,-0.9907026368,64.96
2021-10-01,1,64.96,0.63,0.9698275862,65.59
2021-10-03,1,65.59,-0.62,-0.9452660467,64.97
2021-10-04,1,64.97,-0.61,-0.9388948746,64.36
2021-10-05,1,64.36,-0.79,-1.2274704786,63.57
2021-10-06,1,63.57,-0.56,-0.8809186723,63.01
2021-10-07,1,63.01,-0.76,-1.2061577527,62.25
2021-10-08,1,62.25,0.46,0.7389558233,62.71
2021-10-11,2,62.71,-0.14,-0.2232498804,62.57
2021-10-12,1,62.57,0.47,0.7511587023,63.04
2021-10-14,2,63.04,-0.17,-0.2696700508,62.87
2021-10-15,1,62.87,-0.61,-0.970256084,62.26
2021-10-18,1,62.26,0.52,0.8352071956,62.78
2021-10-19,1,62.78,-0.71,-1.1309334183,62.07
2021-10-20,1,62.07,0.52,0.837763815,62.59
2021-10-21,1,62.59,-0.75,-1.1982744847,61.84
2021-10-26,1,61.84,0.49,0.7923673997,62.33
2021-10-27,1,62.33,-0.74,-1.1872292636,61.59
2021-10-28,1,61.59,-0.72,-1.169020945,60.87
2021-10-29,1,60.87,0.69,1.1335633317,61.56
2021-11-01,1,61.56,0.58,0.9421702404,62.14
2021-11-02,1,62.14,-0.89,-1.4322497586,61.25
2021-11-03,1,61.25,0.55,0.8979591837,61.8
2021-11-04,1,61.8,0.61,0.9870550162,62.41
2021-11-08,1,62.41,0.71,1.137638199,63.12
2021-11-09,1,63.12,-0.61,-0.9664131812,62.51
2021-11-10,1,62.51,-0.61,-0.975843865,61.9
2021-11-11,1,61.9,-0.75,-1.211631664,61.15
2021-11-15,1,61.15,-0.64,-1.0466067048,60.51
2021-11-16,1,60.51,0.47,0.7767311188,60.98
2021-11-17,1,60.98,0.62,1.0167267957,61.6
2021-11-23,2,61.6,1.02,1.6558441558,62.62
2021-11-24,1,62.62,0.56,0.8942829767,63.18
2021-11-26,1,63.18,-0.79,-1.2503956948,62.39
2021-12-03,1,62.39,0.58,0.9296361596,62.97
2021-12-07,1,62.97,0.71,1.1275210418,63.68
2021-12-10,1,63.68,-0.85,-1.334798995,62.83
2021-12-14,1,62.83,0.68,1.0822855324,63.51
2021-12-15,1,63.51,-0.6,-0.9447331129,62.91
2021-12-16,1,62.91,0.6,0.953743443,63.51
2021-12-17,1,63.51,0.74,1.1651708392,64.25
2021-12-20,1,64.25,0.61,0.9494163424,64.86
2021-12-21,1,64.86,-0.66,-1.0175763182,64.2
2021-12-22,1,64.2,0.46,0.7165109034,64.66
2021-12-23,1,64.66,-0.57,-0.8815341788,64.09
2021-12-27,1,64.09,0.72,1.1234201904,64.81
2021-12-28,1,64.81,0.73,1.1263693874,65.54
2021-12-30,1,65.54,0.68,1.0375343302,66.22
2021-12-31,1,66.22,0.5,0.7550588946,66.72
2022-01-03,1,66.72,-0.63,-0.9442446043,66.09
2022-01-04,1,66.09,-0.52,-0.7868058708,65.57
2022-01-05,1,65.57,-0.59,-0.8998017386,64.98
2022-01-07,1,64.98,-0.76,-1.1695906433,64.22
2022-01-10,1,64.22,-0.66,-1.027717222,63.56
2022-01-13,1,63.56,-0.59,-0.9282567653,62.97
2022-01-14,1,62.97,-0.61,-0.9687152612,62.36
2022-01-19,1,62.36,-0.8,-1.2828736369,61.56
2022-01-20,1,61.56,0.67,1.0883690708,62.23
2022-01-21,1,62.23,-0.81,-1.3016230114,61.42
2022-01-24,1,61.42,-0.75,-1.2211006187,60.67
2022-01-25,1,60.67,0.63,1.0384044833,61.3
2022-01-26,1,61.3,-0.62,-1.0114192496,60.68
2022-01-27,1,60.68,-0.8,-1.3183915623,59.88
2022-01-28,1,59.88,0.63,1.0521042084,60.51
2022-02-01,1,60.51,-0.83,-1.3716741035,59.68
2022-02-02,1,59.68,-0.69,-1.1561662198,58.99
2022-02-03,1,58.99,0.68,1.1527377522,59.67
2022-02-07,1,59.67,-0.63,-1.0558069382,59.04
2022-02-08,1,59.04,0.49,0.8299457995,59.53
2022-02-10,1,59.53,-0.7,-1.1758777087,58.83
2022-02-11,1,58.83,-0.78,-1.325854156,58.05
2022-02-14,1,58.05,0.69,1.188630491,58.74
2022-02-16,1,58.74,-0.78,-1.3278855975,57.96
2022-02-17,1,57.96,0.65,1.121463078,58.61
2022-02-18,1,58.61,0.59,1.0066541546,59.2
2022-02-21,1,59.2,0.45,0.7601351351,59.65
2022-02-22,1,59.65,-0.59,-0.9891031014,59.06
2022-02-23,1,59.06,0.55,0.9312563495,59.61
2022-02-24,1,59.61,-0.57,-0.9562154001,59.04
2022-02-25,1,59.04,0.68,1.1517615176,59.72
2022-02-28,1,59.72,-0.69,-1.1553918285,59.03
2022-03-01,1,59.03,0.52,0.8809080129,59.55
2022-03-02,1,59.55,-0.7,-1.1754827876,58.85
2022-03-08,1,58.85,0.59,1.002548853,59.44
2022-03-09,1,59.44,0.53,0.8916554509,59.97
2022-03-10,1,59.97,0.66,1.1005502751,60.63
2022-03-11,1,60.63,-0.84,-1.3854527462,59.79
2022-03-13,1,59.79,-0.76,-1.2711155712,59.03
2022-03-14,1,59.03,-0.82,-1.3891241741,58.21
2022-03-15,1,58.21,0.68,1.1681841608,58.89
2022-03-16,1,58.89,-0.73,-1.2395992528,58.16
2022-03-17,1,58.16,0.7,1.2035763411,58.86
2022-03-18,1,58.86,-0.67,-1.1382942576,58.19
2022-03-21,2,58.19,-0.15,-0.2577762502,58.04
2022-03-22,1,58.04,-0.85,-1.4645072364,57.19
2022-03-24,1,57.19,-0.84,-1.4687882497,56.35
2022-03-25,1,56.35,0.54,0.958296362,56.89
2022-04-18,1,56.89,-0.8,-1.4062225347,56.09
2022-10-10,1,56.09,0.57,1.0162239258,56.66
2022-10-11,1,56.66,0.56,0.9883515708,57.22
2022-10-12,1,57.22,-0.84,-1.4680181755,56.38
2022-10-14,1,56.38,-0.76,-1.3479957432,55.62
2022-10-17,1,55.62,0.66,1.1866235167,56.28
2022-10-18,1,56.28,-0.71,-1.2615493959,55.57
2022-10-19,1,55.57,-0.61,-1.0977145942,54.96
2022-10-21,1,54.96,-0.71,-1.2918486172,54.25
2022-10-31,1,54.25,-0.71,-1.3087557604,53.54
2022-11-01,1,53.54,-0.67,-1.2514008218,52.87
2023-03-06,1,52.87,-0.86,-1.6266313599,52.01
2023-05-17,1,52.01,-0.77,-1.4804845222,51.24
2023-05-18,1,51.24,0.59,1.1514441842,51.83
2023-05-25,1,51.83,0.61,1.1769245611,52.44
2023-06-19,1,52.44,0.61,1.1632341724,53.05
2023-06-22,1,53.05,0.58,1.0933081998,53.63
2023-06-23,1,53.63,0.63,1.1747156442,54.26
2023-06-27,1,54.26,-0.79,-1.4559528198,53.47
2023-06-29,1,53.47,0.63,1.1782307836,54.1
2023-07-10,1,54.1,-0.82,-1.5157116451,53.28
2023-07-12,1,53.28,-0.7,-1.3138138138,52.58
2023-07-13,1,52.58,-0.75,-1.4263978699,51.83
2023-08-15,1,51.83,0.58,1.1190430253,52.41
2023-08-17,1,52.41,-0.75,-1.4310246136,51.66
2023-08-21,1,51.66,0.6,1.1614401858,52.26
2023-08-25,1,52.26,-0.64,-1.2246460008,51.62
2023-08-28,1,51.62,-0.7,-1.3560635413,50.92
2023-08-31,1,50.92,0.61,1.1979575805,51.53
2023-09-01,1,51.53,-0.69,-1.3390258102,50.84
2023-09-05,1,50.84,0.52,1.0228166798,51.36
2023-09-06,1,51.36,0.58,1.1292834891,51.94
2023-09-10,1,51.94,0.5,0.9626492106,52.44
2023-09-13,1,52.44,0.58,1.1060259344,53.02
2023-09-15,1,53.02,-0.75,-1.4145605432,52.27
2023-09-20,1,52.27,0.44,0.8417830496,52.71
2023-09-21,1,52.71,0.58,1.1003604629,53.29
2023-09-25,1,53.29,0.45,0.8444361043,53.74
2023-09-26,1,53.74,0.43,0.8001488649,54.17
2023-09-27,1,54.17,0.42,0.7753369023,54.59
2023-10-02,1,54.59,-0.78,-1.4288331196,53.81
2023-10-03,1,53.81,0.41,0.7619401598,54.22
2023-10-06,1,54.22,0.55,1.0143858355,54.77
2023-10-09,1,54.77,-0.68,-1.2415555961,54.09
2023-10-11,1,54.09,-0.8,-1.4790164541,53.29
2023-10-12,1,53.29,0.55,1.032088572,53.84
2023-10-16,1,53.84,0.44,0.8172362556,54.28
2023-10-17,1,54.28,0.5,0.9211495947,54.78
2023-10-18,1,54.78,0.43,0.7849580139,55.21
2023-10-19,1,55.21,0.35,0.6339431262,55.56
2023-10-20,1,55.56,0.38,0.6839452844,55.94
2023-10-23,1,55.94,-0.8,-1.4301036825,55.14
2023-10-24,1,55.14,-0.47,-0.8523757708,54.67
2023-10-25,1,54.67,-0.58,-1.0609109201,54.09
2023-10-26,1,54.09,-0.61,-1.1277500462,53.48
2023-10-27,1,53.48,-0.61,-1.1406133134,52.87
2023-10-30,1,52.87,0.43,0.81331568,53.3
2023-11-03,1,53.3,-0.51,-0.95684803,52.79
2023-11-07,1,52.79,-0.55,-1.0418639894,52.24
2023-11-08,1,52.24,0.6,1.1485451761,52.84
2023-11-09,1,52.84,0.55,1.0408781226,53.39
2023-11-10,1,53.39,0.53,0.9926952613,53.92
2023-11-13,1,53.92,0.42,0.7789317507,54.34
2023-11-17,1,54.34,-0.69,-1.2697828487,53.65
2023-11-27,1,53.65,0.64,1.192917055,54.29
2024-02-12,1,54.29,-0.75,-1.381469884,53.54
2024-02-13,1,53.54,0.63,1.176690325,54.17
2024-02-15,1,54.17,-0.67,-1.2368469633,53.5
2024-02-16,1,53.5,0.57,1.0654205607,54.07
2024-02-19,1,54.07,0.56,1.0356944701,54.63
2024-02-20,1,54.63,0.6,1.0982976387,55.23
2024-02-21,1,55.23,-0.6,-1.0863661054,54.63
2024-02-22,1,54.63,0.65,1.1898224419,55.28
2024-02-26,1,55.28,-0.6,-1.0853835022,54.68
2024-02-27,1,54.68,0.4,0.7315288954,55.08
2024-02-28,1,55.08,-0.64,-1.16194626,54.44
2024-03-04,1,54.44,0.58,1.0653930933,55.02
2024-03-05,1,55.02,0.49,0.8905852417,55.51
2024-03-10,1,55.51,-0.82,-1.4772113133,54.69
2024-03-15,1,54.69,-0.73,-1.3347961236,53.96
2024-03-18,2,53.96,-0.13,-0.2409191994,53.83
2024-03-19,1,53.83,0.62,1.1517741037,54.45
2024-03-20,1,54.45,-0.77,-1.4141414141,53.68
2024-03-27,1,53.68,0.63,1.1736214605,54.31
2024-04-01,1,54.31,0.57,1.0495304732,54.88
2024-04-02,1,54.88,0.41,0.7470845481,55.29
2024-04-03,1,55.29,0.37,0.6691987701,55.66
2024-04-04,1,55.66,-0.73,-1.3115343155,54.93
2024-04-05,1,54.93,0.6,1.09229929,55.53
2024-04-08,1,55.53,0.34,0.6122816496,55.87
2024-04-09,1,55.87,0.38,0.680150349,56.25
2024-04-11,1,56.25,-0.63,-1.12,55.62
2024-04-12,1,55.62,0.39,0.7011866235,56.01
2024-04-15,1,56.01,-0.64,-1.1426530977,55.37
2024-04-16,1,55.37,-0.61,-1.1016796099,54.76
2024-04-17,1,54.76,0.47,0.8582907232,55.23
2024-04-18,1,55.23,-0.79,-1.4303820387,54.44
2024-04-22,1,54.44,-0.59,-1.0837619398,53.85
2024-04-24,1,53.85,0.52,0.965645311,54.37
2024-04-25,1,54.37,-0.75,-1.3794371896,53.62
2024-05-01,1,53.62,-0.63,-1.1749347258,52.99
2024-05-07,1,52.99,0.56,1.0568031704,53.55
2024-05-08,1,53.55,0.64,1.1951447246,54.19
2024-05-14,1,54.19,0.51,0.9411330504,54.7
2024-05-15,1,54.7,-0.69,-1.2614259598,54.01
2024-05-17,1,54.01,0.58,1.0738752083,54.59
2024-05-20,1,54.59,-0.74,-1.3555596263,53.85
2024-05-21,1,53.85,0.44,0.817084494,54.29
2024-05-22,1,54.29,-0.54,-0.9946583164,53.75
2024-05-23,1,53.75,-0.73,-1.3581395349,53.02
2024-05-24,1,53.02,-0.66,-1.244813278,52.36
2024-05-27,1,52.36,0.61,1.1650114591,52.97
2024-05-28,1,52.97,0.51,0.9628091372,53.48
2024-05-29,1,53.48,0.46,0.8601346298,53.94
2024-05-30,1,53.94,-0.78,-1.446051168,53.16
