ini,symbol,from,to,expert,exposed_oos,holdout
run_BS75_test.ini,BTCUSDm,2025-06-01,2026-05-31,dshtrend\dsh_BtcSwing,True,False
run_BS75f.ini,BTCUSDm,2025-06-01,2026-05-31,dshtrend\dsh_BtcSwing,True,False
run_BS75t2.ini,BTCUSDm,2025-06-01,2026-05-31,dshtrend\dsh_BtcSwing,True,False
run_BT_btc-057.ini,BTCUSDm,2025-06-01,2026-05-31,dshtrend\dsh_TrendCore,True,False
run_BT_btc-058.ini,BTCUSDm,2025-06-01,2026-05-31,dshtrend\dsh_TrendCore,True,False
run_BT_btc-059.ini,BTCUSDm,2025-06-01,2026-05-31,dshtrend\dsh_TrendCore,True,False
run_BT_btc-106.ini,BTCUSDm,2025-06-01,2026-05-31,dshtrend\dsh_BtcSwing,True,False
run_BT_btc-107.ini,BTCUSDm,2025-06-01,2026-05-31,dshtrend\dsh_BtcSwing,True,False
run_BT_btc-108.ini,BTCUSDm,2025-06-01,2026-05-31,dshtrend\dsh_BtcSwing,True,False
run_BT_btc-109.ini,BTCUSDm,2025-06-01,2026-05-31,dshtrend\dsh_BtcSwing,True,False
run_BT_btc-112.ini,BTCUSDm,2025-06-01,2026-05-31,dshtrend\dsh_BtcSwing,True,False
run_BT_btc-113.ini,BTCUSDm,2025-06-01,2026-05-31,dshtrend\dsh_BtcSwing,True,False
run_BT_btc-114.ini,BTCUSDm,2025-06-01,2026-05-31,dshtrend\dsh_BtcSwing,True,False
run_BT_btc-115.ini,BTCUSDm,2025-06-01,2026-05-31,dshtrend\dsh_BtcSwing,True,False
run_BT_btc-116.ini,BTCUSDm,2025-06-01,2026-05-31,dshtrend\dsh_BtcSwing,True,False
run_BT_btc-118.ini,BTCUSDm,2025-06-01,2026-05-31,dshtrend\dsh_BtcSwing,True,False
run_BT_btc-123.ini,BTCUSDm,2025-06-01,2026-05-31,dshtrend\dsh_BtcSwing,True,False
run_BT_btc-125.ini,BTCUSDm,2025-06-01,2026-05-31,dshtrend\dsh_BtcSwing,True,False
run_BT_btc-133.ini,BTCUSDm,2025-06-01,2026-05-31,dshtrend\dsh_BtcSwing,True,False
run_BT_btc-134.ini,BTCUSDm,2025-06-01,2026-05-31,dshtrend\dsh_BtcSwing,True,False
run_BT_btc-135.ini,BTCUSDm,2025-06-01,2026-05-31,dshtrend\dsh_BtcSwing,True,False
run_BT_btc-139.ini,BTCUSDm,2025-06-01,2026-05-31,dshtrend\dsh_BtcSwing,True,False
run_BT_btc-140.ini,BTCUSDm,2025-06-01,2026-05-31,dshtrend\dsh_BtcSwing,True,False
run_BT_btc-141.ini,BTCUSDm,2025-06-01,2026-05-31,dshtrend\dsh_BtcSwing,True,False
run_BT_btc-142.ini,BTCUSDm,2025-06-01,2026-05-31,dshtrend\dsh_BtcSwing,True,False
run_BT_btc-145.ini,BTCUSDm,2025-06-01,2026-05-31,dshtrend\dsh_BtcSwing,True,False
run_BT_btc-146.ini,BTCUSDm,2025-06-01,2026-05-31,dshtrend\dsh_BtcSwing,True,False
run_BT_btc-148.ini,BTCUSDm,2025-06-01,2026-05-31,dshtrend\dsh_BtcSwing,True,False
run_BT_btc-149.ini,BTCUSDm,2025-06-01,2026-05-31,dshtrend\dsh_BtcSwing,True,False
run_BT_btc-150.ini,BTCUSDm,2025-06-01,2026-05-31,dshtrend\dsh_BtcSwing,True,False
run_BT_btc-151.ini,BTCUSDm,2025-06-01,2026-05-31,dshtrend\dsh_BtcSwing,True,False
run_BT_btc-152.ini,BTCUSDm,2025-06-01,2026-05-31,dshtrend\dsh_BtcSwing,True,False
run_BT_btc-153.ini,BTCUSDm,2025-06-01,2026-05-31,dshtrend\dsh_BtcSwing,True,False
run_BT_btc-156.ini,BTCUSDm,2025-06-01,2026-05-31,dshtrend\dsh_BtcSwing,True,False
run_BT_btc-157.ini,BTCUSDm,2025-06-01,2026-05-31,dshtrend\dsh_BtcSwing,True,False
run_BT_btc-158.ini,BTCUSDm,2025-06-01,2026-05-31,dshtrend\dsh_BtcSwing,True,False
run_BT_btc-160.ini,BTCUSDm,2025-06-01,2026-05-31,dshtrend\dsh_BtcSwing,True,False
run_BT_btc-163.ini,BTCUSDm,2025-06-01,2026-05-31,dshtrend\dsh_BtcSwing,True,False
run_BT_btc-165.ini,BTCUSDm,2025-06-01,2026-05-31,dshtrend\dsh_BtcSwing,True,False
run_BT_btc-166.ini,BTCUSDm,2025-06-01,2026-05-31,dshtrend\dsh_BtcSwing,True,False
run_BT_btc-168.ini,BTCUSDm,2025-06-01,2026-05-31,dshtrend\dsh_BtcSwing,True,False
run_BT_btc-169.ini,BTCUSDm,2025-06-01,2026-05-31,dshtrend\dsh_BtcSwing,True,False
run_BT_btc-172.ini,BTCUSDm,2025-06-01,2026-05-31,dshtrend\dsh_BtcSwing,True,False
run_BT_btc-173.ini,BTCUSDm,2025-06-01,2026-05-31,dshtrend\dsh_BtcSwing,True,False
run_BT_btc-174.ini,BTCUSDm,2025-06-01,2026-05-31,dshtrend\dsh_BtcSwing,True,False
run_BT_btc-175.ini,BTCUSDm,2025-06-01,2026-05-31,dshtrend\dsh_BtcSwing,True,False
run_BT_btc-180.ini,BTCUSDm,2025-06-01,2026-05-31,dshtrend\dsh_BtcSwing,True,False
run_BT_btc-181.ini,BTCUSDm,2025-06-01,2026-05-31,dshtrend\dsh_BtcSwing,True,False
run_BT_btc-183.ini,BTCUSDm,2025-06-01,2026-05-31,dshtrend\dsh_BtcSwing,True,False
run_BT_btc-184.ini,BTCUSDm,2025-06-01,2026-05-31,dshtrend\dsh_BtcSwing,True,False
run_BT_btc-188.ini,BTCUSDm,2025-06-01,2026-05-31,dshtrend\dsh_BtcSwing,True,False
run_BT_btc-193.ini,BTCUSDm,2025-06-01,2026-05-31,dshtrend\dsh_BtcSwing,True,False
run_BT_btc-195.ini,BTCUSDm,2025-06-01,2026-05-31,dshtrend\dsh_BtcSwing,True,False
run_BT_btc-196.ini,BTCUSDm,2025-06-01,2026-05-31,dshtrend\dsh_BtcSwing,True,False
run_BT_btc-197.ini,BTCUSDm,2025-06-01,2026-05-31,dshtrend\dsh_BtcSwing,True,False
run_BT_btc-198.ini,BTCUSDm,2025-06-01,2026-05-31,dshtrend\dsh_BtcSwing,True,False
run_BT_btc-199.ini,BTCUSDm,2025-06-01,2026-05-31,dshtrend\dsh_BtcSwing,True,False
run_BT_btc-203.ini,BTCUSDm,2025-06-01,2026-05-31,dshtrend\dsh_BtcSwing,True,False
run_BT_btc-204.ini,BTCUSDm,2025-06-01,2026-05-31,dshtrend\dsh_BtcSwing,True,False
run_BT_btc-205.ini,BTCUSDm,2025-06-01,2026-05-31,dshtrend\dsh_BtcSwing,True,False
run_BT_btc-206.ini,BTCUSDm,2025-06-01,2026-05-31,dshtrend\dsh_BtcSwing,True,False
run_BT_btc-210.ini,BTCUSDm,2025-06-01,2026-05-31,dshtrend\dsh_BtcSwing,True,False
run_BT_btc-211.ini,BTCUSDm,2025-06-01,2026-05-31,dshtrend\dsh_BtcSwing,True,False
run_BT_btc-212.ini,BTCUSDm,2025-06-01,2026-05-31,dshtrend\dsh_BtcSwing,True,False
run_BT_btc-213.ini,BTCUSDm,2025-06-01,2026-05-31,dshtrend\dsh_BtcSwing,True,False
run_BT_btc-216.ini,BTCUSDm,2025-06-01,2026-05-31,dshtrend\dsh_BtcSwing,True,False
run_BT_btc-217.ini,BTCUSDm,2025-06-01,2026-05-31,dshtrend\dsh_BtcSwing,True,False
run_BT_btc-218.ini,BTCUSDm,2025-06-01,2026-05-31,dshtrend\dsh_BtcSwing,True,False
run_BT_btc-219.ini,BTCUSDm,2025-06-01,2026-05-31,dshtrend\dsh_BtcSwing,True,False
run_BT_btc-220.ini,BTCUSDm,2025-06-01,2026-05-31,dshtrend\dsh_BtcSwing,True,False
run_BT_btc-221.ini,BTCUSDm,2025-06-01,2026-05-31,dshtrend\dsh_BtcSwing,True,False
run_BT_btc-225.ini,BTCUSDm,2025-06-01,2026-05-31,dshtrend\dsh_BtcSwing,True,False
run_BT_btc-226.ini,BTCUSDm,2025-06-01,2026-05-31,dshtrend\dsh_BtcSwing,True,False
run_BT_btc-229.ini,BTCUSDm,2025-06-01,2026-05-31,dshtrend\dsh_BtcSwing,True,False
run_BT_btc-231.ini,BTCUSDm,2025-06-01,2026-05-31,dshtrend\dsh_BtcSwing,True,False
run_BT_btc-234.ini,BTCUSDm,2025-06-01,2026-05-31,dshtrend\dsh_BtcSwing,True,False
run_BT_btc-237.ini,BTCUSDm,2025-06-01,2026-05-31,dshtrend\dsh_BtcSwing,True,False
run_BT_btc-244.ini,BTCUSDm,2025-06-01,2026-05-31,dshtrend\dsh_BtcSwing,True,False
run_BT_btc-247.ini,BTCUSDm,2025-06-01,2026-05-31,dshtrend\dsh_BtcSwing,True,False
run_BT_btc-250.ini,BTCUSDm,2025-06-01,2026-05-31,dshtrend\dsh_BtcSwing,True,False
run_BT_btc-255.ini,BTCUSDm,2025-06-01,2026-05-31,dshtrend\dsh_BtcSwing,True,False
run_BT_btc-258.ini,BTCUSDm,2025-06-01,2026-05-31,dshtrend\dsh_BtcSwing,True,False
run_BT_btc-260.ini,BTCUSDm,2025-06-01,2026-05-31,dshtrend\dsh_BtcSwing,True,False
run_BT_btc-262.ini,BTCUSDm,2025-06-01,2026-05-31,dshtrend\dsh_BtcSwing,True,False
run_BT_btc-266.ini,BTCUSDm,2025-06-01,2026-05-31,dshtrend\dsh_BtcSwing,True,False
run_BT_btc-270.ini,BTCUSDm,2025-06-01,2026-05-31,dshtrend\dsh_BtcSwing,True,False
run_BT_btc-272.ini,BTCUSDm,2025-06-01,2026-05-31,dshtrend\dsh_BtcSwing,True,False
run_BT_btc-276.ini,BTCUSDm,2025-06-01,2026-05-31,dshtrend\dsh_BtcSwing,True,False
run_BT_btc-283.ini,BTCUSDm,2025-06-01,2026-05-31,dshtrend\dsh_BtcSwing,True,False
run_BT_btc-286.ini,BTCUSDm,2025-06-01,2026-05-31,dshtrend\dsh_BtcSwing,True,False
run_C094_t.ini,BTCUSDm,2025-06-01,2026-05-31,dshtrend\dsh_BtcSwing,True,False
run_C099_t.ini,BTCUSDm,2025-06-01,2026-05-31,dshtrend\dsh_BtcSwing,True,False
run_C100_t.ini,BTCUSDm,2025-06-01,2026-05-31,dshtrend\dsh_BtcSwing,True,False
run_GD_gold-101.ini,XAUUSDm,2025-06-01,2026-05-31,dshtrend\dsh_BtcSwing,True,False
run_GD_gold-103.ini,XAUUSDm,2025-06-01,2026-05-31,dshtrend\dsh_BtcSwing,True,False
run_GD_gold-107.ini,XAUUSDm,2025-06-01,2026-05-31,dshtrend\dsh_BtcSwing,True,False
run_GD_gold-114.ini,XAUUSDm,2026-02-01,2026-05-31,dshtrend\dsh_BtcSwing,True,False
run_MOall_t.ini,BTCUSDm,2025-01-01,2025-12-31,dshtrend\dsh_TrendCore,True,False
run_MOlo_t.ini,BTCUSDm,2025-01-01,2025-12-31,dshtrend\dsh_TrendCore,True,False
run_OV10k_t.ini,BTCUSDm,2025-06-01,2026-05-31,dshtrend\dsh_BtcSwing,True,False
run_T48.ini,BTCUSDm,2025-06-01,2026-05-31,dshtrend\dsh_TrendCore,True,False
run_XX_jyrg-g3-w23-200.ini,USDJPYm,2023-06-01,2026-05-31,dshtrend\dsh_JPYGrid,True,False
run_XX_jyrg-g3-w23-bh.ini,USDJPYm,2023-06-01,2026-05-31,dshtrend\dsh_JPYGrid,True,False
run_att_valid_confirm1.ini,XAUUSD_HIST,2025-01-02,2026-06-30,eva028\eva028_VolumetricPulseGrid_CoreRiskV1,True,True
run_att_valid_gateoff.ini,XAUUSD_HIST,2025-01-02,2026-06-30,eva028\eva028_VolumetricPulseGrid_CoreRiskV1,True,True
run_att_valid_trendoff.ini,XAUUSD_HIST,2025-01-02,2026-06-30,eva028\eva028_VolumetricPulseGrid_CoreRiskV1,True,True
run_base_locked_valid.ini,XAUUSD_HIST,2025-01-02,2026-06-30,eva028\eva028_VolumetricPulseGrid_CoreRiskV1,True,True
run_d_k25_valid.ini,XAUUSD_HIST,2025-01-02,2026-06-30,eva028\eva028_VolumetricPulseGrid_CoreRiskV1,True,True
run_d_koff_valid.ini,XAUUSD_HIST,2025-01-02,2026-06-30,eva028\eva028_VolumetricPulseGrid_CoreRiskV1,True,True
run_v_baseline.ini,XAUUSD_HIST,2025-01-02,2026-06-30,eva028\eva028_VolumetricPulseGrid_CoreRiskV1,True,True
run_v_locked.ini,XAUUSD_HIST,2025-01-02,2026-06-30,eva028\eva028_VolumetricPulseGrid_CoreRiskV1,True,True
run_v_locked_k25.ini,XAUUSD_HIST,2025-01-02,2026-06-30,eva028\eva028_VolumetricPulseGrid_CoreRiskV1,True,True
run_v_locked_off.ini,XAUUSD_HIST,2025-01-02,2026-06-30,eva028\eva028_VolumetricPulseGrid_CoreRiskV1,True,True
