row_id,window,source_audit_file,source_ticket,signal_bar_open_time,mql_xau_bar_time,audit_xau_bar_time,timestamp_exact,xau_timestamp_exact,direction_audit,direction_mql,direction_exact,audit_ema48,mql_ema48,diff_ema48,tol_ema48,audit_residual,mql_residual,diff_residual,tol_residual,audit_sigma48,mql_sigma48,diff_sigma48,tol_sigma48,audit_z_score,mql_z_score,diff_z_score,tol_z_score,audit_atr14,mql_atr14,diff_atr14,tol_atr14,audit_atr_p20,mql_atr_p20,diff_atr_p20,tol_atr_p20,audit_atr_p80,mql_atr_p80,diff_atr_p80,tol_atr_p80,audit_xau_return,mql_xau_return,diff_xau_return,tol_xau_return,audit_xau_open,mql_xau_open,diff_xau_open,tol_xau_open,audit_xau_close,mql_xau_close,diff_xau_close,tol_xau_close,row_status
AUDIT_WINTER_3,WINTER,deepseek数据保存/执行_XAMR30/smoke/DS260914_XAMR30_SMOKE_WINTER/trades.csv,3,2023.01.03 00:30:00,2023.01.03 00:30:00,2023.01.03 00:30,1,1,long,long,1,130.864,130.8643210056,0.0003210056,0.000500000001,-0.257,-0.2573210056,0.0003210056,0.000500000001,0.168,0.1675390113,0.0004609887,0.000500000001,-1.53589,-1.5358870968,2.90319999996e-06,5.000001e-06,0.150,0.1495000000,0.0005,0.000500000001,0.122,0.1218571429,0.0001428571,0.000500000001,0.223,0.2230714286,7.14286e-05,0.000500000001,-0.000240,-0.0002397566,2.434e-07,5.00001e-07,1831.024,1831.0240000000,0,0.000500000001,1830.585,1830.5850000000,0,0.000500000001,PASS
AUDIT_WINTER_5,WINTER,deepseek数据保存/执行_XAMR30/smoke/DS260914_XAMR30_SMOKE_WINTER/trades.csv,5,2023.01.06 00:00:00,2023.01.06 00:00:00,2023.01.06 00:00,1,1,short,short,1,132.916,132.9161423621,0.000142362100007,0.000500000001,0.519,0.5188576379,0.0001423621,0.000500000001,0.321,0.3210022442,2.2442e-06,0.000500000001,1.61637,1.6163676340,2.36600000014e-06,5.000001e-06,0.144,0.1437142857,0.0002857143,0.000500000001,0.122,0.1218571429,0.0001428571,0.000500000001,0.252,0.2517142857,0.0002857143,0.000500000001,0.000211,0.0002106067,3.933e-07,5.00001e-07,1832.800,1832.8000000000,0,0.000500000001,1833.186,1833.1860000000,0,0.000500000001,PASS
AUDIT_WINTER_7,WINTER,deepseek数据保存/执行_XAMR30/smoke/DS260914_XAMR30_SMOKE_WINTER/trades.csv,7,2023.01.11 02:30:00,2023.01.11 02:30:00,2023.01.11 02:30,1,1,short,short,1,132.152,132.1524211939,0.000421193900024,0.000500000001,0.402,0.4015788061,0.0004211939,0.000500000001,0.148,0.1477508985,0.0002491015,0.000500000001,2.71794,2.7179449342,4.93420000014e-06,5.000001e-06,0.159,0.1589285714,7.14286e-05,0.000500000001,0.150,0.1497142857,0.0002857143,0.000500000001,0.266,0.2661428571,0.0001428571,0.000500000001,0.000189,0.0001888424,1.576e-07,5.00001e-07,1874.579,1874.5790000000,0,0.000500000001,1874.933,1874.9330000000,0,0.000500000001,PASS
AUDIT_WINTER_9,WINTER,deepseek数据保存/执行_XAMR30/smoke/DS260914_XAMR30_SMOKE_WINTER/trades.csv,9,2023.01.11 23:30:00,2023.01.11 23:30:00,2023.01.11 23:30,1,1,long,long,1,132.376,132.3757841151,0.000215884900001,0.000500000001,-0.486,-0.4857841151,0.0002158849,0.000500000001,0.168,0.1682510776,0.0002510776,0.000500000001,-2.88726,-2.8872570804,2.91959999998e-06,5.000001e-06,0.188,0.1879285714,7.14286e-05,0.000500000001,0.158,0.1581428571,0.0001428571,0.000500000001,0.266,0.2661428571,0.0001428571,0.000500000001,-0.000176,-0.0001757873,2.127e-07,5.00001e-07,1877.269,1877.2690000000,0,0.000500000001,1876.939,1876.9390000000,0,0.000500000001,PASS
AUDIT_WINTER_11,WINTER,deepseek数据保存/执行_XAMR30/smoke/DS260914_XAMR30_SMOKE_WINTER/trades.csv,11,2023.01.13 00:30:00,2023.01.13 00:30:00,2023.01.13 00:30,1,1,long,long,1,130.260,130.2601435754,0.000143575400017,0.000500000001,-1.043,-1.0431435754,0.0001435754,0.000500000001,0.473,0.4734658197,0.0004658197,0.000500000001,-2.20321,-2.2032077753,2.22469999978e-06,5.000001e-06,0.246,0.2457857143,0.0002142857,0.000500000001,0.164,0.1638571429,0.0001428571,0.000500000001,0.277,0.2770714286,7.14286e-05,0.000500000001,-0.000851,-0.0008511915,1.915e-07,5.00001e-07,1899.690,1899.6900000000,0,0.000500000001,1898.073,1898.0730000000,0,0.000500000001,PASS
AUDIT_WINTER_13,WINTER,deepseek数据保存/执行_XAMR30/smoke/DS260914_XAMR30_SMOKE_WINTER/trades.csv,13,2023.01.16 03:00:00,2023.01.16 03:00:00,2023.01.16 03:00,1,1,long,long,1,128.219,128.2185913361,0.000408663900004,0.000500000001,-0.777,-0.7765913361,0.0004086639,0.000500000001,0.270,0.2695253058,0.0004746942,0.000500000001,-2.88133,-2.8813299508,4.9200000074e-08,5.000001e-06,0.227,0.2271428571,0.0001428571,0.000500000001,0.168,0.1680000000,0,0.000500000001,0.290,0.2900714286,7.14286e-05,0.000500000001,-0.001855,-0.0018549422,5.78000000002e-08,5.00001e-07,1928.362,1928.3620000000,0,0.000500000001,1924.785,1924.7850000000,0,0.000500000001,PASS
AUDIT_WINTER_15,WINTER,deepseek数据保存/执行_XAMR30/smoke/DS260914_XAMR30_SMOKE_WINTER/trades.csv,15,2023.01.17 07:00:00,2023.01.17 07:00:00,2023.01.17 07:00,1,1,short,short,1,128.541,128.5413331054,0.000333105400017,0.000500000001,0.337,0.3366668946,0.0003331054,0.000500000001,0.173,0.1734628054,0.0004628054,0.000500000001,1.94086,1.9408592738,7.26200000134e-07,5.000001e-06,0.234,0.2340000000,0,0.000500000001,0.179,0.1792857143,0.0002857143,0.000500000001,0.296,0.2957857143,0.0002142857,0.000500000001,0.000681,0.0006810914,9.14000000001e-08,5.00001e-07,1907.233,1907.2330000000,0,0.000500000001,1908.532,1908.5320000000,0,0.000500000001,PASS
AUDIT_WINTER_17,WINTER,deepseek数据保存/执行_XAMR30/smoke/DS260914_XAMR30_SMOKE_WINTER/trades.csv,17,2023.01.20 06:00:00,2023.01.20 06:00:00,2023.01.20 06:00,1,1,short,short,1,128.644,128.6443010398,0.000301039800007,0.000500000001,0.444,0.4436989602,0.0003010398,0.000500000001,0.269,0.2687125196,0.0002874804,0.000500000001,1.65120,1.6512031552,3.15519999994e-06,5.000001e-06,0.177,0.1770714286,7.14286e-05,0.000500000001,0.176,0.1757857143,0.0002142857,0.000500000001,0.293,0.2934285714,0.0004285714,0.000500000001,0.000105,0.0001052959,2.959e-07,5.00001e-07,1927.901,1927.9010000000,0,0.000500000001,1928.104,1928.1040000000,0,0.000500000001,PASS
AUDIT_WINTER_19,WINTER,deepseek数据保存/执行_XAMR30/smoke/DS260914_XAMR30_SMOKE_WINTER/trades.csv,19,2023.01.23 15:00:00,2023.01.23 15:00:00,2023.01.23 15:00,1,1,short,short,1,129.867,129.8672471877,0.000247187700012,0.000500000001,0.696,0.6957528123,0.0002471877,0.000500000001,0.305,0.3049625702,3.74298e-05,0.000500000001,2.28144,2.2814367410,3.25900000009e-06,5.000001e-06,0.238,0.2377857143,0.0002142857,0.000500000001,0.177,0.1774285714,0.0004285714,0.000500000001,0.285,0.2847857143,0.0002142857,0.000500000001,0.000614,0.0006140824,8.24e-08,5.00001e-07,1916.681,1916.6810000000,0,0.000500000001,1917.858,1917.8580000000,0,0.000500000001,PASS
AUDIT_WINTER_21,WINTER,deepseek数据保存/执行_XAMR30/smoke/DS260914_XAMR30_SMOKE_WINTER/trades.csv,21,2023.01.25 09:30:00,2023.01.25 09:30:00,2023.01.25 09:30,1,1,long,long,1,130.245,130.2447013302,0.000298669800003,0.000500000001,-0.400,-0.3997013302,0.0002986698,0.000500000001,0.182,0.1816748048,0.0003251952,0.000500000001,-2.20009,-2.2000922513,2.2513000002e-06,5.000001e-06,0.180,0.1797142857,0.0002857143,0.000500000001,0.166,0.1656428571,0.0003571429,0.000500000001,0.290,0.2895714286,0.0004285714,0.000500000001,-0.000928,-0.0009281413,1.413e-07,5.00001e-07,1929.663,1929.6630000000,0,0.000500000001,1927.872,1927.8720000000,0,0.000500000001,PASS
AUDIT_WINTER_23,WINTER,deepseek数据保存/执行_XAMR30/smoke/DS260914_XAMR30_SMOKE_WINTER/trades.csv,23,2023.01.26 04:00:00,2023.01.26 04:00:00,2023.01.26 04:00,1,1,long,long,1,129.628,129.6284171646,0.000417164600009,0.000500000001,-0.563,-0.5634171646,0.0004171646,0.000500000001,0.233,0.2333881954,0.0003881954,0.000500000001,-2.41408,-2.4140773856,2.6143999996e-06,5.000001e-06,0.178,0.1780714286,7.14286e-05,0.000500000001,0.167,0.1667857143,0.0002142857,0.000500000001,0.290,0.2895714286,0.0004285714,0.000500000001,-0.000538,-0.0005375640,4.36e-07,5.00001e-07,1947.675,1947.6750000000,0,0.000500000001,1946.628,1946.6280000000,0,0.000500000001,PASS
AUDIT_WINTER_25,WINTER,deepseek数据保存/执行_XAMR30/smoke/DS260914_XAMR30_SMOKE_WINTER/trades.csv,25,2023.01.30 05:00:00,2023.01.30 05:00:00,2023.01.30 05:00,1,1,long,long,1,129.890,129.8898894738,0.00011052619999,0.000500000001,-0.262,-0.2618894738,0.0001105262,0.000500000001,0.138,0.1382832059,0.0002832059,0.000500000001,-1.89386,-1.8938631926,3.19259999992e-06,5.000001e-06,0.212,0.2119285714,7.14286e-05,0.000500000001,0.156,0.1562142857,0.0002142857,0.000500000001,0.266,0.2660714286,7.14286e-05,0.000500000001,-0.000468,-0.0004680919,9.19e-08,5.00001e-07,1933.381,1933.3810000000,0,0.000500000001,1932.476,1932.4760000000,0,0.000500000001,PASS
AUDIT_DSTTR_3,DSTTR,deepseek数据保存/执行_XAMR30/smoke/DS260914_XAMR30_SMOKE_DSTTR/trades.csv,3,2023.03.20 06:30:00,2023.03.20 06:30:00,2023.03.20 06:30,1,1,long,long,1,132.226,132.2258224945,0.000177505500005,0.000500000001,-1.124,-1.1238224945,0.0001775055,0.000500000001,0.318,0.3179246956,7.53044e-05,0.000500000001,-3.53487,-3.5348700811,8.10999996048e-08,5.000001e-06,0.262,0.2620000000,0,0.000500000001,0.147,0.1474285714,0.0004285714,0.000500000001,0.326,0.3262142857,0.0002142857,0.000500000001,-0.000721,-0.0007205885,4.115e-07,5.00001e-07,1990.040,1990.0400000000,0,0.000500000001,1988.606,1988.6060000000,0,0.000500000001,PASS
AUDIT_DSTTR_5,DSTTR,deepseek数据保存/执行_XAMR30/smoke/DS260914_XAMR30_SMOKE_DSTTR/trades.csv,5,2023.03.21 09:00:00,2023.03.21 09:00:00,2023.03.21 09:00,1,1,short,short,1,131.571,131.5711287081,0.000128708099993,0.000500000001,0.645,0.6448712919,0.0001287081,0.000500000001,0.312,0.3116029910,0.000397009,0.000500000001,2.06953,2.0695285684,1.43159999988e-06,5.000001e-06,0.190,0.1905000000,0.0005,0.000500000001,0.155,0.1551428571,0.0001428571,0.000500000001,0.341,0.3405000000,0.0005,0.000500000001,0.000548,0.0005482470,2.47e-07,5.00001e-07,1966.267,1966.2670000000,0,0.000500000001,1967.345,1967.3450000000,0,0.000500000001,PASS
AUDIT_DSTTR_7,DSTTR,deepseek数据保存/执行_XAMR30/smoke/DS260914_XAMR30_SMOKE_DSTTR/trades.csv,7,2023.03.22 07:30:00,2023.03.22 07:30:00,2023.03.22 07:30,1,1,short,short,1,132.279,132.2787605068,0.000239493199985,0.000500000001,0.312,0.3122394932,0.0002394932,0.000500000001,0.179,0.1792420477,0.0002420477,0.000500000001,1.74200,1.7419991414,8.58599999987e-07,5.000001e-06,0.167,0.1666428571,0.0003571429,0.000500000001,0.160,0.1599285714,7.14286e-05,0.000500000001,0.341,0.3405000000,0.0005,0.000500000001,0.001960,0.0019602313,2.313e-07,5.00001e-07,1935.996,1935.9960000000,0,0.000500000001,1939.791,1939.7910000000,0,0.000500000001,PASS
AUDIT_DSTTR_9,DSTTR,deepseek数据保存/执行_XAMR30/smoke/DS260914_XAMR30_SMOKE_DSTTR/trades.csv,9,2023.03.23 01:00:00,2023.03.23 01:00:00,2023.03.23 01:00,1,1,long,long,1,131.920,131.9197099765,0.000290023499986,0.000500000001,-1.023,-1.0227099765,0.0002900235,0.000500000001,0.535,0.5353912117,0.0003912117,0.000500000001,-1.91021,-1.9102106165,6.16499999939e-07,5.000001e-06,0.293,0.2930714286,7.14286e-05,0.000500000001,0.171,0.1710714286,7.14286e-05,0.000500000001,0.341,0.3405000000,0.0005,0.000500000001,-0.001684,-0.0016843610,3.61e-07,5.00001e-07,1972.855,1972.8550000000,0,0.000500000001,1969.532,1969.5320000000,0,0.000500000001,PASS
AUDIT_DSTTR_11,DSTTR,deepseek数据保存/执行_XAMR30/smoke/DS260914_XAMR30_SMOKE_DSTTR/trades.csv,11,2023.03.24 01:00:00,2023.03.24 01:00:00,2023.03.24 01:00,1,1,long,long,1,130.979,130.9793897860,0.000389786,0.000500000001,-0.623,-0.6233897860,0.000389786,0.000500000001,0.340,0.3401165072,0.0001165072,0.000500000001,-1.83287,-1.8328713040,1.30399999998e-06,5.000001e-06,0.239,0.2385714286,0.0004285714,0.000500000001,0.182,0.1815714286,0.0004285714,0.000500000001,0.341,0.3405000000,0.0005,0.000500000001,-0.000770,-0.0007704176,4.176e-07,5.00001e-07,1993.724,1993.7240000000,0,0.000500000001,1992.188,1992.1880000000,0,0.000500000001,PASS
AUDIT_DSTTR_13,DSTTR,deepseek数据保存/执行_XAMR30/smoke/DS260914_XAMR30_SMOKE_DSTTR/trades.csv,13,2023.03.27 06:30:00,2023.03.27 06:30:00,2023.03.27 06:30,1,1,short,short,1,130.700,130.6999416147,5.83852999796e-05,0.000500000001,0.564,0.5640583853,5.83853e-05,0.000500000001,0.332,0.3315377699,0.0004622301,0.000500000001,1.70134,1.7013397461,2.53900000136e-07,5.000001e-06,0.193,0.1930000000,0,0.000500000001,0.177,0.1767142857,0.0002857143,0.000500000001,0.329,0.3286428571,0.0003571429,0.000500000001,0.000837,0.0008373733,3.733e-07,5.00001e-07,1968.059,1968.0590000000,0,0.000500000001,1969.707,1969.7070000000,0,0.000500000001,PASS
AUDIT_DSTTR_15,DSTTR,deepseek数据保存/执行_XAMR30/smoke/DS260914_XAMR30_SMOKE_DSTTR/trades.csv,15,2023.03.29 05:00:00,2023.03.29 05:00:00,2023.03.29 05:00,1,1,short,short,1,131.174,131.1744705091,0.000470509099983,0.000500000001,0.533,0.5325294909,0.0004705091,0.000500000001,0.291,0.2910560630,5.6063e-05,0.000500000001,1.82965,1.8296457574,4.24259999998e-06,5.000001e-06,0.188,0.1875714286,0.0004285714,0.000500000001,0.165,0.1651428571,0.0001428571,0.000500000001,0.293,0.2930714286,7.14286e-05,0.000500000001,0.000101,0.0001012123,2.123e-07,5.00001e-07,1966.164,1966.1640000000,0,0.000500000001,1966.363,1966.3630000000,0,0.000500000001,PASS
AUDIT_DSTTR_17,DSTTR,deepseek数据保存/执行_XAMR30/smoke/DS260914_XAMR30_SMOKE_DSTTR/trades.csv,17,2023.03.31 00:30:00,2023.03.31 00:30:00,2023.03.31 00:30,1,1,short,short,1,132.636,132.6364401299,0.000440129899999,0.000500000001,0.600,0.5995598701,0.0004401299,0.000500000001,0.178,0.1784962583,0.0004962583,0.000500000001,3.35895,3.3589492344,7.65600000285e-07,5.000001e-06,0.165,0.1646428571,0.0003571429,0.000500000001,0.157,0.1572857143,0.0002857143,0.000500000001,0.250,0.2497142857,0.0002857143,0.000500000001,0.000390,0.0003901206,1.206e-07,5.00001e-07,1978.875,1978.8750000000,0,0.000500000001,1979.647,1979.6470000000,0,0.000500000001,PASS
AUDIT_DSTTR_19,DSTTR,deepseek数据保存/执行_XAMR30/smoke/DS260914_XAMR30_SMOKE_DSTTR/trades.csv,19,2023.04.03 04:30:00,2023.04.03 04:30:00,2023.04.03 04:30,1,1,short,short,1,133.063,133.0630948746,9.48746000233e-05,0.000500000001,0.402,0.4019051254,9.48746e-05,0.000500000001,0.226,0.2255442206,0.0004557794,0.000500000001,1.78193,1.7819349318,4.93179999994e-06,5.000001e-06,0.199,0.1992142857,0.0002142857,0.000500000001,0.158,0.1582142857,0.0002142857,0.000500000001,0.238,0.2382142857,0.0002142857,0.000500000001,0.000623,0.0006226535,3.465e-07,5.00001e-07,1951.326,1951.3260000000,0,0.000500000001,1952.541,1952.5410000000,0,0.000500000001,PASS
AUDIT_DSTTR_21,DSTTR,deepseek数据保存/执行_XAMR30/smoke/DS260914_XAMR30_SMOKE_DSTTR/trades.csv,21,2023.04.04 20:00:00,2023.04.04 20:00:00,2023.04.04 20:00,1,1,long,long,1,132.321,132.3208352124,0.000164787599999,0.000500000001,-0.654,-0.6538352124,0.0001647876,0.000500000001,0.407,0.4070565293,5.65293000001e-05,0.000500000001,-1.60625,-1.6062516269,1.62690000005e-06,5.000001e-06,0.192,0.1919285714,7.14286e-05,0.000500000001,0.157,0.1569285714,7.14286e-05,0.000500000001,0.227,0.2272857143,0.0002857143,0.000500000001,-0.000205,-0.0002052626,2.626e-07,5.00001e-07,2021.800,2021.8000000000,0,0.000500000001,2021.385,2021.3850000000,0,0.000500000001,PASS
AUDIT_SUMMER_3,SUMMER,deepseek数据保存/执行_XAMR30/smoke/DS260914_XAMR30_SMOKE_SUMMER/trades.csv,3,2023.07.03 08:00:00,2023.07.03 08:00:00,2023.07.03 08:00,1,1,short,short,1,144.543,144.5428367120,0.00016328800001,0.000500000001,0.296,0.2961632880,0.000163288,0.000500000001,0.172,0.1720306243,3.06243e-05,0.000500000001,1.72157,1.7215730582,3.05819999991e-06,5.000001e-06,0.134,0.1335714286,0.0004285714,0.000500000001,0.108,0.1080000000,0,0.000500000001,0.176,0.1759285714,7.14286e-05,0.000500000001,0.000178,0.0001783328,3.328e-07,5.00001e-07,1912.155,1912.1550000000,0,0.000500000001,1912.496,1912.4960000000,0,0.000500000001,PASS
AUDIT_SUMMER_5,SUMMER,deepseek数据保存/执行_XAMR30/smoke/DS260914_XAMR30_SMOKE_SUMMER/trades.csv,5,2023.07.05 10:30:00,2023.07.05 10:30:00,2023.07.05 10:30,1,1,long,long,1,144.469,144.4693890378,0.000389037800005,0.000500000001,-0.236,-0.2363890378,0.0003890378,0.000500000001,0.106,0.1064647762,0.0004647762,0.000500000001,-2.22035,-2.2203497359,2.64099999647e-07,5.000001e-06,0.133,0.1326428571,0.0003571429,0.000500000001,0.097,0.0973571429,0.0003571429,0.000500000001,0.168,0.1681428571,0.0001428571,0.000500000001,-0.000637,-0.0006372835,2.835e-07,5.00001e-07,1928.498,1928.4980000000,0,0.000500000001,1927.269,1927.2690000000,0,0.000500000001,PASS
AUDIT_SUMMER_7,SUMMER,deepseek数据保存/执行_XAMR30/smoke/DS260914_XAMR30_SMOKE_SUMMER/trades.csv,7,2023.07.06 02:30:00,2023.07.06 02:30:00,2023.07.06 02:30,1,1,long,long,1,144.470,144.4698455881,0.000154411900013,0.000500000001,-0.232,-0.2318455881,0.0001544119,0.000500000001,0.134,0.1336747978,0.0003252022,0.000500000001,-1.73440,-1.7344001412,1.41200000137e-07,5.000001e-06,0.123,0.1227857143,0.0002142857,0.000500000001,0.096,0.0963571429,0.0003571429,0.000500000001,0.167,0.1665714286,0.0004285714,0.000500000001,-0.000445,-0.0004448945,1.055e-07,5.00001e-07,1919.556,1919.5560000000,0,0.000500000001,1918.702,1918.7020000000,0,0.000500000001,PASS
AUDIT_SUMMER_9,SUMMER,deepseek数据保存/执行_XAMR30/smoke/DS260914_XAMR30_SMOKE_SUMMER/trades.csv,9,2023.07.07 06:30:00,2023.07.07 06:30:00,2023.07.07 06:30,1,1,long,long,1,143.980,143.9800547705,5.47705000145e-05,0.000500000001,-0.583,-0.5830547705,5.47705e-05,0.000500000001,0.181,0.1806803843,0.0003196157,0.000500000001,-3.22700,-3.2269954073,4.59269999986e-06,5.000001e-06,0.143,0.1429285714,7.14286e-05,0.000500000001,0.095,0.0955000000,0.0005,0.000500000001,0.170,0.1697142857,0.0002857143,0.000500000001,-0.000653,-0.0006534207,4.207e-07,5.00001e-07,1914.540,1914.5400000000,0,0.000500000001,1913.289,1913.2890000000,0,0.000500000001,PASS
AUDIT_SUMMER_11,SUMMER,deepseek数据保存/执行_XAMR30/smoke/DS260914_XAMR30_SMOKE_SUMMER/trades.csv,11,2023.07.10 19:00:00,2023.07.10 19:00:00,2023.07.10 19:00,1,1,long,long,1,142.131,142.1312097367,0.000209736699986,0.000500000001,-0.827,-0.8272097367,0.0002097367,0.000500000001,0.356,0.3561951691,0.0001951691,0.000500000001,-2.32235,-2.3223496789,3.21099999923e-07,5.000001e-06,0.158,0.1580000000,0,0.000500000001,0.094,0.0936428571,0.0003571429,0.000500000001,0.177,0.1766428571,0.0003571429,0.000500000001,-0.000058,-0.0000581590,1.59e-07,5.00001e-07,1925.754,1925.7540000000,0,0.000500000001,1925.642,1925.6420000000,0,0.000500000001,PASS
AUDIT_SUMMER_13,SUMMER,deepseek数据保存/执行_XAMR30/smoke/DS260914_XAMR30_SMOKE_SUMMER/trades.csv,13,2023.07.11 01:30:00,2023.07.11 01:30:00,2023.07.11 01:30,1,1,long,long,1,141.761,141.7612246284,0.000224628399991,0.000500000001,-0.695,-0.6952246284,0.0002246284,0.000500000001,0.342,0.3422209325,0.0002209325,0.000500000001,-2.03151,-2.0315081937,1.8062999998e-06,5.000001e-06,0.120,0.1197142857,0.0002857143,0.000500000001,0.093,0.0925714286,0.0004285714,0.000500000001,0.177,0.1765714286,0.0004285714,0.000500000001,-0.000681,-0.0006814397,4.397e-07,5.00001e-07,1926.803,1926.8030000000,0,0.000500000001,1925.490,1925.4900000000,0,0.000500000001,PASS
AUDIT_SUMMER_15,SUMMER,deepseek数据保存/执行_XAMR30/smoke/DS260914_XAMR30_SMOKE_SUMMER/trades.csv,15,2023.07.12 02:30:00,2023.07.12 02:30:00,2023.07.12 02:30,1,1,long,long,1,140.404,140.4035958080,0.000404191999991,0.000500000001,-0.814,-0.8135958080,0.000404192,0.000500000001,0.218,0.2177460958,0.0002539042,0.000500000001,-3.73644,-3.7364426908,2.69080000015e-06,5.000001e-06,0.180,0.1803571429,0.0003571429,0.000500000001,0.094,0.0939285714,7.14286e-05,0.000500000001,0.182,0.1819285714,7.14286e-05,0.000500000001,-0.000073,-0.0000726732,3.268e-07,5.00001e-07,1940.193,1940.1930000000,0,0.000500000001,1940.052,1940.0520000000,0,0.000500000001,PASS
AUDIT_SUMMER_17,SUMMER,deepseek数据保存/执行_XAMR30/smoke/DS260914_XAMR30_SMOKE_SUMMER/trades.csv,17,2023.07.13 00:00:00,2023.07.13 00:00:00,2023.07.13 00:00,1,1,long,long,1,138.987,138.9872925224,0.000292522400002,0.000500000001,-0.764,-0.7642925224,0.0002925224,0.000500000001,0.263,0.2628477323,0.0001522677,0.000500000001,-2.90774,-2.9077386956,1.30440000001e-06,5.000001e-06,0.126,0.1255000000,0.0005,0.000500000001,0.096,0.0959285714,7.14286e-05,0.000500000001,0.189,0.1885000000,0.0005,0.000500000001,-0.000208,-0.0002078955,1.045e-07,5.00001e-07,1957.714,1957.7140000000,0,0.000500000001,1957.307,1957.3070000000,0,0.000500000001,PASS
AUDIT_SUMMER_19,SUMMER,deepseek数据保存/执行_XAMR30/smoke/DS260914_XAMR30_SMOKE_SUMMER/trades.csv,19,2023.07.13 23:30:00,2023.07.13 23:30:00,2023.07.13 23:30,1,1,long,long,1,138.302,138.3023846157,0.0003846157,0.000500000001,-0.240,-0.2403846157,0.0003846157,0.000500000001,0.138,0.1382421461,0.0002421461,0.000500000001,-1.73887,-1.7388663475,3.65250000001e-06,5.000001e-06,0.110,0.1102857143,0.0002857143,0.000500000001,0.096,0.0959285714,7.14286e-05,0.000500000001,0.200,0.2001428571,0.0001428571,0.000500000001,-0.000437,-0.0004365142,4.858e-07,5.00001e-07,1960.990,1960.9900000000,0,0.000500000001,1960.134,1960.1340000000,0,0.000500000001,PASS
AUDIT_SUMMER_21,SUMMER,deepseek数据保存/执行_XAMR30/smoke/DS260914_XAMR30_SMOKE_SUMMER/trades.csv,21,2023.07.19 02:30:00,2023.07.19 02:30:00,2023.07.19 02:30,1,1,short,short,1,138.781,138.7811820309,0.000182030899992,0.000500000001,0.465,0.4648179691,0.0001820309,0.000500000001,0.282,0.2824958844,0.0004958844,0.000500000001,1.64540,1.6453973126,2.68739999987e-06,5.000001e-06,0.141,0.1415000000,0.0005,0.000500000001,0.112,0.1122857143,0.0002857143,0.000500000001,0.221,0.2212857143,0.0002857143,0.000500000001,0.000961,0.0009612458,2.458e-07,5.00001e-07,1974.521,1974.5210000000,0,0.000500000001,1976.419,1976.4190000000,0,0.000500000001,PASS
AUDIT_SUMMER_23,SUMMER,deepseek数据保存/执行_XAMR30/smoke/DS260914_XAMR30_SMOKE_SUMMER/trades.csv,23,2023.07.20 13:00:00,2023.07.20 13:00:00,2023.07.20 13:00,1,1,short,short,1,139.477,139.4773594270,0.000359427000006,0.000500000001,0.331,0.3306405730,0.000359427,0.000500000001,0.206,0.2055814108,0.0004185892,0.000500000001,1.60832,1.6083194082,5.91799999894e-07,5.000001e-06,0.198,0.1979285714,7.14286e-05,0.000500000001,0.127,0.1271428571,0.0001428571,0.000500000001,0.222,0.2217857143,0.0002142857,0.000500000001,0.002583,0.0025831756,1.756e-07,5.00001e-07,1973.927,1973.9270000000,0,0.000500000001,1979.026,1979.0260000000,0,0.000500000001,PASS
AUDIT_SUMMER_25,SUMMER,deepseek数据保存/执行_XAMR30/smoke/DS260914_XAMR30_SMOKE_SUMMER/trades.csv,25,2023.07.21 16:30:00,2023.07.21 16:30:00,2023.07.21 16:30,1,1,short,short,1,140.900,140.8995922227,0.000407777300012,0.000500000001,0.768,0.7684077773,0.0004077773,0.000500000001,0.484,0.4842737711,0.0002737711,0.000500000001,1.58672,1.5867218568,1.8568000002e-06,5.000001e-06,0.223,0.2225000000,0.0005,0.000500000001,0.131,0.1310714286,7.14286e-05,0.000500000001,0.224,0.2238571429,0.0001428571,0.000500000001,0.000672,0.0006717002,2.998e-07,5.00001e-07,1962.185,1962.1850000000,0,0.000500000001,1963.503,1963.5030000000,0,0.000500000001,PASS
AUDIT_SUMMER_27,SUMMER,deepseek数据保存/执行_XAMR30/smoke/DS260914_XAMR30_SMOKE_SUMMER/trades.csv,27,2023.07.25 16:00:00,2023.07.25 16:00:00,2023.07.25 16:00,1,1,long,long,1,141.322,141.3223937013,0.000393701299998,0.000500000001,-0.378,-0.3783937013,0.0003937013,0.000500000001,0.131,0.1310208287,2.08287e-05,0.000500000001,-2.88804,-2.8880423440,2.34399999988e-06,5.000001e-06,0.214,0.2137142857,0.0002857143,0.000500000001,0.127,0.1273571429,0.0003571429,0.000500000001,0.221,0.2215000000,0.0005,0.000500000001,-0.000409,-0.0004093220,3.22e-07,5.00001e-07,1964.224,1964.2240000000,0,0.000500000001,1963.420,1963.4200000000,0,0.000500000001,PASS
AUDIT_SUMMER_29,SUMMER,deepseek数据保存/执行_XAMR30/smoke/DS260914_XAMR30_SMOKE_SUMMER/trades.csv,29,2023.07.26 06:30:00,2023.07.26 06:30:00,2023.07.26 06:30,1,1,long,long,1,141.073,141.0731926411,0.0001926411,0.000500000001,-0.383,-0.3831926411,0.0001926411,0.000500000001,0.154,0.1541726017,0.0001726017,0.000500000001,-2.48548,-2.4854782031,1.79689999991e-06,5.000001e-06,0.127,0.1274285714,0.0004285714,0.000500000001,0.122,0.1220714286,7.14286e-05,0.000500000001,0.221,0.2205000000,0.0005,0.000500000001,-0.000156,-0.0001558508,1.492e-07,5.00001e-07,1969.833,1969.8330000000,0,0.000500000001,1969.526,1969.5260000000,0,0.000500000001,PASS
AUDIT_SUMMER_31,SUMMER,deepseek数据保存/执行_XAMR30/smoke/DS260914_XAMR30_SMOKE_SUMMER/trades.csv,31,2023.07.27 02:30:00,2023.07.27 02:30:00,2023.07.27 02:30,1,1,long,long,1,140.407,140.4073057049,0.000305704900001,0.000500000001,-0.704,-0.7043057049,0.0003057049,0.000500000001,0.208,0.2080706177,7.06177e-05,0.000500000001,-3.38494,-3.3849359065,4.09349999986e-06,5.000001e-06,0.196,0.1955000000,0.0005,0.000500000001,0.126,0.1255000000,0.0005,0.000500000001,0.220,0.2205000000,0.0005,0.000500000001,-0.000491,-0.0004908702,1.298e-07,5.00001e-07,1980.157,1980.1570000000,0,0.000500000001,1979.185,1979.1850000000,0,0.000500000001,PASS
