window,sample_type,row_id,timestamp,mql_status,py_ema48,mql_ema48,diff_ema48,py_residual,mql_residual,diff_residual,py_sigma48,mql_sigma48,diff_sigma48,py_atr14,mql_atr14,diff_atr14,py_atr_p20,mql_atr_p20,diff_atr_p20,py_atr_p80,mql_atr_p80,diff_atr_p80,py_z_score,mql_z_score,diff_z_score,py_xau_return,mql_xau_return,diff_xau_return,py_xau_bar_time,mql_xau_bar_time,py_xau_open,mql_xau_open,py_xau_close,mql_xau_close,py_atr_sma14_diagnostic,mql_atr14_minus_sma14,py_v1_candidate,mql_v1_candidate,py_v3_candidate,mql_v3_candidate,py_direction,mql_direction,py_atr_regime_pass,mql_atr_regime_pass,py_xau_filter_pass,mql_xau_filter_pass,row_status
WINTER,control,WINTER_K_01,2023.01.02 23:00:00,PASS,130.887699084,130.887699084,1.1027623259e-11,-0.024699083889,-0.0246990839,1.10242058537e-11,0.184978669043,0.184978669,4.32205937706e-11,0.125834693983,0.106,0.0198346939827,0.125314601353,0.1222142857,0.00310031565317,0.225758250231,0.2230714286,0.00268682163071,-0.133523957204,-0.1335239572,3.97798460838e-12,0.00107668918623,0.0010766892,1.37711704019e-11,2023.01.02 23:00:00,2023.01.02 23:00:00,1825.968,1825.9680000000,1827.934,1827.9340000000,0.106,4.69069227904e-15,0,0,0,0,long,long,1,0,0,0,FAIL:atr14_mismatch;atr_p20_mismatch;atr_p80_mismatch;atr_regime_pass_mismatch
WINTER,candidate,WINTER_C_01,2023.01.03 00:30:00,PASS,130.864321006,130.864321006,1.04591890704e-11,-0.25732100559,-0.2573210056,1.04541375556e-11,0.16753901125,0.1675390113,4.95299357084e-11,0.148814439752,0.1495,0.000685560247826,0.125314601353,0.1218571429,0.00345745845317,0.225758250231,0.2230714286,0.00268682163071,-1.5358870968,-1.5358870968,4.06585876078e-12,-0.000239756551525,-0.0002397566,4.84748057395e-11,2023.01.03 00:30:00,2023.01.03 00:30:00,1831.024,1831.0240000000,1830.585,1830.5850000000,0.1495,3.30291349826e-15,1,1,0,0,long,long,1,1,1,1,FAIL:atr14_mismatch;atr_p20_mismatch;atr_p80_mismatch
WINTER,candidate,WINTER_C_02,2023.01.04 15:30:00,PASS,130.774543651,130.774543651,1.09992015496e-11,1.23545634909,1.2354563491,1.10083053784e-11,0.281602579567,0.2816025796,3.26532689776e-11,0.297224154607,0.2825714286,0.0146527260069,0.125314601353,0.1218571429,0.00345745845317,0.233648671563,0.2361428571,0.00249418553693,4.38723377814,4.3872337781,3.91873200556e-11,0.00081240632815,0.0008124063,2.81496063438e-11,2023.01.04 15:30:00,2023.01.04 15:30:00,1856.214,1856.2140000000,1857.722,1857.7220000000,0.282571428571,2.8574254074e-11,1,1,1,1,short,short,0,0,1,1,FAIL:atr14_mismatch;atr_p20_mismatch;atr_p80_mismatch
WINTER,control,WINTER_K_02,2023.01.05 03:30:00,PASS,131.713372011,131.713372011,4.66968685942e-11,0.628627989047,0.628627989,4.67198502108e-11,0.626707928654,0.6267079287,4.55300241953e-11,0.249521658688,0.2265,0.0230216586877,0.125314601353,0.1218571429,0.00345745845317,0.233310978184,0.2361428571,0.0028318789165,1.00306372443,1.0030637244,3.12070369546e-11,-0.0007483754645,-0.0007483755,3.55004267085e-11,2023.01.05 03:30:00,2023.01.05 03:30:00,1854.684,1854.6840000000,1853.296,1853.2960000000,0.2265,3.49720252757e-15,0,0,0,0,short,short,0,1,0,0,FAIL:atr14_mismatch;atr_p20_mismatch;atr_p80_mismatch;atr_regime_pass_mismatch
WINTER,candidate,WINTER_C_03,2023.01.05 14:30:00,PASS,132.367105443,132.367105443,4.64979166281e-11,1.37389455675,1.3738945567,4.65065763677e-11,0.404760772411,0.4047607724,1.07467368338e-11,0.277155697036,0.2864285714,0.00927287436421,0.125314601353,0.1218571429,0.00345745845317,0.23660233788,0.2450714286,0.00846909072001,3.39433722434,3.3943372243,4.0242031929e-11,-0.000908469022731,-0.000908469,2.27314507278e-11,2023.01.05 14:30:00,2023.01.05 14:30:00,1836.056,1836.0560000000,1834.388,1834.3880000000,0.286428571429,2.856875847e-11,1,1,1,1,short,short,0,0,0,0,FAIL:atr14_mismatch;atr_p20_mismatch;atr_p80_mismatch
WINTER,candidate,WINTER_C_04,2023.01.06 03:00:00,PASS,133.087389714,133.087389714,3.13491455017e-11,0.744610286031,0.744610286,3.13317150002e-11,0.298272501528,0.2982725015,2.80587220125e-11,0.193592322366,0.1470714286,0.0465208937664,0.125314601353,0.1218571429,0.00345745845317,0.240611744445,0.2517142857,0.0111025412555,2.4964094317,2.4964094317,2.23820961764e-13,0.0011081408367,0.0011081408,3.67035195639e-11,2023.01.06 03:00:00,2023.01.06 03:00:00,1838.214,1838.2140000000,1840.251,1840.2510000000,0.147071428571,2.85716172943e-11,1,1,1,1,short,short,1,1,1,1,FAIL:atr14_mismatch;atr_p20_mismatch;atr_p80_mismatch
WINTER,candidate,WINTER_C_05,2023.01.06 11:30:00,PASS,133.66657331,133.66657331,9.15179043659e-12,0.857426689691,0.8574266897,9.16022813158e-12,0.287186878238,0.2871868782,3.80808162781e-11,0.218733278962,0.2448571429,0.0261238639378,0.125314601353,0.1227857143,0.00252888705317,0.240611744445,0.2517142857,0.0111025412555,2.98560538334,2.9856053833,3.51834117396e-11,-0.00167308432388,-0.0016730843,2.38847993033e-11,2023.01.06 11:30:00,2023.01.06 11:30:00,1839.716,1839.7160000000,1836.638,1836.6380000000,0.244857142857,4.28532764829e-11,1,1,1,1,short,short,1,1,0,0,FAIL:atr14_mismatch;atr_p20_mismatch;atr_p80_mismatch
WINTER,control,WINTER_K_03,2023.01.09 19:00:00,PASS,132.119718464,132.119718464,3.70050656784e-11,-0.513718463663,-0.5137184637,3.70031782992e-11,0.428552008035,0.428552008,3.5268343801e-11,0.245570245399,0.2592857143,0.0137154689009,0.131655912129,0.1292142857,0.00244162642936,0.254156075882,0.2661428571,0.0119867812179,-1.1987307352,-1.1987307352,1.29918298342e-12,0.000673878214549,0.0006738782,1.45487842693e-11,2023.01.09 19:00:00,2023.01.09 19:00:00,1871.258,1871.2580000000,1872.519,1872.5190000000,0.259285714286,1.42840184125e-11,0,0,0,0,long,long,1,1,0,0,FAIL:atr14_mismatch;atr_p20_mismatch;atr_p80_mismatch
WINTER,candidate,WINTER_C_06,2023.01.11 02:30:00,PASS,132.152421194,132.152421194,3.02975422528e-11,0.40157880607,0.4015788061,3.03065905705e-11,0.147750898489,0.1477508985,1.05965514141e-11,0.181622810581,0.1589285714,0.0226942391811,0.165028935672,0.1497142857,0.0153146499721,0.254156075882,0.2661428571,0.0119867812179,2.71794493418,2.7179449342,2.08402184398e-11,0.000188842401414,0.0001888424,1.4138134836e-12,2023.01.11 02:30:00,2023.01.11 02:30:00,1874.579,1874.5790000000,1874.933,1874.9330000000,0.158928571429,2.85669543576e-11,1,1,1,1,short,short,1,1,1,1,FAIL:atr14_mismatch;atr_p20_mismatch;atr_p80_mismatch
WINTER,control,WINTER_K_04,2023.01.11 18:00:00,PASS,132.419251584,132.419251584,9.03810359887e-12,0.104748416291,0.1047484163,9.0402269004e-12,0.11713946867,0.1171394687,3.00043878632e-11,0.185296888024,0.184,0.00129688802422,0.168927909492,0.1587857143,0.0101421951918,0.254156075882,0.2661428571,0.0119867812179,0.894219663793,0.8942196638,7.12263581448e-12,0.000687915003805,0.000687915,3.805050784e-12,2023.01.11 18:00:00,2023.01.11 18:00:00,1873.778,1873.7780000000,1875.067,1875.0670000000,0.184,2.49800180541e-15,0,0,0,0,short,short,1,1,1,1,FAIL:atr14_mismatch;atr_p20_mismatch;atr_p80_mismatch
WINTER,candidate,WINTER_C_07,2023.01.11 23:00:00,PASS,132.39645578,132.39645578,2.35615971178e-11,-0.530455779576,-0.5304557796,2.35860220243e-11,0.136018715724,0.1360187157,2.40404640639e-11,0.186534935351,0.1778571429,0.0086777924506,0.168671962577,0.1581428571,0.0105291054771,0.254156075882,0.2661428571,0.0119867812179,-3.89987346045,-3.8998734604,4.80557815763e-11,0.00124698055233,0.0012469806,4.76696987006e-11,2023.01.11 23:00:00,2023.01.11 23:00:00,1874.929,1874.9290000000,1877.267,1877.2670000000,0.177857142857,4.28564683741e-11,1,1,1,1,long,long,1,1,0,0,FAIL:atr14_mismatch;atr_p20_mismatch;atr_p80_mismatch
WINTER,candidate,WINTER_C_08,2023.01.12 11:00:00,PASS,131.819753363,131.819753363,3.77440301236e-11,-0.913753363238,-0.9137533632,3.77312625588e-11,0.375786019664,0.3757860197,3.57429086328e-11,0.234560232093,0.2391428571,0.00458262500725,0.169859019497,0.1598571429,0.0100018765973,0.254156075882,0.267,0.0128439241179,-2.43157891838,-2.4315789184,1.94901872419e-11,0.000451619887833,0.0004516199,1.2167178506e-11,2023.01.12 11:00:00,2023.01.12 11:00:00,1884.328,1884.3280000000,1885.179,1885.1790000000,0.239142857143,4.28560520405e-11,1,1,1,1,long,long,1,1,0,0,FAIL:atr14_mismatch;atr_p20_mismatch;atr_p80_mismatch
WINTER,candidate,WINTER_C_09,2023.01.12 19:30:00,PASS,130.806201564,130.806201564,4.17230694438e-11,-1.51220156416,-1.5122015642,4.17392787e-11,0.550955390786,0.5509553908,1.43951517373e-11,0.372569853814,0.5255714286,0.153001574786,0.173292117287,0.1611428571,0.0121492601868,0.260287784748,0.2741428571,0.0138550723524,-2.74468965991,-2.7446896599,5.16786613503e-12,0.000569420535519,0.0005694205,3.5518894141e-11,2023.01.12 19:30:00,2023.01.12 19:30:00,1896.665,1896.6650000000,1897.745,1897.7450000000,0.525571428571,2.85690360258e-11,1,1,1,1,long,long,0,0,0,0,FAIL:atr14_mismatch;atr_p20_mismatch;atr_p80_mismatch
WINTER,candidate,WINTER_C_10,2023.01.13 05:00:00,PASS,129.901309332,129.901309332,4.49915660283e-11,-0.655309331645,-0.6553093316,4.49860149132e-11,0.429859014574,0.4298590146,2.56236143414e-11,0.259652047598,0.2578571429,0.00179490469842,0.175344085438,0.1638571429,0.011486942538,0.267117927939,0.2770714286,0.00995350066144,-1.5244750242,-1.5244750242,2.03437267032e-12,-0.000802238884693,-0.0008022389,1.53072258645e-11,2023.01.13 05:00:00,2023.01.13 05:00:00,1895.944,1895.9440000000,1894.423,1894.4230000000,0.257857142857,4.28602153768e-11,1,1,0,0,long,long,1,1,1,1,FAIL:atr14_mismatch;atr_p20_mismatch;atr_p80_mismatch
WINTER,candidate,WINTER_C_11,2023.01.13 13:00:00,PASS,129.25019616,129.25019616,2.47837306233e-11,-0.859196159925,-0.8591961599,2.48066012176e-11,0.334229797843,0.3342297978,4.31185087635e-11,0.285564273308,0.3248571429,0.0392928695919,0.181050917302,0.1665714286,0.0144794887015,0.27315254098,0.2824285714,0.00927603042002,-2.57067492327,-2.5706749233,3.02984304312e-11,0.00078987150615,0.0007898715,6.15006385662e-12,2023.01.13 13:00:00,2023.01.13 13:00:00,1896.511,1896.5110000000,1898.009,1898.0090000000,0.324857142857,4.28590496426e-11,1,1,1,1,long,long,0,0,0,0,FAIL:atr14_mismatch;atr_p20_mismatch;atr_p80_mismatch
WINTER,candidate,WINTER_C_12,2023.01.13 21:30:00,PASS,128.522346118,128.522346118,4.41673364548e-11,-0.665346118256,-0.6653461183,4.4173997793e-11,0.237398574783,0.2373985748,1.72625802541e-11,0.225641131087,0.2111428571,0.0144982739869,0.185296888024,0.1697142857,0.0155826023242,0.277685452577,0.2900714286,0.0123859760232,-2.80265422345,-2.8026542234,4.99000840648e-11,0.000157816774204,0.0001578168,2.57957664289e-11,2023.01.13 21:30:00,2023.01.13 21:30:00,1919.948,1919.9480000000,1920.251,1920.2510000000,0.211142857143,4.28573565525e-11,1,1,1,1,long,long,1,1,0,0,FAIL:atr14_mismatch;atr_p20_mismatch;atr_p80_mismatch
WINTER,candidate,WINTER_C_13,2023.01.17 10:00:00,PASS,128.580727632,128.580727632,1.85877979675e-11,0.363272368219,0.3632723682,1.8588353079e-11,0.148803940522,0.1488039405,2.20107820859e-11,0.234022331455,0.2338571429,0.000165188555178,0.202899122627,0.1812857143,0.021613408327,0.280419307515,0.2957857143,0.0153664067852,2.44128191057,2.4412819106,2.55027110541e-11,-0.000929441149905,-0.0009294411,4.99053412527e-11,2023.01.17 10:00:00,2023.01.17 10:00:00,1906.522,1906.5220000000,1904.75,1904.7500000000,0.233857142857,4.28530266827e-11,1,1,1,1,short,short,1,1,0,0,FAIL:atr14_mismatch;atr_p20_mismatch;atr_p80_mismatch
WINTER,control,WINTER_K_05,2023.01.17 18:30:00,PASS,128.499859386,128.499859386,4.13535872212e-11,-0.105859386359,-0.1058593864,4.1354780711e-11,0.232904934318,0.2329049343,1.80690185037e-11,0.240991685826,0.2630714286,0.0220797427744,0.203404486809,0.1819285714,0.021475915409,0.28043602879,0.2916428571,0.0112068283102,-0.454517576747,-0.4545175767,4.69025374095e-11,-0.000868297240797,-0.0008682972,4.07967337213e-11,2023.01.17 18:30:00,2023.01.17 18:30:00,1907.181,1907.1810000000,1905.525,1905.5250000000,0.263071428571,2.85699242042e-11,0,0,0,0,long,long,1,1,1,1,FAIL:atr14_mismatch;atr_p20_mismatch;atr_p80_mismatch
WINTER,candidate,WINTER_C_14,2023.01.18 14:00:00,PASS,129.185653999,129.185653999,1.42676981341e-11,-1.45765399871,-1.4576539987,1.42639233758e-11,0.939887971744,0.9398879717,4.39168701405e-11,0.45590138178,0.4605714286,0.0046700468195,0.201683139838,0.1817857143,0.0198974255383,0.283825787602,0.2942142857,0.0103884980985,-1.5508805757,-1.5508805757,2.71604960744e-12,0.000659437318323,0.0006594373,1.83230750451e-11,2023.01.18 14:00:00,2023.01.18 14:00:00,1921.335,1921.3350000000,1922.602,1922.6020000000,0.460571428571,2.85688694923e-11,1,1,0,0,long,long,0,0,0,0,FAIL:atr14_mismatch;atr_p20_mismatch;atr_p80_mismatch
WINTER,control,WINTER_K_06,2023.01.19 13:30:00,PASS,128.502227908,128.502227908,2.04920524993e-11,-0.12022790828,-0.1202279083,2.0496979114e-11,0.330918771137,0.3309187711,3.66080499248e-11,0.25079481501,0.2356428571,0.0151519579105,0.201683139838,0.1817857143,0.0198974255383,0.288978714014,0.2988571429,0.00987842888595,-0.363315468224,-0.3633154682,2.36844432955e-11,0.000581052662408,0.0005810527,3.75916232821e-11,2023.01.19 13:30:00,2023.01.19 13:30:00,1912.047,1912.0470000000,1913.158,1913.1580000000,0.235642857143,4.2858633309e-11,0,0,0,0,long,long,1,1,0,0,FAIL:atr14_mismatch;atr_p20_mismatch;atr_p80_mismatch
WINTER,candidate,WINTER_C_15,2023.01.20 13:00:00,PASS,129.056752821,129.056752821,1.36992639455e-11,1.09224717851,1.0922471785,1.37019284807e-11,0.355922005531,0.3559220055,3.12524450763e-11,0.225876032276,0.2571428571,0.031266824824,0.190207952312,0.1778571429,0.0123508094119,0.288978714014,0.2934285714,0.00444985738595,3.06878237799,3.068782378,8.49631476285e-12,0.000233840869992,0.0002338409,3.00082140126e-11,2023.01.20 13:00:00,2023.01.20 13:00:00,1928.662,1928.6620000000,1929.113,1929.1130000000,0.257142857143,4.28587720869e-11,1,1,1,1,short,short,1,1,1,1,FAIL:atr14_mismatch;atr_p20_mismatch;atr_p80_mismatch
WINTER,candidate,WINTER_C_16,2023.01.23 17:30:00,PASS,130.01263201,130.01263201,4.20925516664e-11,0.628367989758,0.6283679898,4.21093160341e-11,0.317635037327,0.3176350373,2.66655031389e-11,0.215623476069,0.2198571429,0.00423366683113,0.190676937787,0.1774285714,0.013248366387,0.280337377299,0.2847857143,0.00444833700124,1.97827039185,1.9782703919,4.88076246086e-11,0.00141637603456,0.001416376,3.45635711892e-11,2023.01.23 17:30:00,2023.01.23 17:30:00,1921.1,1921.1000000000,1923.821,1923.8210000000,0.219857142857,4.28589663759e-11,1,1,0,0,short,short,1,1,1,1,FAIL:atr14_mismatch;atr_p20_mismatch;atr_p80_mismatch
WINTER,control,WINTER_K_07,2023.01.24 00:30:00,PASS,130.266306448,130.266306448,4.2064129957e-11,0.119693551858,0.1196935519,4.20790347011e-11,0.30044382558,0.3004438256,1.98364102921e-11,0.166583926318,0.1242142857,0.0423696406178,0.186809494683,0.1754285714,0.0113809232833,0.280337377299,0.2847857143,0.00444833700124,0.398389121916,0.3983891219,1.58527080352e-11,-0.000609229963348,-0.00060923,3.66522206465e-11,2023.01.24 00:30:00,2023.01.24 00:30:00,1931.947,1931.9470000000,1930.77,1930.7700000000,0.124214285714,1.42860306918e-11,0,0,0,0,short,short,0,0,0,0,FAIL:atr14_mismatch;atr_p20_mismatch;atr_p80_mismatch
WINTER,candidate,WINTER_C_17,2023.01.25 14:00:00,PASS,130.106933108,130.106933108,4.66116034659e-11,-0.398933107747,-0.3989331077,4.66147120903e-11,0.23993642006,0.2399364201,3.97211152858e-11,0.204922669392,0.2215,0.0165773306077,0.177591881917,0.1676428571,0.00994902481683,0.28043602879,0.2895714286,0.00913539981021,-1.66266174867,-1.6626617487,3.1784574972e-11,0.00295862297873,0.002958623,2.12749327703e-11,2023.01.25 14:00:00,2023.01.25 14:00:00,1922.178,1922.1780000000,1927.865,1927.8650000000,0.2215,3.99680288865e-15,1,1,0,0,long,long,1,1,0,0,FAIL:atr14_mismatch;atr_p20_mismatch;atr_p80_mismatch
WINTER,control,WINTER_K_08,2023.01.26 02:00:00,PASS,129.695643674,129.695643674,4.75495198771e-11,-0.304643673652,-0.3046436737,4.75359751562e-11,0.261947742741,0.2619477427,4.05471767273e-11,0.182472810676,0.1529285714,0.0295442392759,0.180192991658,0.1672142857,0.0129787059582,0.28043602879,0.2895714286,0.00913539981021,-1.16299407838,-1.1629940784,1.92361682139e-11,-0.000294519622049,-0.0002945196,2.20485168751e-11,2023.01.26 02:00:00,2023.01.26 02:00:00,1945.541,1945.5410000000,1944.968,1944.9680000000,0.152928571429,2.85708123826e-11,0,0,0,0,long,long,1,0,1,1,FAIL:atr14_mismatch;atr_p20_mismatch;atr_p80_mismatch;atr_regime_pass_mismatch
WINTER,candidate,WINTER_C_18,2023.01.26 09:00:00,PASS,129.599064686,129.599064686,3.53850282409e-11,0.369935314235,0.3699353142,3.53914120232e-11,0.169359444363,0.1693594444,3.67565700099e-11,0.217181247326,0.2253571429,0.00817589557363,0.182472810676,0.1680714286,0.0144013820759,0.28043602879,0.2895714286,0.00913539981021,2.1843205475,2.1843205475,2.50555132197e-12,-0.00301811435054,-0.0030181144,4.94609969301e-11,2023.01.26 09:00:00,2023.01.26 09:00:00,1941.941,1941.9410000000,1936.08,1936.0800000000,0.225357142857,4.28611313108e-11,1,1,1,1,short,short,1,1,0,0,FAIL:atr14_mismatch;atr_p20_mismatch;atr_p80_mismatch
WINTER,control,WINTER_K_09,2023.01.27 19:30:00,PASS,129.905897409,129.905897409,5.05906427861e-12,-0.00489740890504,-0.0048974089,5.03753722764e-12,0.153267939706,0.1532679397,6.36377062158e-12,0.147123625118,0.1502142857,0.00309066058176,0.179284760247,0.1618571429,0.0174276173473,0.262775367602,0.2752142857,0.0124389180982,-0.0319532507217,-0.0319532507,2.17110704415e-11,-0.000874933215157,-0.0008749332,1.51569699717e-11,2023.01.27 19:30:00,2023.01.27 19:30:00,1931.576,1931.5760000000,1929.886,1929.8860000000,0.150214285714,1.42863221253e-11,0,0,0,0,long,long,0,0,1,1,FAIL:atr14_mismatch;atr_p20_mismatch;atr_p80_mismatch
WINTER,candidate,WINTER_C_19,2023.01.30 06:30:00,PASS,129.852219286,129.852219287,5.22959453519e-12,-0.264219286495,-0.2642192865,5.22121235136e-12,0.155158176893,0.1551581769,6.60921317674e-12,0.194283916281,0.2267142857,0.0324303694191,0.17287174662,0.1562142857,0.0166574609201,0.252797449999,0.2645714286,0.0117739786015,-1.70290275244,-1.7029027524,3.64628327532e-11,-0.000232476380866,-0.0002324764,1.913434618e-11,2023.01.30 06:30:00,2023.01.30 06:30:00,1931.379,1931.3790000000,1930.93,1930.9300000000,0.226714285714,1.42861833474e-11,1,1,0,0,long,long,1,1,1,1,FAIL:atr14_mismatch;atr_p20_mismatch;atr_p80_mismatch
WINTER,candidate,WINTER_C_20,2023.01.31 14:30:00,PASS,130.225842356,130.225842356,3.9619862946e-11,-0.38584235576,-0.3858423558,3.96114807621e-11,0.186188763754,0.1861887638,4.62941074364e-11,0.168219542745,0.1767142857,0.00849474295485,0.165074990486,0.149,0.0160749904861,0.246309471081,0.2529285714,0.00661910031885,-2.07231815702,-2.072318157,2.25592877712e-11,0.000938162896074,0.0009381629,3.92637560919e-12,2023.01.31 14:30:00,2023.01.31 14:30:00,1922.907,1922.9070000000,1924.711,1924.7110000000,0.176714285714,1.42849621021e-11,1,1,1,1,long,long,1,1,0,0,FAIL:atr14_mismatch;atr_p20_mismatch;atr_p80_mismatch
WINTER,control,WINTER_K_10,2023.01.31 23:30:00,PASS,130.174327589,130.174327589,2.09467998502e-11,-0.064327588579,-0.0643275886,2.09669087647e-11,0.146482798375,0.1464827984,2.48253084756e-11,0.122020758966,0.0866428571,0.0353779018656,0.163847285101,0.1471428571,0.0167044280013,0.246309471081,0.2497142857,0.00340481461885,-0.439147731287,-0.4391477313,1.29721788866e-11,-0.000321065585037,-0.0003210656,1.49630273991e-11,2023.01.31 23:30:00,2023.01.31 23:30:00,1927.955,1927.9550000000,1927.336,1927.3360000000,0.0866428571429,4.28587304535e-11,0,0,0,0,long,long,0,0,1,1,FAIL:atr14_mismatch;atr_p20_mismatch;atr_p80_mismatch
DSTTR,control,DSTTR_K_01,2023.03.20 00:00:00,PASS,132.430551285,132.430551285,3.44186901202e-11,0.0364487148656,0.0364487149,3.44003575625e-11,0.350410617223,0.3504106172,2.31654695426e-11,0.245173261181,0.2392857143,0.00588754688142,0.154944218712,0.1474285714,0.00751564731239,0.323482898641,0.3262142857,0.00273138705949,0.104017153231,0.1040171532,3.13662845697e-11,-0.000228632936901,-0.0002286329,3.690134068e-11,2023.03.20 00:00:00,2023.03.20 00:00:00,1976.968,1976.9680000000,1976.516,1976.5160000000,0.239285714286,1.42861278363e-11,0,0,0,0,short,short,1,1,0,0,FAIL:atr14_mismatch;atr_p20_mismatch;atr_p80_mismatch
DSTTR,candidate,DSTTR_C_01,2023.03.20 04:30:00,PASS,132.346005805,132.346005805,3.60387275578e-11,-0.536005804536,-0.5360058045,3.60460550297e-11,0.320405475711,0.3204054757,1.05755959545e-11,0.238632253996,0.2407857143,0.00215346030448,0.154944218712,0.1474285714,0.00751564731239,0.323482898641,0.3262142857,0.00273138705949,-1.67289839023,-1.6728983902,2.67128541509e-11,0.000316074996898,0.000316075,3.10243600558e-12,2023.03.20 04:30:00,2023.03.20 04:30:00,1974.215,1974.2150000000,1974.839,1974.8390000000,0.240785714286,1.42870992814e-11,1,1,0,0,long,long,1,1,0,0,FAIL:atr14_mismatch;atr_p20_mismatch;atr_p80_mismatch
DSTTR,candidate,DSTTR_C_02,2023.03.20 10:30:00,PASS,131.887563055,131.887563055,3.02975422528e-11,-0.60456305487,-0.6045630549,3.02852187772e-11,0.351300914987,0.351300915,1.25353616376e-11,0.321675349335,0.3563571429,0.0346817935654,0.158248449297,0.1516428571,0.00660559219684,0.326188837745,0.3297142857,0.00352544795502,-1.72092650226,-1.7209265023,4.11397582667e-11,-0.00145445635849,-0.0014544564,4.15050511321e-11,2023.03.20 10:30:00,2023.03.20 10:30:00,1983.559,1983.5590000000,1980.674,1980.6740000000,0.356357142857,4.28568291966e-11,1,1,0,0,long,long,1,0,1,1,FAIL:atr14_mismatch;atr_p20_mismatch;atr_p80_mismatch;atr_regime_pass_mismatch
DSTTR,control,DSTTR_K_02,2023.03.21 11:00:00,PASS,131.672900484,131.672900484,2.49258391705e-11,0.508099516275,0.5080995163,2.491906681e-11,0.349241941601,0.3492419416,1.3819501099e-12,0.203512693961,0.2133571429,0.00984444893932,0.176943312651,0.1564285714,0.0205147412505,0.327647779141,0.3405,0.0128522208593,1.45486396607,1.4548639661,3.31292770994e-11,-0.000212326519582,-0.0002123265,1.95822510225e-11,2023.03.21 11:00:00,2023.03.21 11:00:00,1968.666,1968.6660000000,1968.248,1968.2480000000,0.213357142857,4.28554691734e-11,0,0,0,0,short,short,1,1,0,0,FAIL:atr14_mismatch;atr_p20_mismatch;atr_p80_mismatch
DSTTR,candidate,DSTTR_C_03,2023.03.21 17:00:00,PASS,131.889845008,131.889845008,8.18545231596e-12,0.614154991608,0.6141549916,8.18856094043e-12,0.37808648867,0.3780864887,3.02766700599e-11,0.230437621034,0.248,0.0175623789665,0.181774919093,0.1601428571,0.0216320619928,0.327647779141,0.3405,0.0128522208593,1.62437698784,1.6243769878,3.96325194885e-11,-0.00323767907528,-0.0032376791,2.47160607952e-11,2023.03.21 17:00:00,2023.03.21 17:00:00,1944.294,1944.2940000000,1937.999,1937.9990000000,0.248,2.63677968348e-15,1,1,0,0,short,short,1,1,0,0,FAIL:atr14_mismatch;atr_p20_mismatch;atr_p80_mismatch
DSTTR,control,DSTTR_K_03,2023.03.22 17:30:00,PASS,132.493123398,132.493123398,4.10409484175e-11,0.00287660185896,0.0028766019,4.10421167538e-11,0.151940783314,0.1519407833,1.40912281843e-11,0.173716427867,0.1715,0.00221642786659,0.181774919093,0.167,0.0147749190928,0.327647779141,0.3405,0.0128522208593,0.0189323879752,0.018932388,2.48018827698e-11,-0.000143355621107,-0.0001433556,2.11074549224e-11,2023.03.22 17:30:00,2023.03.22 17:30:00,1946.209,1946.2090000000,1945.93,1945.9300000000,0.1715,3.33066907388e-15,0,0,0,0,short,short,0,1,0,0,FAIL:atr14_mismatch;atr_p20_mismatch;atr_p80_mismatch;atr_regime_pass_mismatch
DSTTR,candidate,DSTTR_C_04,2023.03.22 18:00:00,PASS,132.46491428,132.46491428,4.95390395372e-11,-0.66291427985,-0.6629142798,4.95593566185e-11,0.152954376398,0.1529543764,2.27148855281e-12,0.22180811159,0.2223571429,0.000549031309596,0.181774919093,0.167,0.0147749190928,0.327647779141,0.3405,0.0128522208593,-4.33406546097,-4.334065461,3.02664560081e-11,0.00715261340944,0.0071526134,9.44151094112e-12,2023.03.22 18:00:00,2023.03.22 18:00:00,1946.002,1946.0020000000,1959.921,1959.9210000000,0.222357142857,4.28592161761e-11,1,1,1,1,long,long,1,1,0,0,FAIL:atr14_mismatch;atr_p20_mismatch;atr_p80_mismatch
DSTTR,candidate,DSTTR_C_05,2023.03.23 01:30:00,PASS,131.877599365,131.877599365,3.76587649953e-11,-0.989599365238,-0.9895993652,3.76659814449e-11,0.547068544946,0.5470685449,4.58435511774e-11,0.243182475424,0.2333571429,0.00982533252401,0.18614343621,0.1710714286,0.0150720076103,0.327647779141,0.3405,0.0128522208593,-1.80891293126,-1.8089129313,4.0846215299e-11,-0.000253357880446,-0.0002533579,1.95544405863e-11,2023.03.23 01:30:00,2023.03.23 01:30:00,1969.546,1969.5460000000,1969.047,1969.0470000000,0.233357142857,4.28614921333e-11,1,1,0,0,long,long,1,1,1,1,FAIL:atr14_mismatch;atr_p20_mismatch;atr_p80_mismatch
DSTTR,candidate,DSTTR_C_06,2023.03.24 03:30:00,PASS,130.885304268,130.885304268,2.54090082308e-11,-0.551304267625,-0.5513042676,2.53974619113e-11,0.267326773089,0.2673267731,1.09106057522e-11,0.228635686472,0.1991428571,0.0294928293717,0.203512693961,0.1815714286,0.0219412653607,0.327647779141,0.3405,0.0128522208593,-2.06228602266,-2.0622860227,3.63833407846e-11,0.00123897869168,0.0012389787,8.32333789565e-12,2023.03.24 03:30:00,2023.03.24 03:30:00,1990.349,1990.3490000000,1992.815,1992.8150000000,0.199142857143,4.28559132626e-11,1,1,1,1,long,long,1,1,0,0,FAIL:atr14_mismatch;atr_p20_mismatch;atr_p80_mismatch
DSTTR,candidate,DSTTR_C_07,2023.03.24 10:00:00,PASS,130.57054835,130.57054835,5.42854650121e-12,-0.683548350205,-0.6835483502,5.42732525588e-12,0.208430252186,0.2084302522,1.37834743619e-11,0.24918592784,0.2535,0.00431407216036,0.209069105015,0.1856428571,0.0234262479145,0.327647779141,0.3405,0.0128522208593,-3.27950642018,-3.2795064202,1.52322598979e-11,0.00135780729165,0.0013578073,8.35419277159e-12,2023.03.24 10:00:00,2023.03.24 10:00:00,1994.392,1994.3920000000,1997.1,1997.1000000000,0.2535,4.4408920985e-16,1,1,1,1,long,long,1,1,0,0,FAIL:atr14_mismatch;atr_p20_mismatch;atr_p80_mismatch
DSTTR,control,DSTTR_K_04,2023.03.24 15:30:00,PASS,130.468511216,130.468511216,3.27418092638e-11,0.162488784433,0.1624887844,3.27531612943e-11,0.205435197417,0.2054351974,1.65774338701e-11,0.274465754751,0.2955714286,0.0211056738489,0.21064180165,0.1886428571,0.02199894455,0.327647779141,0.3405,0.0128522208593,0.790949099648,0.7909490996,4.84969842063e-11,-0.00303316717638,-0.0030331672,2.36247488586e-11,2023.03.24 15:30:00,2023.03.24 15:30:00,1993.296,1993.2960000000,1987.25,1987.2500000000,0.295571428571,2.85730883398e-11,0,0,0,0,short,short,1,1,0,0,FAIL:atr14_mismatch;atr_p20_mismatch;atr_p80_mismatch
DSTTR,candidate,DSTTR_C_08,2023.03.27 10:30:00,PASS,130.85667998,130.85667998,4.86579665449e-11,0.606320019951,0.60632002,4.86596318794e-11,0.279687114414,0.2796871144,1.44309009187e-11,0.203058571287,0.2139285714,0.0108700001135,0.20025140838,0.1767142857,0.0235371226804,0.318424739866,0.3262142857,0.00778954583392,2.16785110469,2.1678511047,8.36264391069e-12,-0.00214442031048,-0.0021444203,1.0475125975e-11,2023.03.27 10:30:00,2023.03.27 10:30:00,1953.908,1953.9080000000,1949.718,1949.7180000000,0.213928571429,2.85677037581e-11,1,1,1,1,short,short,1,1,0,0,FAIL:atr14_mismatch;atr_p20_mismatch;atr_p80_mismatch
DSTTR,candidate,DSTTR_C_09,2023.03.27 16:30:00,PASS,131.119964965,131.119964965,3.56124019163e-11,0.477035034864,0.4770350349,3.55998563961e-11,0.210885774436,0.2108857744,3.624472944e-11,0.177501664033,0.1648571429,0.0126445211333,0.197833215821,0.1763571429,0.0214760729206,0.308020334003,0.3146428571,0.00662252309671,2.26205411977,2.2620541198,2.99729130404e-11,-0.000648412003746,-0.000648412,3.74643469459e-12,2023.03.27 16:30:00,2023.03.27 16:30:00,1957.089,1957.0890000000,1955.82,1955.8200000000,0.164857142857,4.28556357068e-11,1,1,1,1,short,short,0,0,0,0,FAIL:atr14_mismatch;atr_p20_mismatch;atr_p80_mismatch
DSTTR,candidate,DSTTR_C_10,2023.03.28 03:00:00,PASS,131.154389984,131.154389984,4.82316409034e-11,-0.533389984052,-0.5333899841,4.82482942488e-11,0.336081594843,0.3360815948,4.33841851333e-11,0.153183235196,0.1458571429,0.00732609229634,0.194418379982,0.1708571429,0.0235612370822,0.294078408705,0.3035,0.00942159129527,-1.58708478011,-1.5870847801,1.2146061934e-11,8.72351507664e-05,8.72352e-05,4.92336373222e-11,2023.03.28 03:00:00,2023.03.28 03:00:00,1960.219,1960.2190000000,1960.39,1960.3900000000,0.145857142857,4.28590496426e-11,1,1,0,0,long,long,0,0,0,0,FAIL:atr14_mismatch;atr_p20_mismatch;atr_p80_mismatch
DSTTR,control,DSTTR_K_05,2023.03.28 08:00:00,PASS,131.054954555,131.054954555,4.29736246588e-11,0.145045445143,0.1450454451,4.29550284231e-11,0.410276287679,0.4102762877,2.08906780763e-11,0.166967920909,0.1641428571,0.00282506380933,0.189658005391,0.1688571429,0.0208008624908,0.288640201261,0.3020714286,0.0134312273386,0.353531143522,0.3535311435,2.15087947453e-11,-0.00039356538508,-0.0003935654,1.49200474566e-11,2023.03.28 08:00:00,2023.03.28 08:00:00,1953.932,1953.9320000000,1953.163,1953.1630000000,0.164142857143,4.28511670592e-11,0,0,0,0,short,short,0,0,0,0,FAIL:atr14_mismatch;atr_p20_mismatch;atr_p80_mismatch
DSTTR,candidate,DSTTR_C_11,2023.03.29 06:00:00,PASS,131.231527428,131.231527428,3.04396508e-11,0.65547257197,0.655472572,3.04317682165e-11,0.299545189665,0.2995451897,3.46665474105e-11,0.169458648336,0.1893571429,0.0198984945644,0.180825799222,0.1651428571,0.0156829421215,0.278047816693,0.2924285714,0.0143807547069,2.18822599923,2.1882259992,2.86779489045e-11,-0.000528259326935,-0.0005282593,2.69354540842e-11,2023.03.29 06:00:00,2023.03.29 06:00:00,1963.051,1963.0510000000,1962.014,1962.0140000000,0.189357142857,4.28523327933e-11,1,1,1,1,short,short,0,1,0,0,FAIL:atr14_mismatch;atr_p20_mismatch;atr_p80_mismatch;atr_regime_pass_mismatch
DSTTR,candidate,DSTTR_C_12,2023.03.29 14:00:00,PASS,131.65793777,131.65793777,3.98756583309e-11,0.70006222974,0.7000622297,3.98706623272e-11,0.36676633652,0.3667663365,2.00277017193e-11,0.206402749371,0.2152142857,0.00881153632911,0.178775100042,0.167,0.0117751000425,0.278047816693,0.2924285714,0.0143807547069,1.90874177925,1.9087417793,4.55593340831e-11,0.000381561522726,0.0003815615,2.27256152807e-11,2023.03.29 14:00:00,2023.03.29 14:00:00,1965.607,1965.6070000000,1966.357,1966.3570000000,0.215214285714,1.42880984821e-11,1,1,0,0,short,short,1,1,1,1,FAIL:atr14_mismatch;atr_p20_mismatch;atr_p80_mismatch
DSTTR,candidate,DSTTR_C_13,2023.03.29 20:00:00,PASS,132.060543699,132.060543699,6.8212102633e-13,0.787456301301,0.7874563013,6.93445301181e-13,0.304580528972,0.304580529,2.80759859805e-11,0.167335809854,0.176,0.00866419014638,0.178348419822,0.1682857143,0.010062705522,0.278047816693,0.2924285714,0.0143807547069,2.58537964971,2.5853796497,5.97477622932e-12,0.00020222457217,0.0002022246,2.78297712837e-11,2023.03.29 20:00:00,2023.03.29 20:00:00,1963.164,1963.1640000000,1963.561,1963.5610000000,0.176,1.94289029309e-15,1,1,1,1,short,short,0,1,1,1,FAIL:atr14_mismatch;atr_p20_mismatch;atr_p80_mismatch;atr_regime_pass_mismatch
DSTTR,candidate,DSTTR_C_14,2023.03.30 03:30:00,PASS,132.335177621,132.335177621,1.88720150618e-11,0.329822379181,0.3298223792,1.88903337417e-11,0.195464061704,0.1954640617,3.72066266685e-12,0.151389085701,0.1467142857,0.00467480000098,0.173541640844,0.1638571429,0.00968449794438,0.269826943985,0.2828571429,0.0130301989146,1.68738118049,1.6873811805,9.41002831212e-12,-0.000444798560322,-0.0004447986,3.96782425167e-11,2023.03.30 03:30:00,2023.03.30 03:30:00,1960.438,1960.4380000000,1959.566,1959.5660000000,0.146714285714,1.42899303501e-11,1,1,0,0,short,short,0,0,0,0,FAIL:atr14_mismatch;atr_p20_mismatch;atr_p80_mismatch
DSTTR,control,DSTTR_K_06,2023.03.30 07:30:00,PASS,132.37077964,132.37077964,2.9388047551e-11,0.0282203603706,0.0282203604,2.9374967736e-11,0.265560126764,0.2655601268,3.55108165095e-11,0.155735854702,0.1497142857,0.00602156900226,0.172850091332,0.1606428571,0.0122072342318,0.265277837682,0.2750714286,0.0097935909182,0.106267310211,0.1062673102,1.12657383422e-11,-0.00033243802115,-0.000332438,2.11500166339e-11,2023.03.30 07:30:00,2023.03.30 07:30:00,1967.284,1967.2840000000,1966.63,1966.6300000000,0.149714285714,1.42920675295e-11,0,0,0,0,short,short,0,0,0,0,FAIL:atr14_mismatch;atr_p20_mismatch;atr_p80_mismatch
DSTTR,candidate,DSTTR_C_15,2023.03.31 08:30:00,PASS,132.830248684,132.830248684,3.67776920029e-11,0.647751316463,0.6477513165,3.6771474754e-11,0.183977974986,0.183977975,1.36848588017e-11,0.220654291013,0.2192857143,0.00136857671336,0.16864651338,0.1572857143,0.0113607990795,0.242711195204,0.2412857143,0.00142548090361,3.5208090344,3.5208090344,4.30988578159e-12,-0.000695663260531,-0.0006956633,3.94692788652e-11,2023.03.31 08:30:00,2023.03.31 08:30:00,1976.531,1976.5310000000,1975.156,1975.1560000000,0.219285714286,1.42841571904e-11,1,1,1,1,short,short,1,1,0,0,FAIL:atr14_mismatch;atr_p20_mismatch;atr_p80_mismatch
DSTTR,control,DSTTR_K_07,2023.03.31 16:00:00,PASS,132.947079239,132.947079239,2.06910044653e-11,-0.138079239379,-0.1380792394,2.06771266775e-11,0.217540450375,0.2175404504,2.45196085658e-11,0.224096952,0.2180714286,0.00602552340007,0.16864651338,0.1588571429,0.00978937047955,0.242026584322,0.2432857143,0.0012591299777,-0.634729031502,-0.6347290315,1.93245419666e-12,-0.000504129517844,-0.0005041295,1.78440652011e-11,2023.03.31 16:00:00,2023.03.31 16:00:00,1979.65,1979.6500000000,1978.652,1978.6520000000,0.218071428571,2.85655388232e-11,0,0,0,0,long,long,1,1,1,1,FAIL:atr14_mismatch;atr_p20_mismatch;atr_p80_mismatch
DSTTR,candidate,DSTTR_C_16,2023.04.03 06:00:00,PASS,133.117491361,133.117491361,3.24007487507e-11,0.577508638732,0.5775086387,3.23824300708e-11,0.229976269478,0.2299762695,2.20194418254e-11,0.194614108775,0.2052857143,0.0106716055255,0.16864651338,0.1582142857,0.0104322276795,0.237485181426,0.2369285714,0.000556610026444,2.51116621747,2.5111662175,3.21715987184e-11,0.000354206250409,0.0003542063,4.95906165524e-11,2023.04.03 06:00:00,2023.04.03 06:00:00,1953.664,1953.6640000000,1954.356,1954.3560000000,0.205285714286,1.42819922555e-11,1,1,1,1,short,short,1,1,1,1,FAIL:atr14_mismatch;atr_p20_mismatch;atr_p80_mismatch
DSTTR,control,DSTTR_K_08,2023.04.04 01:30:00,PASS,132.695020496,132.695020496,4.72937244922e-11,0.0879795041473,0.0879795041,4.72846206634e-11,0.396561616069,0.3965616161,3.14190340411e-11,0.168971991934,0.1402142857,0.028757706234,0.16697917037,0.1554285714,0.0115505989699,0.224979553745,0.2272857143,0.00230616055534,0.22185582412,0.2218558241,2.00770511327e-11,-0.0016346565354,-0.0016346565,3.53960730084e-11,2023.04.04 01:30:00,2023.04.04 01:30:00,1981.456,1981.4560000000,1978.217,1978.2170000000,0.140214285714,1.4287321326e-11,0,0,0,0,short,short,1,0,0,0,FAIL:atr14_mismatch;atr_p20_mismatch;atr_p80_mismatch;atr_regime_pass_mismatch
DSTTR,candidate,DSTTR_C_17,2023.04.04 15:00:00,PASS,132.666056021,132.666056021,2.70574673777e-11,-0.888056021273,-0.8880560213,2.70551359094e-11,0.331421703145,0.3314217031,4.52570758647e-11,0.238873682223,0.2482857143,0.00941203207672,0.165695371924,0.1569285714,0.00876680052368,0.222198897369,0.226,0.00380110263125,-2.67953490325,-2.6795349033,4.79838391243e-11,0.000893303546628,0.0008933035,4.6628310154e-11,2023.04.04 15:00:00,2023.04.04 15:00:00,2016.112,2016.1120000000,2017.913,2017.9130000000,0.248285714286,1.42898193278e-11,1,1,1,1,long,long,0,0,0,0,FAIL:atr14_mismatch;atr_p20_mismatch;atr_p80_mismatch
DSTTR,candidate,DSTTR_C_18,2023.04.04 23:00:00,PASS,132.16801437,132.16801437,4.80895323562e-11,-0.772014369752,-0.7720143698,4.80709916317e-11,0.419682709085,0.4196827091,1.53564938543e-11,0.154090952851,0.106,0.0480909528508,0.163688278224,0.1548571429,0.0088311353244,0.223438217226,0.2268571429,0.00341892567414,-1.8395191249,-1.8395191249,2.10720330074e-12,0.00133031636586,0.0013303164,3.41391047376e-11,2023.04.04 23:00:00,2023.04.04 23:00:00,2020.572,2020.5720000000,2023.26,2023.2600000000,0.106,2.6645352591e-15,1,1,0,0,long,long,0,0,0,0,FAIL:atr14_mismatch;atr_p20_mismatch;atr_p80_mismatch
DSTTR,control,DSTTR_K_09,2023.04.05 09:30:00,PASS,131.820885551,131.820885551,1.62003743753e-12,-0.190885550902,-0.1908855509,1.61207158733e-12,0.34756419243,0.3475641924,2.98801539067e-11,0.175278899316,0.171,0.00427889931582,0.160933210049,0.1527142857,0.0082189243487,0.221607442404,0.2245,0.00289255759607,-0.549209484346,-0.5492094843,4.61831684007e-11,0.00110767051945,0.0011076705,1.94479341485e-11,2023.04.05 09:30:00,2023.04.05 09:30:00,2022.262,2022.2620000000,2024.502,2024.5020000000,0.171,4.4408920985e-15,0,0,0,0,long,long,1,1,0,0,FAIL:atr14_mismatch;atr_p20_mismatch;atr_p80_mismatch
DSTTR,candidate,DSTTR_C_19,2023.04.05 16:30:00,PASS,131.537985176,131.537985176,2.23963070312e-11,-0.357985175822,-0.3579851758,2.23924212506e-11,0.206305053953,0.206305054,4.74574268772e-11,0.221349663464,0.2490714286,0.0277217651359,0.161429218021,0.1532142857,0.00821493232055,0.222198897369,0.2259285714,0.00372967403125,-1.73522252104,-1.735222521,3.79074549528e-11,0.000286033687642,0.0002860337,1.23577602144e-11,2023.04.05 16:30:00,2023.04.05 16:30:00,2020.741,2020.7410000000,2021.319,2021.3190000000,0.249071428571,2.85758638974e-11,1,1,0,0,long,long,1,0,0,0,FAIL:atr14_mismatch;atr_p20_mismatch;atr_p80_mismatch;atr_regime_pass_mismatch
DSTTR,candidate,DSTTR_C_20,2023.04.06 19:00:00,PASS,131.496928311,131.496928311,2.73985278909e-11,0.342071688573,0.3420716886,2.74119060784e-11,0.227121687128,0.2271216871,2.81650536227e-11,0.145408266454,0.159,0.0135917335461,0.158794442588,0.1473571429,0.0114372996881,0.213931423684,0.225,0.0110685763158,1.50611635946,1.5061163595,3.69049235616e-11,-0.000969044816456,-0.0009690448,1.64563214401e-11,2023.04.06 19:00:00,2023.04.06 19:00:00,2009.195,2009.1950000000,2007.248,2007.2480000000,0.159,8.04911692853e-15,1,1,0,0,short,short,0,1,0,0,FAIL:atr14_mismatch;atr_p20_mismatch;atr_p80_mismatch;atr_regime_pass_mismatch
DSTTR,control,DSTTR_K_10,2023.04.06 20:30:00,PASS,131.530814236,131.530814236,2.23963070312e-11,0.243185763778,0.2431857638,2.23966400981e-11,0.232412125846,0.2324121258,4.64737137662e-11,0.12821755153,0.0882142857,0.0400032658303,0.158197330211,0.147,0.0111973302114,0.213648930725,0.225,0.0113510692747,1.04635574797,1.046355748,2.90596435804e-11,0.000398612628746,0.0003986126,2.87456315261e-11,2023.04.06 20:30:00,2023.04.06 20:30:00,2006.961,2006.9610000000,2007.761,2007.7610000000,0.0882142857143,1.42927752966e-11,0,0,0,0,short,short,0,0,1,1,FAIL:atr14_mismatch;atr_p20_mismatch;atr_p80_mismatch
SUMMER,control,SUMMER_K_01,2023.07.03 00:00:00,PASS,144.460222871,144.460222871,4.69810856885e-11,-0.206222871147,-0.2062228711,4.69913274959e-11,0.17344763324,0.1734476332,4.01496336178e-11,0.116934630437,0.086,0.0309346304374,0.121396949288,0.1087142857,0.0126826635882,0.164937926233,0.1797142857,0.0147763594673,-1.18896330434,-1.1889633043,3.90232290925e-11,-0.000170475517213,-0.0001704755,1.7213386505e-11,2023.07.03 00:00:00,2023.07.03 00:00:00,1918.164,1918.1640000000,1917.837,1917.8370000000,0.086,1.47104550763e-15,0,0,0,0,long,long,0,0,1,1,FAIL:atr14_mismatch;atr_p20_mismatch;atr_p80_mismatch
SUMMER,candidate,SUMMER_C_01,2023.07.03 07:30:00,PASS,144.530234019,144.530234019,7.67386154621e-12,0.296765981108,0.2967659811,7.68279884156e-12,0.167473011472,0.1674730115,2.81760448306e-11,0.132605393296,0.1321428571,0.000462536196109,0.120961443035,0.108,0.0129614430355,0.162142768469,0.1759285714,0.013785802931,1.77202271876,1.7720227188,3.72730735165e-11,-0.00182446886814,-0.0018244689,3.18598611035e-11,2023.07.03 07:30:00,2023.07.03 07:30:00,1915.626,1915.6260000000,1912.131,1912.1310000000,0.132142857143,4.28587443313e-11,1,1,0,0,short,short,1,1,0,0,FAIL:atr14_mismatch;atr_p20_mismatch;atr_p80_mismatch
SUMMER,control,SUMMER_K_02,2023.07.04 10:30:00,PASS,144.543854173,144.543854173,1.33582034323e-11,-0.101854173087,-0.1018541731,1.33781874467e-11,0.11512771092,0.1151277109,1.98279587194e-11,0.0958582591218,0.1004285714,0.00457031227823,0.119357502057,0.1064285714,0.0129289306568,0.162142768469,0.1759285714,0.013785802931,-0.884705969335,-0.8847059693,3.47893935881e-11,-0.000170025799342,-0.0001700258,6.58444517443e-13,2023.07.04 10:30:00,2023.07.04 10:30:00,1929.119,1929.1190000000,1928.791,1928.7910000000,0.100428571429,2.85738793737e-11,0,0,0,0,long,long,0,0,1,1,FAIL:atr14_mismatch;atr_p20_mismatch;atr_p80_mismatch
SUMMER,candidate,SUMMER_C_02,2023.07.06 03:00:00,PASS,144.457851891,144.457851891,3.53850282409e-11,-0.281851890665,-0.2818518907,3.53738704995e-11,0.137561684917,0.1375616849,1.70807257227e-11,0.122727514723,0.1257857143,0.00305819957656,0.112513439894,0.0963571429,0.0161562969939,0.158108348157,0.1665714286,0.00846308044341,-2.04891275383,-2.0489127538,2.76410005995e-11,0.000135509476543,0.0001355095,2.34574942207e-11,2023.07.06 03:00:00,2023.07.06 03:00:00,1918.685,1918.6850000000,1918.945,1918.9450000000,0.125785714286,1.42839906569e-11,1,1,1,1,long,long,1,1,0,0,FAIL:atr14_mismatch;atr_p20_mismatch;atr_p80_mismatch
SUMMER,control,SUMMER_K_03,2023.07.06 12:00:00,PASS,144.160837837,144.160837837,4.49631443189e-11,-0.097837836845,-0.0978378368,4.49739412378e-11,0.243282076244,0.2432820762,4.38660774371e-11,0.199087548256,0.2231428571,0.0240553088442,0.112513439894,0.0963571429,0.0161562969939,0.159070412748,0.1675,0.00842958725156,-0.402158014908,-0.4021580149,8.18101142386e-12,-0.0083769943309,-0.0083769943,3.09045532221e-11,2023.07.06 12:00:00,2023.07.06 12:00:00,1926.586,1926.5860000000,1910.447,1910.4470000000,0.223142857143,4.2854775284e-11,0,0,0,0,long,long,0,0,1,1,FAIL:atr14_mismatch;atr_p20_mismatch;atr_p80_mismatch
SUMMER,candidate,SUMMER_C_03,2023.07.07 09:30:00,PASS,143.789279621,143.789279621,1.58024704433e-11,-0.684279620916,-0.6842796209,1.58165702757e-11,0.253295247905,0.2532952479,5.37253574961e-12,0.157351707482,0.1631428571,0.00579114961757,0.112513439894,0.0955,0.0170134398939,0.161157141276,0.1697142857,0.00855714442397,-2.70150990425,-2.7015099043,5.0025317222e-11,0.000616238189638,0.0006162382,1.03615927687e-11,2023.07.07 09:30:00,2023.07.07 09:30:00,1914.844,1914.8440000000,1916.024,1916.0240000000,0.163142857143,4.28606039549e-11,1,1,1,1,long,long,1,1,0,0,FAIL:atr14_mismatch;atr_p20_mismatch;atr_p80_mismatch
SUMMER,candidate,SUMMER_C_04,2023.07.07 20:30:00,PASS,142.945387147,142.945387146,3.63229446521e-11,-0.856387146536,-0.8563871465,3.63206131837e-11,0.393587964981,0.393587965,1.85677029307e-11,0.160537170871,0.1315,0.0290371708712,0.112513439894,0.0955,0.0170134398939,0.163357156952,0.1755714286,0.0122142716482,-2.17584688235,-2.1758468824,4.74842387632e-11,0.000441675686377,0.0004416757,1.36230145003e-11,2023.07.07 20:30:00,2023.07.07 20:30:00,1924.489,1924.4890000000,1925.339,1925.3390000000,0.1315,5.82867087928e-16,1,1,1,1,long,long,1,1,0,0,FAIL:atr14_mismatch;atr_p20_mismatch;atr_p80_mismatch
SUMMER,candidate,SUMMER_C_05,2023.07.10 22:30:00,PASS,141.91308359,141.91308359,3.29691829393e-12,-0.629083590003,-0.62908359,3.31867866521e-12,0.344819288723,0.3448192887,2.29925523065e-11,0.123755543878,0.0842857143,0.0394698295783,0.112513439894,0.0929285714,0.0195848684939,0.165700136207,0.1766428571,0.0109427208932,-1.82438631068,-1.8243863107,2.38380426509e-11,0.000197435520417,0.0001974355,2.04166222774e-11,2023.07.10 22:30:00,2023.07.10 22:30:00,1924.679,1924.6790000000,1925.059,1925.0590000000,0.0842857142857,1.42831857453e-11,1,1,0,0,long,long,1,0,0,0,FAIL:atr14_mismatch;atr_p20_mismatch;atr_p80_mismatch;atr_regime_pass_mismatch
SUMMER,candidate,SUMMER_C_06,2023.07.11 09:30:00,PASS,141.221999042,141.221999042,2.50395260082e-11,-0.812999042025,-0.812999042,2.50408582758e-11,0.219057757372,0.2190577574,2.80785117379e-11,0.189170855416,0.1972142857,0.00804343028386,0.113364678966,0.093,0.0203646789665,0.166523045255,0.1789285714,0.0124055261451,-3.71134559113,-3.7113455911,2.97020186224e-11,0.00107858705096,0.0010785871,4.90366911573e-11,2023.07.11 09:30:00,2023.07.11 09:30:00,1935.866,1935.8660000000,1937.954,1937.9540000000,0.197214285714,1.42874323483e-11,1,1,1,1,long,long,0,0,0,0,FAIL:atr14_mismatch;atr_p20_mismatch;atr_p80_mismatch
SUMMER,candidate,SUMMER_C_07,2023.07.11 22:00:00,PASS,140.694540627,140.694540627,3.36513039656e-11,-0.449540627266,-0.4495406273,3.36555228131e-11,0.192994694234,0.1929946942,3.44137218722e-11,0.138399967529,0.0979285714,0.0404713961286,0.11576894198,0.0939285714,0.0218403705803,0.169523223607,0.1834285714,0.0139053477927,-2.32929008256,-2.3292900826,4.29798419077e-11,0.000516502193323,0.0005165022,6.67711253042e-12,2023.07.11 22:00:00,2023.07.11 22:00:00,1932.228,1932.2280000000,1933.226,1933.2260000000,0.0979285714286,2.85700629821e-11,1,1,1,1,long,long,1,1,0,0,FAIL:atr14_mismatch;atr_p20_mismatch;atr_p80_mismatch
SUMMER,candidate,SUMMER_C_08,2023.07.12 08:30:00,PASS,140.06802688,140.06802688,7.16227077646e-12,-0.467026879893,-0.4670268799,7.15816295127e-12,0.200473397482,0.2004733975,1.79063708305e-11,0.184552771909,0.1902142857,0.00566151379068,0.11576894198,0.0952142857,0.0205546562803,0.171444097031,0.1835714286,0.0121273315686,-2.32962021774,-2.3296202177,3.76521036571e-11,-0.000105946328107,-0.0001059463,2.81070094364e-11,2023.07.12 08:30:00,2023.07.12 08:30:00,1934.942,1934.9420000000,1934.737,1934.7370000000,0.190214285714,1.42824085891e-11,1,1,1,1,long,long,0,0,1,1,FAIL:atr14_mismatch;atr_p20_mismatch;atr_p80_mismatch
SUMMER,candidate,SUMMER_C_09,2023.07.12 19:00:00,PASS,139.305401101,139.305401101,3.73177044821e-11,-0.915401100663,-0.9154011007,3.7294167754e-11,0.297624745463,0.2976247455,3.74246189594e-11,0.200621053905,0.2645,0.0638789460953,0.116849030725,0.0959285714,0.0209204593248,0.173767441085,0.1874285714,0.0136611303149,-3.07568881492,-3.0756888149,2.01705319114e-11,-6.07859573202e-05,-6.0786e-05,4.26798247758e-11,2023.07.12 19:00:00,2023.07.12 19:00:00,1957.689,1957.6890000000,1957.57,1957.5700000000,0.2645,4.27435864481e-15,1,1,1,1,long,long,0,0,1,1,FAIL:atr14_mismatch;atr_p20_mismatch;atr_p80_mismatch
SUMMER,control,SUMMER_K_04,2023.07.13 01:00:00,PASS,138.954743516,138.954743516,3.66640051652e-12,-0.338743515996,-0.338743516,3.67256225431e-12,0.267929385512,0.2679293855,1.24107391031e-11,0.183095071699,0.1476428571,0.0354522145986,0.116849030725,0.0959285714,0.0209204593248,0.175383953195,0.1879285714,0.0125446182051,-1.26430147014,-1.2643014701,3.73117092778e-11,0.000510474434633,0.0005104744,3.4632923699e-11,2023.07.13 01:00:00,2023.07.13 01:00:00,1957.003,1957.0030000000,1958.002,1958.0020000000,0.147642857143,4.28536095498e-11,0,0,0,0,long,long,0,1,0,0,FAIL:atr14_mismatch;atr_p20_mismatch;atr_p80_mismatch;atr_regime_pass_mismatch
SUMMER,candidate,SUMMER_C_10,2023.07.13 20:00:00,PASS,138.407012627,138.407012627,1.11128883873e-11,-0.394012626689,-0.3940126267,1.11089470956e-11,0.19406924384,0.1940692438,3.98857613604e-11,0.169402435531,0.1534285714,0.015973864131,0.11754850358,0.0959285714,0.0216199321802,0.183501396253,0.2001428571,0.0166414608474,-2.0302682635,-2.0302682635,3.46211947999e-12,7.19402803833e-05,7.19403e-05,1.96167352788e-11,2023.07.13 20:00:00,2023.07.13 20:00:00,1959.959,1959.9590000000,1960.1,1960.1000000000,0.153428571429,2.85691192925e-11,1,1,1,1,long,long,1,1,0,0,FAIL:atr14_mismatch;atr_p20_mismatch;atr_p80_mismatch
SUMMER,candidate,SUMMER_C_11,2023.07.14 13:00:00,PASS,138.249664043,138.249664043,1.56319401867e-11,0.660335956516,0.6603359565,1.56381574357e-11,0.37510537872,0.3751053787,2.0418167157e-11,0.226827453681,0.2445714286,0.017743974919,0.120189109053,0.0976428571,0.0225462519528,0.190777507587,0.205,0.0142224924128,1.76040119384,1.7604011938,4.1089576186e-11,-0.000626834333356,-0.0006268343,3.33561964942e-11,2023.07.14 13:00:00,2023.07.14 13:00:00,1957.455,1957.4550000000,1956.228,1956.2280000000,0.244571428571,2.85709511605e-11,1,1,0,0,short,short,0,0,0,0,FAIL:atr14_mismatch;atr_p20_mismatch;atr_p80_mismatch
SUMMER,control,SUMMER_K_05,2023.07.17 03:00:00,PASS,138.530179362,138.530179362,1.51487711264e-11,0.0888206381848,0.0888206382,1.51580137331e-11,0.300174978091,0.3001749781,9.37799837786e-12,0.149098997275,0.1312857143,0.0178132829746,0.120915862173,0.0974285714,0.0234872907727,0.193555482476,0.2092857143,0.0157302318238,0.295896209437,0.2958962094,3.69747010787e-11,-0.00100280775935,-0.0010028078,4.06533088443e-11,2023.07.17 03:00:00,2023.07.17 03:00:00,1953.515,1953.5150000000,1951.556,1951.5560000000,0.131285714286,1.42881817489e-11,0,0,0,0,short,short,1,1,0,0,FAIL:atr14_mismatch;atr_p20_mismatch;atr_p80_mismatch
SUMMER,control,SUMMER_K_06,2023.07.18 14:30:00,PASS,138.474537731,138.474537731,2.86490831058e-11,0.140462269271,0.1404622693,2.86469181709e-11,0.217490284004,0.217490284,4.18381995715e-12,0.296421659403,0.3252142857,0.0287926262966,0.129533189307,0.1026428571,0.0268903322072,0.199545800662,0.2165714286,0.0170256279383,0.645832387017,0.645832387,1.66587854622e-11,0.000677815204258,0.0006778152,4.25813648664e-12,2023.07.18 14:30:00,2023.07.18 14:30:00,1981.366,1981.3660000000,1982.709,1982.7090000000,0.325214285714,1.42895695276e-11,0,0,0,0,short,short,0,0,1,1,FAIL:atr14_mismatch;atr_p20_mismatch;atr_p80_mismatch
SUMMER,candidate,SUMMER_C_12,2023.07.19 06:00:00,PASS,138.918443416,138.918443416,1.61435309565e-11,0.476556583816,0.4765565838,1.61478608263e-11,0.30050305301,0.300503053,1.04602992934e-11,0.166925142871,0.1596428571,0.00728228577143,0.136511959411,0.1158571429,0.0206548165106,0.204414045383,0.2212857143,0.0168716689166,1.5858627027,1.5858627027,2.07034389632e-12,-0.00128860311681,-0.0012886031,1.6812003829e-11,2023.07.19 06:00:00,2023.07.19 06:00:00,1978.111,1978.1110000000,1975.562,1975.5620000000,0.159642857143,4.2856079796e-11,1,1,0,0,short,short,1,1,0,0,FAIL:atr14_mismatch;atr_p20_mismatch;atr_p80_mismatch
SUMMER,candidate,SUMMER_C_13,2023.07.20 12:30:00,PASS,139.463289615,139.463289615,4.08988398704e-11,0.366710384641,0.3667103846,4.0924763578e-11,0.206538651097,0.2065386511,3.27687876833e-12,0.185440313002,0.2062857143,0.0208454012981,0.149098997275,0.1269285714,0.0221704258746,0.205835152226,0.2217857143,0.0159505620743,1.77550488828,1.7755048883,2.03124184139e-11,-0.00215042566195,-0.0021504257,3.80516590459e-11,2023.07.20 12:30:00,2023.07.20 12:30:00,1978.213,1978.2130000000,1973.959,1973.9590000000,0.206285714286,1.42894029942e-11,1,1,0,0,short,short,1,1,0,0,FAIL:atr14_mismatch;atr_p20_mismatch;atr_p80_mismatch
SUMMER,control,SUMMER_K_07,2023.07.20 23:00:00,PASS,139.840433751,139.840433751,3.93072241422e-11,0.133566249339,0.1335662493,3.93101662333e-11,0.296566956267,0.2965669563,3.30327432074e-11,0.133006577066,0.1052857143,0.0277208627661,0.150082766802,0.1267857143,0.0232970525016,0.206467448909,0.2215,0.0150325510914,0.450374684424,0.4503746844,2.39614439401e-11,0.000529789763792,0.0005297898,3.62080786361e-11,2023.07.20 23:00:00,2023.07.20 23:00:00,1970.593,1970.5930000000,1971.637,1971.6370000000,0.105285714286,1.42864609032e-11,0,0,0,0,short,short,0,0,1,1,FAIL:atr14_mismatch;atr_p20_mismatch;atr_p80_mismatch
SUMMER,candidate,SUMMER_C_14,2023.07.21 11:30:00,PASS,140.538985865,140.538985865,4.44799752586e-11,1.23101413494,1.2310141349,4.45019576745e-11,0.469391427834,0.4693914278,3.42882389148e-11,0.237518092548,0.2958571429,0.0583390503522,0.148970380499,0.1271428571,0.0218275233991,0.205797559661,0.2205,0.0147024403387,2.62257481059,2.6225748106,1.12279074926e-11,0.00137643794975,0.0013764379,4.97493983943e-11,2023.07.21 11:30:00,2023.07.21 11:30:00,1963.038,1963.0380000000,1965.74,1965.7400000000,0.295857142857,4.28614921333e-11,1,1,1,1,short,short,0,0,1,1,FAIL:atr14_mismatch;atr_p20_mismatch;atr_p80_mismatch
SUMMER,control,SUMMER_K_08,2023.07.24 19:00:00,PASS,141.320530215,141.320530215,1.18518528325e-11,0.156469785288,0.1564697853,1.18477450073e-11,0.274585589681,0.2745855897,1.94347316018e-11,0.171603990859,0.1948571429,0.023253152041,0.149884476294,0.1310714286,0.0188130476936,0.207046167136,0.2215,0.0144538328641,0.569839755503,0.5698397555,2.75179878884e-12,-0.000715124630161,-0.0007151246,3.01607683056e-11,2023.07.24 19:00:00,2023.07.24 19:00:00,1954.904,1954.9040000000,1953.506,1953.5060000000,0.194857142857,4.28585500423e-11,0,0,0,0,short,short,1,1,0,0,FAIL:atr14_mismatch;atr_p20_mismatch;atr_p80_mismatch
SUMMER,candidate,SUMMER_C_15,2023.07.25 18:30:00,PASS,141.279158854,141.279158854,7.44648787077e-12,-0.249158853693,-0.2491588537,7.43669015257e-12,0.149890277201,0.1498902772,8.15431056012e-13,0.164900307488,0.1933571429,0.0284568354118,0.147523448744,0.1273571429,0.0201663058443,0.206522818105,0.2215,0.0149771818948,-1.66227495436,-1.6622749544,4.28681534714e-11,3.1577408707e-05,3.15774e-05,8.7069620177e-12,2023.07.25 18:30:00,2023.07.25 18:30:00,1963.429,1963.4290000000,1963.491,1963.4910000000,0.193357142857,4.28636848238e-11,1,1,0,0,long,long,1,1,0,0,FAIL:atr14_mismatch;atr_p20_mismatch;atr_p80_mismatch
SUMMER,candidate,SUMMER_C_16,2023.07.26 13:00:00,PASS,140.781853659,140.781853659,4.76632067148e-11,-0.444853658752,-0.4448536588,4.76493844381e-11,0.196956361024,0.196956361,2.44240183633e-11,0.147545228308,0.1567857143,0.00924048599177,0.145291592473,0.1255,0.0197915924734,0.205740785906,0.2205,0.0147592140935,-2.25864072853,-2.2586407285,2.76028089274e-11,-0.00226138921297,-0.0022613892,1.29706991675e-11,2023.07.26 13:00:00,2023.07.26 13:00:00,1972.239,1972.2390000000,1967.779,1967.7790000000,0.156785714286,1.42841571904e-11,1,1,1,1,long,long,1,1,1,1,FAIL:atr14_mismatch;atr_p20_mismatch;atr_p80_mismatch
SUMMER,control,SUMMER_K_09,2023.07.26 23:30:00,PASS,140.529356238,140.529356237,2.61195509665e-11,-0.163356237526,-0.1633562375,2.61021759762e-11,0.201168786038,0.201168786,3.8054726037e-11,0.177837951884,0.2067857143,0.028947762416,0.145291592473,0.1255,0.0197915924734,0.206522818105,0.2215,0.0149771818948,-0.812035707643,-0.8120357076,4.30355751035e-11,-0.000288455006595,-0.000288455,6.59535615141e-12,2023.07.26 23:30:00,2023.07.26 23:30:00,1972.578,1972.5780000000,1972.009,1972.0090000000,0.206785714286,1.42849898577e-11,0,0,0,0,long,long,1,1,1,1,FAIL:atr14_mismatch;atr_p20_mismatch;atr_p80_mismatch
SUMMER,candidate,SUMMER_C_17,2023.07.27 13:30:00,PASS,140.274325182,140.274325182,3.86251031159e-11,0.480674817561,0.4806748176,3.86209397796e-11,0.252605947644,0.2526059476,4.36642388912e-11,0.208935924599,0.2166428571,0.00770693250135,0.145291592473,0.1260714286,0.0192201638734,0.205018923023,0.2190714286,0.0140525055769,1.90286421221,1.9028642122,5.47695222508e-12,-0.00568488210847,-0.0056848821,8.46662670528e-12,2023.07.27 13:30:00,2023.07.27 13:30:00,1956.417,1956.4170000000,1945.295,1945.2950000000,0.216642857143,4.28501123473e-11,1,1,0,0,short,short,0,1,0,0,FAIL:atr14_mismatch;atr_p20_mismatch;atr_p80_mismatch;atr_regime_pass_mismatch
SUMMER,candidate,SUMMER_C_18,2023.07.28 13:30:00,PASS,139.63417268,139.63417268,2.29931629292e-11,0.909827319723,0.9098273197,2.30071517393e-11,0.582008588522,0.5820085885,2.15268913806e-11,0.488945615996,0.4197142857,0.0692313302958,0.14554668432,0.1273571429,0.0181895414195,0.215583219351,0.2307142857,0.0151310663488,1.56325411285,1.5632541129,4.53490578423e-11,0.000494648385308,0.0004946484,1.46918948361e-11,2023.07.28 13:30:00,2023.07.28 13:30:00,1954.924,1954.9240000000,1955.891,1955.8910000000,0.419714285714,1.42880707266e-11,1,1,0,0,short,short,0,0,1,1,FAIL:atr14_mismatch;atr_p20_mismatch;atr_p80_mismatch
SUMMER,candidate,SUMMER_C_19,2023.07.31 10:00:00,PASS,141.2552971,141.2552971,2.0207835405e-11,1.08670290032,1.0867029003,2.02333705346e-11,0.44156194723,0.4415619472,2.95902191638e-11,0.219320099363,0.2129285714,0.00639152796319,0.14554668432,0.1284285714,0.0171181129195,0.235925939391,0.2312142857,0.00471165369098,2.46104291173,2.4610429117,3.26134674822e-11,0.000181417066593,0.0001814171,3.34065299837e-11,2023.07.31 10:00:00,2023.07.31 10:00:00,1956.817,1956.8170000000,1957.172,1957.1720000000,0.212928571429,2.85771406539e-11,1,1,1,1,short,short,1,1,1,1,FAIL:atr14_mismatch;atr_p20_mismatch;atr_p80_mismatch
SUMMER,candidate,SUMMER_C_20,2023.07.31 23:00:00,PASS,141.895749851,141.895749851,4.70663508167e-11,0.473250149047,0.473250149,4.70610772574e-11,0.307580765268,0.3075807653,3.21279114424e-11,0.135185142876,0.0897142857,0.0454708571763,0.146614384395,0.1332857143,0.0133286700955,0.235925939391,0.2312142857,0.00471165369098,1.53862075424,1.5386207542,4.28976854039e-11,-0.000296101533317,-0.0002961015,3.33174943255e-11,2023.07.31 23:00:00,2023.07.31 23:00:00,1965.542,1965.5420000000,1964.96,1964.9600000000,0.0897142857143,1.42877654152e-11,1,1,0,0,short,short,0,0,0,0,FAIL:atr14_mismatch;atr_p20_mismatch;atr_p80_mismatch
SUMMER,control,SUMMER_K_10,2023.07.31 23:30:00,PASS,141.913188633,141.913188633,4.66684468847e-11,0.409811367453,0.4098113675,4.66705563085e-11,0.3084712435,0.3084712435,1.46604950402e-13,0.133243346957,0.0905714286,0.0426719183566,0.146598533283,0.1322857143,0.0143128189828,0.235925939391,0.2307142857,0.00521165369098,1.32852373143,1.3285237314,2.89062107584e-11,-0.000535380127524,-0.0005353801,2.75244096178e-11,2023.07.31 23:30:00,2023.07.31 23:30:00,1964.959,1964.9590000000,1963.907,1963.9070000000,0.0905714285714,2.85713813719e-11,0,0,0,0,short,short,0,0,0,0,FAIL:atr14_mismatch;atr_p20_mismatch;atr_p80_mismatch
