run_id,strategy_version,param_set_id,symbol,timeframe,position_id,deal_in,deal_out,order_kind,direction,entry_reason,exit_reason,deal_reason_raw,order_number,entry_time,entry_time_msc,entry_price,exit_time,exit_time_msc,exit_price,volume,sl_price,tp_price,profit,commission,swap,net_pnl,holding_seconds,vol_gate_low,market_state,rv_short_pts,rv_ratio,multiplier_a,grid_dist_pts,tp_dist_pts,baseline_at_entry,risk_level_at_entry,avg_vol_per_min,spread_pts_at_entry,atr_at_entry
s_trail20,eva028-CoreRiskV1,s_trail20,XAUUSD_HIST,M1,2,2,3,trend,1,trend_buy,sl,sl,1,2023.01.04 08:02:00,1672819320000,1859.713,2023.01.04 08:42:40,1672821760000,1860.207,0.01,1853.177,0.000,0.50,0.00,0.00,0.50,2440,0,1,767.86,0.0413,1.0000,0.0,0.0,1857.412,1,114.90,400.0,1.766
s_trail20,eva028-CoreRiskV1,s_trail20,XAUUSD_HIST,M1,4,4,5,trend,1,trend_buy,trend_state_exit,expert,1,2023.01.04 08:43:00,1672821780000,1860.465,2023.01.04 09:10:00,1672823400000,1858.992,0.01,1851.674,0.000,-1.48,0.00,0.00,-1.48,1620,0,1,775.88,0.0417,1.0000,0.0,0.0,1860.813,1,132.57,200.0,2.376
s_trail20,eva028-CoreRiskV1,s_trail20,XAUUSD_HIST,M1,6,6,7,trend,1,trend_buy,sl,sl,1,2023.01.13 14:55:00,1673621700000,1910.197,2023.01.13 15:01:40,1673622100000,1907.257,0.01,1902.329,0.000,-2.94,0.00,0.00,-2.94,400,0,1,696.24,0.0365,1.0000,0.0,0.0,1907.679,1,160.55,200.0,2.126
s_trail20,eva028-CoreRiskV1,s_trail20,XAUUSD_HIST,M1,8,8,9,trend,1,trend_buy,sl,sl,1,2023.01.13 15:02:00,1673622120000,1908.129,2023.01.13 16:05:40,1673625940000,1911.339,0.01,1900.254,0.000,3.21,0.00,0.00,3.21,3820,0,1,1027.71,0.0539,1.0000,0.0,0.0,1908.926,1,177.97,400.0,2.128
s_trail20,eva028-CoreRiskV1,s_trail20,XAUUSD_HIST,M1,10,10,11,trend,1,trend_buy,trend_state_exit,expert,1,2023.01.13 16:06:00,1673625960000,1911.526,2023.01.13 16:15:00,1673626500000,1911.039,0.01,1902.964,0.000,-0.49,0.00,0.00,-0.49,540,0,1,476.80,0.0249,1.0000,0.0,0.0,1913.112,1,137.78,200.0,2.314
s_trail20,eva028-CoreRiskV1,s_trail20,XAUUSD_HIST,M1,12,12,13,trend,-1,trend_sell,sl,sl,1,2023.01.18 16:35:00,1674059700000,1908.290,2023.01.18 18:00:40,1674064840000,1905.894,0.01,1916.797,0.000,2.40,0.00,0.00,2.40,5140,0,2,702.97,0.0368,1.0000,0.0,0.0,1909.422,1,138.80,200.0,2.299
s_trail20,eva028-CoreRiskV1,s_trail20,XAUUSD_HIST,M1,14,14,15,trend,-1,trend_sell,trend_state_exit,expert,1,2023.01.18 18:01:00,1674064860000,1905.829,2023.01.18 18:20:00,1674066000000,1905.500,0.01,1912.916,0.000,0.33,0.00,0.00,0.33,1140,0,2,431.23,0.0226,1.0000,0.0,0.0,1903.941,1,105.85,200.0,1.916
s_trail20,eva028-CoreRiskV1,s_trail20,XAUUSD_HIST,M1,16,16,17,trend,-1,trend_sell,sl,sl,1,2023.02.02 14:50:00,1675349400000,1934.020,2023.02.02 15:20:20,1675351220000,1926.162,0.01,1945.377,0.000,7.86,0.00,0.00,7.86,1820,0,2,1158.10,0.0599,1.0000,0.0,0.0,1940.975,1,244.20,200.0,3.070
s_trail20,eva028-CoreRiskV1,s_trail20,XAUUSD_HIST,M1,18,18,19,trend,-1,trend_sell,trend_state_exit,expert,1,2023.02.02 15:34:00,1675352040000,1926.007,2023.02.02 18:20:00,1675362000000,1915.562,0.01,1939.806,0.000,10.45,0.00,0.00,10.45,9960,0,2,779.37,0.0405,1.0000,0.0,0.0,1925.551,1,375.13,200.0,3.730
s_trail20,eva028-CoreRiskV1,s_trail20,XAUUSD_HIST,M1,20,20,21,trend,1,trend_buy,sl,sl,1,2023.03.10 15:35:00,1678462500000,1866.266,2023.03.10 16:11:40,1678464700000,1860.688,0.01,1854.917,0.000,-5.58,0.00,0.00,-5.58,2200,0,1,796.85,0.0427,1.0000,0.0,0.0,1864.631,1,254.88,200.0,3.067
s_trail20,eva028-CoreRiskV1,s_trail20,XAUUSD_HIST,M1,22,22,23,trend,1,trend_buy,trend_state_exit,expert,1,2023.03.10 16:12:00,1678464720000,1860.436,2023.03.10 16:15:00,1678464900000,1858.978,0.01,1850.607,0.000,-1.46,0.00,0.00,-1.46,180,0,1,734.99,0.0395,1.0000,0.0,0.0,1861.228,1,187.97,200.0,2.657
s_trail20,eva028-CoreRiskV1,s_trail20,XAUUSD_HIST,M1,24,24,25,trend,1,trend_buy,sl,sl,1,2023.03.13 09:44:00,1678700640000,1893.750,2023.03.13 09:57:40,1678701460000,1887.691,0.01,1885.448,0.000,-6.06,0.00,0.00,-6.06,820,0,1,707.35,0.0374,1.0000,0.0,0.0,1891.237,1,183.78,200.0,2.244
s_trail20,eva028-CoreRiskV1,s_trail20,XAUUSD_HIST,M1,26,26,27,trend,1,trend_buy,trend_state_exit,expert,1,2023.03.13 09:58:00,1678701480000,1887.194,2023.03.13 10:00:00,1678701600000,1885.903,0.01,1878.321,0.000,-1.29,0.00,0.00,-1.29,120,0,1,808.21,0.0428,1.0000,0.0,0.0,1888.621,1,210.10,200.0,2.398
s_trail20,eva028-CoreRiskV1,s_trail20,XAUUSD_HIST,M1,28,28,29,trend,1,trend_buy,sl,sl,1,2023.03.17 13:15:00,1679058900000,1949.597,2023.03.17 13:27:40,1679059660000,1946.421,0.01,1941.055,0.000,-3.18,0.00,0.00,-3.18,760,0,1,711.26,0.0365,1.0000,0.0,0.0,1948.081,1,176.85,200.0,2.309
s_trail20,eva028-CoreRiskV1,s_trail20,XAUUSD_HIST,M1,30,30,31,trend,1,trend_buy,sl,sl,1,2023.03.17 13:28:00,1679059680000,1947.206,2023.03.17 15:06:40,1679065600000,1958.756,0.01,1938.326,0.000,11.55,0.00,0.00,11.55,5920,0,1,605.18,0.0311,1.0000,0.0,0.0,1948.290,1,173.35,200.0,2.400
s_trail20,eva028-CoreRiskV1,s_trail20,XAUUSD_HIST,M1,32,32,33,trend,1,trend_buy,trend_state_exit,expert,1,2023.03.17 15:07:00,1679065620000,1958.762,2023.03.17 15:15:00,1679066100000,1957.039,0.01,1948.288,0.000,-1.72,0.00,0.00,-1.72,480,0,1,999.31,0.0510,1.0000,0.0,0.0,1961.794,1,252.50,400.0,2.831
s_trail20,eva028-CoreRiskV1,s_trail20,XAUUSD_HIST,M1,34,34,35,trend,1,trend_buy,sl,sl,1,2023.03.17 17:35:00,1679074500000,1971.966,2023.03.17 18:02:40,1679076160000,1970.609,0.01,1963.817,0.000,-1.36,0.00,0.00,-1.36,1660,0,1,819.76,0.0416,1.0000,0.0,0.0,1967.933,1,149.22,400.0,2.202
s_trail20,eva028-CoreRiskV1,s_trail20,XAUUSD_HIST,M1,36,36,37,trend,1,trend_buy,sl,sl,1,2023.03.17 18:03:00,1679076180000,1971.666,2023.03.17 19:03:40,1679079820000,1981.691,0.01,1963.726,0.000,10.02,0.00,0.00,10.02,3640,0,1,823.01,0.0417,1.0000,0.0,0.0,1972.672,1,172.45,200.0,2.146
s_trail20,eva028-CoreRiskV1,s_trail20,XAUUSD_HIST,M1,38,38,39,trend,1,trend_buy,sl,sl,1,2023.03.17 19:04:00,1679079840000,1981.881,2023.03.17 19:23:40,1679081020000,1978.340,0.01,1971.288,0.000,-3.54,0.00,0.00,-3.54,1180,0,1,1191.37,0.0601,1.0000,0.0,0.0,1982.925,1,231.38,200.0,2.863
s_trail20,eva028-CoreRiskV1,s_trail20,XAUUSD_HIST,M1,40,40,41,trend,1,trend_buy,trend_state_exit,expert,1,2023.03.17 19:24:00,1679081040000,1978.573,2023.03.17 19:25:00,1679081100000,1977.305,0.01,1967.658,0.000,-1.26,0.00,0.00,-1.26,60,0,1,641.17,0.0324,1.0000,0.0,0.0,1981.796,1,210.93,200.0,2.950
s_trail20,eva028-CoreRiskV1,s_trail20,XAUUSD_HIST,M1,42,42,43,trend,1,trend_buy,sl,sl,1,2023.03.20 06:19:00,1679293140000,1983.987,2023.03.20 06:50:40,1679295040000,1985.537,0.01,1975.815,0.000,1.55,0.00,0.00,1.55,1900,0,1,865.84,0.0436,1.0000,0.0,0.0,1984.009,1,151.53,200.0,2.209
s_trail20,eva028-CoreRiskV1,s_trail20,XAUUSD_HIST,M1,44,44,45,trend,1,trend_buy,sl,sl,1,2023.03.20 06:51:00,1679295060000,1986.690,2023.03.20 08:00:40,1679299240000,2002.074,0.01,1975.513,0.000,15.38,0.00,0.00,15.38,4180,0,1,683.80,0.0344,1.0000,0.0,0.0,1988.184,1,188.15,200.0,3.021
s_trail20,eva028-CoreRiskV1,s_trail20,XAUUSD_HIST,M1,46,46,47,trend,1,trend_buy,trend_state_exit,expert,1,2023.03.20 08:01:00,1679299260000,2001.124,2023.03.20 08:05:00,1679299500000,1999.923,0.01,1987.826,0.000,-1.20,0.00,0.00,-1.20,240,0,1,907.77,0.0454,1.0000,0.0,0.0,2002.907,1,247.07,200.0,3.594
s_trail20,eva028-CoreRiskV1,s_trail20,XAUUSD_HIST,M1,48,48,49,trend,1,trend_buy,sl,sl,1,2023.03.23 18:10:00,1679595000000,2002.050,2023.03.23 18:54:40,1679597680000,1999.011,0.01,1994.809,0.000,-3.04,0.00,0.00,-3.04,2680,0,1,504.04,0.0252,1.0000,0.0,0.0,2001.227,1,127.42,200.0,1.957
s_trail20,eva028-CoreRiskV1,s_trail20,XAUUSD_HIST,M1,50,50,51,trend,1,trend_buy,sl,sl,1,2023.03.24 10:15:00,1679652900000,1999.511,2023.03.24 10:25:20,1679653520000,1996.146,0.01,1992.096,0.000,-3.36,0.00,0.00,-3.36,620,0,1,743.45,0.0372,1.0000,0.0,0.0,1997.234,1,142.32,200.0,2.004
s_trail20,eva028-CoreRiskV1,s_trail20,XAUUSD_HIST,M1,52,52,53,trend,1,trend_buy,sl,sl,1,2023.03.24 10:26:00,1679653560000,1996.809,2023.03.24 10:45:40,1679654740000,1994.657,0.01,1989.202,0.000,-2.15,0.00,0.00,-2.15,1180,0,1,1008.47,0.0505,1.0000,0.0,0.0,1996.809,1,170.47,200.0,2.056
s_trail20,eva028-CoreRiskV1,s_trail20,XAUUSD_HIST,M1,54,54,55,trend,1,trend_buy,trend_state_exit,expert,1,2023.03.24 10:46:00,1679654760000,1995.181,2023.03.24 10:50:00,1679655000000,1993.884,0.01,1986.714,0.000,-1.30,0.00,0.00,-1.30,240,0,1,606.50,0.0304,1.0000,0.0,0.0,1996.772,1,178.18,200.0,2.288
s_trail20,eva028-CoreRiskV1,s_trail20,XAUUSD_HIST,M1,56,56,57,trend,-1,trend_sell,trend_state_exit,expert,1,2023.03.27 10:10:00,1679911800000,1953.068,2023.03.27 11:30:00,1679916600000,1952.991,0.01,1961.949,0.000,0.08,0.00,0.00,0.08,4800,0,2,994.64,0.0509,1.0000,0.0,0.0,1954.417,1,137.90,200.0,2.400
s_trail20,eva028-CoreRiskV1,s_trail20,XAUUSD_HIST,M1,58,58,59,trend,1,trend_buy,sl,sl,1,2023.03.30 16:35:00,1680194100000,1981.953,2023.03.30 17:07:40,1680196060000,1980.488,0.01,1975.491,0.000,-1.46,0.00,0.00,-1.46,1960,0,1,487.25,0.0246,1.0000,0.0,0.0,1980.788,1,106.00,200.0,1.746
s_trail20,eva028-CoreRiskV1,s_trail20,XAUUSD_HIST,M1,60,60,61,trend,1,trend_buy,trend_state_exit,expert,1,2023.03.30 17:08:00,1680196080000,1980.647,2023.03.30 17:25:00,1680197100000,1979.730,0.01,1973.660,0.000,-0.92,0.00,0.00,-0.92,1020,0,1,395.17,0.0200,1.0000,0.0,0.0,1981.722,1,107.63,200.0,1.888
s_trail20,eva028-CoreRiskV1,s_trail20,XAUUSD_HIST,M1,62,62,63,trend,1,trend_buy,sl,sl,1,2023.04.04 14:15:00,1680617700000,2016.904,2023.04.04 14:52:40,1680619960000,2016.320,0.01,2004.520,0.000,-0.58,0.00,0.00,-0.58,2260,0,1,2601.44,0.1290,1.0000,0.0,0.0,1999.938,1,326.75,720.0,3.347
s_trail20,eva028-CoreRiskV1,s_trail20,XAUUSD_HIST,M1,64,64,65,trend,1,trend_buy,trend_state_exit,expert,1,2023.04.04 14:55:00,1680620100000,2019.817,2023.04.04 16:45:00,1680626700000,2020.349,0.01,2002.620,0.000,0.53,0.00,0.00,0.53,6600,0,1,1340.52,0.0664,1.0000,0.0,0.0,2019.761,1,378.20,200.0,4.648
s_trail20,eva028-CoreRiskV1,s_trail20,XAUUSD_HIST,M1,66,66,67,trend,1,trend_buy,trend_state_exit,expert,1,2023.04.13 13:01:00,1681390860000,2043.840,2023.04.13 14:25:00,1681395900000,2041.656,0.01,2033.704,0.000,-2.18,0.00,0.00,-2.18,5040,0,1,856.11,0.0419,1.0000,0.0,0.0,2037.992,1,254.88,200.0,2.740
s_trail20,eva028-CoreRiskV1,s_trail20,XAUUSD_HIST,M1,68,68,69,trend,-1,trend_sell,sl,sl,1,2023.04.14 14:55:00,1681484100000,2000.421,2023.04.14 16:54:40,1681491280000,1998.431,0.01,2014.215,0.000,1.99,0.00,0.00,1.99,7180,0,2,1315.81,0.0658,1.0000,0.0,0.0,2003.154,1,274.38,600.0,3.728
s_trail20,eva028-CoreRiskV1,s_trail20,XAUUSD_HIST,M1,70,70,71,trend,-1,trend_sell,sl,sl,1,2023.04.17 14:50:00,1681743000000,1984.836,2023.04.17 15:14:40,1681744480000,1990.459,0.01,1995.602,0.000,-5.62,0.00,0.00,-5.62,1480,0,2,1600.16,0.0806,1.0000,0.0,0.0,1986.593,1,192.97,200.0,2.910
s_trail20,eva028-CoreRiskV1,s_trail20,XAUUSD_HIST,M1,72,72,73,trend,-1,trend_sell,sl,sl,1,2023.04.27 12:55:00,1682600100000,1983.792,2023.04.27 13:02:20,1682600540000,1988.860,0.01,1995.744,0.000,-5.07,0.00,0.00,-5.07,440,0,2,1612.02,0.0813,1.0000,0.0,0.0,1985.676,1,341.23,200.0,3.230
s_trail20,eva028-CoreRiskV1,s_trail20,XAUUSD_HIST,M1,74,74,75,trend,-1,trend_sell,sl,sl,1,2023.04.27 13:03:00,1682600580000,1986.831,2023.04.27 14:05:40,1682604340000,1984.349,0.01,1999.362,0.000,2.48,0.00,0.00,2.48,3760,0,2,1172.91,0.0590,1.0000,0.0,0.0,1987.174,1,369.40,200.0,3.387
s_trail20,eva028-CoreRiskV1,s_trail20,XAUUSD_HIST,M1,76,76,77,trend,-1,trend_sell,trend_state_exit,expert,1,2023.04.27 14:06:00,1682604360000,1984.157,2023.04.27 14:10:00,1682604600000,1985.824,0.01,1999.694,0.000,-1.66,0.00,0.00,-1.66,240,0,2,1068.11,0.0538,1.0000,0.0,0.0,1981.762,1,289.75,200.0,4.199
s_trail20,eva028-CoreRiskV1,s_trail20,XAUUSD_HIST,M1,78,78,79,trend,1,trend_buy,sl,sl,1,2023.05.01 12:49:00,1682945340000,2003.261,2023.05.01 13:33:40,1682948020000,2000.365,0.01,1995.071,0.000,-2.89,0.00,0.00,-2.89,2680,0,1,1016.87,0.0508,1.0000,0.0,0.0,2000.455,1,238.50,200.0,2.213
s_trail20,eva028-CoreRiskV1,s_trail20,XAUUSD_HIST,M1,80,80,81,trend,1,trend_buy,trend_state_exit,expert,1,2023.05.01 13:34:00,1682948040000,2000.461,2023.05.01 13:35:00,1682948100000,2000.115,0.01,1990.718,0.000,-0.34,0.00,0.00,-0.34,60,0,1,790.28,0.0395,1.0000,0.0,0.0,2002.523,1,155.50,200.0,2.633
s_trail20,eva028-CoreRiskV1,s_trail20,XAUUSD_HIST,M1,82,82,83,trend,1,trend_buy,sl,sl,1,2023.05.02 14:25:00,1683037500000,2003.399,2023.05.02 14:56:40,1683039400000,2006.311,0.01,1993.415,0.000,2.91,0.00,0.00,2.91,1900,0,1,1155.43,0.0577,1.0000,0.0,0.0,1998.913,1,306.95,200.0,2.698
s_trail20,eva028-CoreRiskV1,s_trail20,XAUUSD_HIST,M1,84,84,85,trend,1,trend_buy,trend_state_exit,expert,1,2023.05.02 14:57:00,1683039420000,2006.645,2023.05.02 17:30:00,1683048600000,2014.053,0.01,1994.656,0.000,7.40,0.00,0.00,7.40,9180,0,1,941.63,0.0469,1.0000,0.0,0.0,2007.677,1,374.30,200.0,3.240
s_trail20,eva028-CoreRiskV1,s_trail20,XAUUSD_HIST,M1,86,86,87,trend,1,trend_buy,sl,sl,1,2023.05.04 14:30:00,1683210600000,2054.992,2023.05.04 15:05:40,1683212740000,2051.249,0.01,2042.214,0.000,-3.74,0.00,0.00,-3.74,2140,0,1,1583.16,0.0770,1.0000,0.0,0.0,2051.126,1,330.63,200.0,3.454
s_trail20,eva028-CoreRiskV1,s_trail20,XAUUSD_HIST,M1,88,88,89,trend,-1,trend_sell,trend_state_exit,expert,1,2023.05.05 12:51:00,1683291060000,2012.097,2023.05.05 14:25:00,1683296700000,2007.563,0.01,2025.232,0.000,4.54,0.00,0.00,4.54,5640,0,2,2264.91,0.1126,1.0000,0.0,0.0,2018.297,1,367.65,200.0,3.550
s_trail20,eva028-CoreRiskV1,s_trail20,XAUUSD_HIST,M1,90,90,91,trend,1,trend_buy,sl,sl,1,2023.05.11 11:44:00,1683805440000,2038.788,2023.05.11 12:16:40,1683807400000,2035.404,0.01,2032.794,0.000,-3.39,0.00,0.00,-3.39,1960,0,1,624.00,0.0306,1.0000,0.0,0.0,2038.810,1,134.05,200.0,1.620
s_trail20,eva028-CoreRiskV1,s_trail20,XAUUSD_HIST,M1,92,92,93,trend,1,trend_buy,sl,sl,1,2023.05.11 12:17:00,1683807420000,2035.306,2023.05.11 12:18:20,1683807500000,2028.936,0.01,2028.936,0.000,-6.37,0.00,0.00,-6.37,80,0,1,418.68,0.0206,1.0000,0.0,0.0,2035.888,1,109.38,200.0,1.722
s_trail20,eva028-CoreRiskV1,s_trail20,XAUUSD_HIST,M1,94,94,95,trend,1,trend_buy,trend_state_exit,expert,1,2023.05.11 12:19:00,1683807540000,2031.791,2023.05.11 12:20:00,1683807600000,2032.958,0.01,2025.421,0.000,1.17,0.00,0.00,1.17,60,0,1,1174.17,0.0578,1.0000,0.0,0.0,2035.112,1,134.13,200.0,1.722
s_trail20,eva028-CoreRiskV1,s_trail20,XAUUSD_HIST,M1,96,96,97,trend,-1,trend_sell,trend_state_exit,expert,1,2023.05.18 13:25:00,1684416300000,1961.000,2023.05.18 15:40:00,1684424400000,1955.919,0.01,1970.618,0.000,5.08,0.00,0.00,5.08,8100,0,2,689.35,0.0352,1.0000,0.0,0.0,1963.270,1,214.75,200.0,2.600
s_trail20,eva028-CoreRiskV1,s_trail20,XAUUSD_HIST,M1,98,98,99,trend,1,trend_buy,sl,sl,1,2023.06.01 13:45:00,1685627100000,1973.297,2023.06.01 14:06:40,1685628400000,1971.310,0.01,1962.997,0.000,-1.99,0.00,0.00,-1.99,1300,0,1,782.19,0.0396,1.0000,0.0,0.0,1971.846,1,156.20,200.0,2.784
s_trail20,eva028-CoreRiskV1,s_trail20,XAUUSD_HIST,M1,100,100,101,trend,1,trend_buy,sl,sl,1,2023.06.01 14:07:00,1685628420000,1971.023,2023.06.01 16:23:40,1685636620000,1979.313,0.01,1961.943,0.000,8.29,0.00,0.00,8.29,8200,0,1,1135.09,0.0576,1.0000,0.0,0.0,1972.872,1,215.43,200.0,2.454
s_trail20,eva028-CoreRiskV1,s_trail20,XAUUSD_HIST,M1,102,102,103,trend,-1,trend_sell,sl,sl,1,2023.06.07 15:50:00,1686153000000,1949.098,2023.06.07 17:34:40,1686159280000,1944.797,0.01,1957.297,0.000,4.30,0.00,0.00,4.30,6280,0,2,548.87,0.0282,1.0000,0.0,0.0,1951.488,1,118.42,200.0,2.216
s_trail20,eva028-CoreRiskV1,s_trail20,XAUUSD_HIST,M1,104,104,105,trend,-1,trend_sell,sl,sl,1,2023.06.13 15:30:00,1686670200000,1945.216,2023.06.13 16:08:40,1686672520000,1946.304,0.01,1952.462,0.000,-1.08,0.00,0.00,-1.08,2320,0,2,525.38,0.0270,1.0000,0.0,0.0,1948.379,1,116.85,200.0,1.958
s_trail20,eva028-CoreRiskV1,s_trail20,XAUUSD_HIST,M1,106,106,107,trend,-1,trend_sell,trend_state_exit,expert,1,2023.06.13 16:09:00,1686672540000,1946.125,2023.06.13 16:20:00,1686673200000,1946.638,0.01,1953.411,0.000,-0.51,0.00,0.00,-0.51,660,0,2,501.55,0.0258,1.0000,0.0,0.0,1944.690,1,125.20,200.0,1.969
s_trail20,eva028-CoreRiskV1,s_trail20,XAUUSD_HIST,M1,108,108,109,trend,1,trend_buy,sl,sl,1,2023.06.15 13:55:00,1686837300000,1951.760,2023.06.15 14:55:40,1686840940000,1953.493,0.01,1939.123,0.000,1.73,0.00,0.00,1.73,3640,0,1,993.06,0.0509,1.0000,0.0,0.0,1946.787,1,192.95,200.0,3.416
s_trail20,eva028-CoreRiskV1,s_trail20,XAUUSD_HIST,M1,110,110,111,trend,1,trend_buy,trend_state_exit,expert,1,2023.06.15 14:56:00,1686840960000,1953.370,2023.06.15 15:10:00,1686841800000,1952.336,0.01,1943.896,0.000,-1.03,0.00,0.00,-1.03,840,0,1,404.09,0.0207,1.0000,0.0,0.0,1954.256,1,131.88,200.0,2.560
s_trail20,eva028-CoreRiskV1,s_trail20,XAUUSD_HIST,M1,112,112,113,trend,-1,trend_sell,sl,sl,1,2023.06.20 13:53:00,1687269180000,1932.991,2023.06.20 14:56:40,1687273000000,1934.796,0.01,1941.896,0.000,-1.81,0.00,0.00,-1.81,3820,0,2,818.45,0.0423,1.0000,0.0,0.0,1933.684,1,182.95,200.0,2.407
s_trail20,eva028-CoreRiskV1,s_trail20,XAUUSD_HIST,M1,114,114,115,trend,-1,trend_sell,trend_state_exit,expert,1,2023.06.20 14:57:00,1687273020000,1934.835,2023.06.20 15:00:00,1687273200000,1934.969,0.01,1943.428,0.000,-0.13,0.00,0.00,-0.13,180,0,2,678.86,0.0351,1.0000,0.0,0.0,1933.586,1,137.35,400.0,2.323
s_trail20,eva028-CoreRiskV1,s_trail20,XAUUSD_HIST,M1,116,116,117,trend,1,trend_buy,sl,sl,1,2023.07.07 14:45:00,1688741100000,1932.745,2023.07.07 15:06:40,1688742400000,1929.954,0.01,1924.051,0.000,-2.80,0.00,0.00,-2.80,1300,0,1,482.88,0.0250,1.0000,0.0,0.0,1930.676,1,145.35,200.0,2.350
s_trail20,eva028-CoreRiskV1,s_trail20,XAUUSD_HIST,M1,118,118,119,trend,1,trend_buy,trend_state_exit,expert,1,2023.07.07 15:07:00,1688742420000,1929.423,2023.07.07 15:10:00,1688742600000,1929.391,0.01,1921.502,0.000,-0.03,0.00,0.00,-0.03,180,0,1,799.67,0.0415,1.0000,0.0,0.0,1933.107,1,139.45,200.0,2.141
s_trail20,eva028-CoreRiskV1,s_trail20,XAUUSD_HIST,M1,120,120,121,trend,-1,trend_sell,trend_state_exit,expert,1,2023.07.27 13:45:00,1690465500000,1947.108,2023.07.27 15:45:00,1690472700000,1945.738,0.01,1961.536,0.000,1.37,0.00,0.00,1.37,7200,0,2,1746.00,0.0897,1.0000,0.0,0.0,1949.995,1,211.15,200.0,3.900
s_trail20,eva028-CoreRiskV1,s_trail20,XAUUSD_HIST,M1,122,122,123,trend,-1,trend_sell,sl,sl,1,2023.09.27 14:26:00,1695824760000,1886.694,2023.09.27 17:52:40,1695837160000,1875.247,0.01,1893.085,0.000,11.44,0.00,0.00,11.44,12400,0,2,617.78,0.0327,1.0000,0.0,0.0,1886.309,1,109.55,200.0,1.727
s_trail20,eva028-CoreRiskV1,s_trail20,XAUUSD_HIST,M1,124,124,125,trend,1,trend_buy,trend_state_exit,expert,1,2023.10.13 17:05:00,1697216700000,1928.156,2023.10.13 18:40:00,1697222400000,1927.885,0.01,1922.781,0.000,-0.27,0.00,0.00,-0.27,5700,0,1,454.07,0.0236,1.0000,0.0,0.0,1927.429,1,83.28,200.0,1.453
s_trail20,eva028-CoreRiskV1,s_trail20,XAUUSD_HIST,M1,126,126,127,trend,1,trend_buy,trend_state_exit,expert,1,2023.10.20 15:15:00,1697814900000,1994.002,2023.10.20 15:55:00,1697817300000,1992.594,0.01,1984.212,0.000,-1.41,0.00,0.00,-1.41,2400,0,1,533.93,0.0268,1.0000,0.0,0.0,1993.222,1,124.28,200.0,2.646
s_trail20,eva028-CoreRiskV1,s_trail20,XAUUSD_HIST,M1,128,128,129,trend,1,trend_buy,sl,sl,1,2023.10.24 16:25:00,1698164700000,1972.845,2023.10.24 18:06:40,1698170800000,1974.836,0.01,1966.617,0.000,1.99,0.00,0.00,1.99,6100,0,1,480.36,0.0244,1.0000,0.0,0.0,1971.775,1,88.95,200.0,1.683
s_trail20,eva028-CoreRiskV1,s_trail20,XAUUSD_HIST,M1,130,130,131,trend,1,trend_buy,sl,sl,1,2023.10.27 17:55:00,1698429300000,1995.118,2023.10.27 18:41:40,1698432100000,2003.115,0.01,1988.333,0.000,8.00,0.00,0.00,8.00,2800,0,1,550.06,0.0276,1.0000,0.0,0.0,1994.233,1,118.63,200.0,1.834
s_trail20,eva028-CoreRiskV1,s_trail20,XAUUSD_HIST,M1,132,132,133,trend,1,trend_buy,trend_state_exit,expert,1,2023.10.27 18:42:00,1698432120000,2003.413,2023.10.27 20:10:00,1698437400000,2005.393,0.01,1992.835,0.000,1.98,0.00,0.00,1.98,5280,0,1,1021.67,0.0510,1.0000,0.0,0.0,2003.627,1,153.88,200.0,2.859
s_trail20,eva028-CoreRiskV1,s_trail20,XAUUSD_HIST,M1,134,134,135,trend,1,trend_buy,trend_state_exit,expert,1,2023.11.28 15:10:00,1701184200000,2025.541,2023.11.28 15:15:00,1701184500000,2024.090,0.01,2016.557,0.000,-1.45,0.00,0.00,-1.45,300,0,1,759.24,0.0375,1.0000,0.0,0.0,2025.584,1,150.35,200.0,2.428
s_trail20,eva028-CoreRiskV1,s_trail20,XAUUSD_HIST,M1,136,136,137,trend,-1,trend_sell,sl,sl,1,2023.12.04 08:05:00,1701677100000,2059.313,2023.12.04 08:41:40,1701679300000,2067.559,0.01,2073.302,0.000,-8.25,0.00,0.00,-8.25,2200,0,2,1506.88,0.0732,1.0000,0.0,0.0,2064.187,1,225.10,200.0,3.781
s_trail20,eva028-CoreRiskV1,s_trail20,XAUUSD_HIST,M1,138,138,139,trend,-1,trend_sell,trend_state_exit,expert,1,2023.12.04 08:42:00,1701679320000,2066.781,2023.12.04 08:45:00,1701679500000,2068.491,0.01,2079.769,0.000,-1.71,0.00,0.00,-1.71,180,0,2,633.43,0.0306,1.0000,0.0,0.0,2065.323,1,162.97,200.0,3.510
s_trail20,eva028-CoreRiskV1,s_trail20,XAUUSD_HIST,M1,140,140,141,trend,-1,trend_sell,sl,sl,1,2023.12.04 14:25:00,1701699900000,2043.851,2023.12.04 15:00:40,1701702040000,2050.949,0.01,2056.599,0.000,-7.10,0.00,0.00,-7.10,2140,0,2,1025.60,0.0502,1.0000,0.0,0.0,2049.220,1,235.70,200.0,3.445
s_trail20,eva028-CoreRiskV1,s_trail20,XAUUSD_HIST,M1,142,142,143,trend,-1,trend_sell,trend_state_exit,expert,1,2023.12.04 15:01:00,1701702060000,2050.938,2023.12.04 15:05:00,1701702300000,2051.659,0.01,2064.852,0.000,-0.72,0.00,0.00,-0.72,240,0,2,999.15,0.0487,1.0000,0.0,0.0,2049.535,1,253.75,200.0,3.760
s_trail20,eva028-CoreRiskV1,s_trail20,XAUUSD_HIST,M1,144,144,145,trend,-1,trend_sell,sl,sl,1,2023.12.08 14:25:00,1702045500000,2004.824,2023.12.08 15:00:40,1702047640000,2011.082,0.01,2020.323,0.000,-6.26,0.00,0.00,-6.26,2140,0,2,1024.70,0.0511,1.0000,0.0,0.0,2010.999,1,317.25,200.0,4.189
s_trail20,eva028-CoreRiskV1,s_trail20,XAUUSD_HIST,M1,146,146,147,trend,-1,trend_sell,trend_state_exit,expert,1,2023.12.08 15:01:00,1702047660000,2011.636,2023.12.08 15:15:00,1702048500000,2011.277,0.01,2027.131,0.000,0.36,0.00,0.00,0.36,840,0,2,988.63,0.0491,1.0000,0.0,0.0,2009.215,1,270.75,199.0,4.188
s_trail20,eva028-CoreRiskV1,s_trail20,XAUUSD_HIST,M1,148,148,149,trend,-1,trend_sell,trend_state_exit,expert,1,2023.12.08 17:10:00,1702055400000,1997.011,2023.12.08 18:20:00,1702059600000,1998.583,0.01,2005.597,0.000,-1.57,0.00,0.00,-1.57,4200,0,2,935.12,0.0468,1.0000,0.0,0.0,2000.292,1,117.15,200.0,2.320
s_trail20,eva028-CoreRiskV1,s_trail20,XAUUSD_HIST,M1,150,150,151,trend,-1,trend_sell,sl,sl,1,2024.01.03 12:36:00,1704285360000,2044.247,2024.01.03 14:50:40,1704293440000,2037.519,0.01,2051.881,0.000,6.73,0.00,0.00,6.73,8080,0,2,856.45,0.0419,1.0000,0.0,0.0,2044.294,1,125.67,200.0,2.063
s_trail20,eva028-CoreRiskV1,s_trail20,XAUUSD_HIST,M1,152,152,153,trend,-1,trend_sell,sl,sl,1,2024.01.03 14:51:00,1704293460000,2037.901,2024.01.03 15:00:40,1704294040000,2042.752,0.01,2046.871,0.000,-4.85,0.00,0.00,-4.85,580,0,2,790.66,0.0388,1.0000,0.0,0.0,2036.631,1,158.43,200.0,2.424
s_trail20,eva028-CoreRiskV1,s_trail20,XAUUSD_HIST,M1,154,154,155,trend,-1,trend_sell,sl,sl,1,2024.01.03 15:01:00,1704294060000,2042.206,2024.01.03 15:03:40,1704294220000,2047.649,0.01,2051.055,0.000,-5.44,0.00,0.00,-5.44,160,0,2,1287.20,0.0630,1.0000,0.0,0.0,2038.270,1,166.18,200.0,2.392
s_trail20,eva028-CoreRiskV1,s_trail20,XAUUSD_HIST,M1,156,156,157,trend,-1,trend_sell,trend_state_exit,expert,1,2024.01.03 15:04:00,1704294240000,2047.506,2024.01.03 15:05:00,1704294300000,2047.030,0.01,2056.355,0.000,0.48,0.00,0.00,0.48,60,0,2,1510.36,0.0738,1.0000,0.0,0.0,2039.585,1,174.05,200.0,2.392
s_trail20,eva028-CoreRiskV1,s_trail20,XAUUSD_HIST,M1,158,158,159,trend,-1,trend_sell,sl,sl,1,2024.01.09 16:10:00,1704816600000,2026.325,2024.01.09 16:25:40,1704817540000,2030.576,0.01,2032.746,0.000,-4.25,0.00,0.00,-4.25,940,0,2,933.01,0.0460,1.0000,0.0,0.0,2028.233,1,121.78,200.0,1.735
s_trail20,eva028-CoreRiskV1,s_trail20,XAUUSD_HIST,M1,160,160,161,trend,-1,trend_sell,trend_state_exit,expert,1,2024.01.09 16:26:00,1704817560000,2030.383,2024.01.09 16:40:00,1704818400000,2031.214,0.01,2036.971,0.000,-0.83,0.00,0.00,-0.83,840,0,2,603.70,0.0297,1.0000,0.0,0.0,2028.541,1,131.70,200.0,1.781
s_trail20,eva028-CoreRiskV1,s_trail20,XAUUSD_HIST,M1,162,162,163,trend,1,trend_buy,sl,sl,1,2024.01.30 14:43:00,1706625780000,2046.933,2024.01.30 15:00:40,1706626840000,2043.597,0.01,2040.232,0.000,-3.33,0.00,0.00,-3.33,1060,0,1,576.18,0.0282,1.0000,0.0,0.0,2046.144,1,158.30,199.0,1.811
s_trail20,eva028-CoreRiskV1,s_trail20,XAUUSD_HIST,M1,164,164,165,trend,1,trend_buy,trend_state_exit,expert,1,2024.01.30 15:01:00,1706626860000,2043.649,2024.01.30 15:05:00,1706627100000,2042.059,0.01,2036.956,0.000,-1.59,0.00,0.00,-1.59,240,0,1,879.36,0.0430,1.0000,0.0,0.0,2046.128,1,153.22,199.0,1.809
s_trail20,eva028-CoreRiskV1,s_trail20,XAUUSD_HIST,M1,166,166,167,trend,1,trend_buy,sl,sl,1,2024.01.31 15:08:00,1706713680000,2053.084,2024.01.31 16:04:40,1706717080000,2050.501,0.01,2044.364,0.000,-2.58,0.00,0.00,-2.58,3400,0,1,986.52,0.0481,1.0000,0.0,0.0,2052.413,1,180.22,200.0,2.357
s_trail20,eva028-CoreRiskV1,s_trail20,XAUUSD_HIST,M1,168,168,169,trend,1,trend_buy,sl,sl,1,2024.02.01 16:10:00,1706803800000,2056.053,2024.02.01 16:59:40,1706806780000,2059.902,0.01,2045.260,0.000,3.85,0.00,0.00,3.85,2980,0,1,829.20,0.0403,1.0000,0.0,0.0,2054.161,1,137.03,200.0,2.917
s_trail20,eva028-CoreRiskV1,s_trail20,XAUUSD_HIST,M1,170,170,171,trend,1,trend_buy,sl,sl,1,2024.02.01 17:00:00,1706806800000,2059.598,2024.02.01 17:39:40,1706809180000,2057.136,0.01,2049.538,0.000,-2.46,0.00,0.00,-2.46,2380,0,1,772.75,0.0375,1.0000,0.0,0.0,2060.380,1,143.60,200.0,2.719
s_trail20,eva028-CoreRiskV1,s_trail20,XAUUSD_HIST,M1,172,172,173,trend,1,trend_buy,trend_state_exit,expert,1,2024.02.29 14:00:00,1709215200000,2047.764,2024.02.29 15:45:00,1709221500000,2047.334,0.01,2039.925,0.000,-0.43,0.00,0.00,-0.43,6300,0,1,733.71,0.0358,1.0000,0.0,0.0,2045.895,1,230.43,199.0,2.119
s_trail20,eva028-CoreRiskV1,s_trail20,XAUUSD_HIST,M1,174,174,175,trend,1,trend_buy,sl,sl,1,2024.03.01 15:55:00,1709308500000,2070.754,2024.03.01 18:55:00,1709319300000,2084.870,0.01,2059.479,0.000,14.12,0.00,0.00,14.12,10800,0,1,574.29,0.0277,1.0000,0.0,0.0,2065.062,1,162.03,200.0,3.047
s_trail20,eva028-CoreRiskV1,s_trail20,XAUUSD_HIST,M1,176,176,177,trend,-1,trend_sell,trend_state_exit,expert,1,2024.03.21 14:00:00,1711029600000,2191.779,2024.03.21 16:00:00,1711036800000,2174.906,0.01,2201.772,0.000,16.87,0.00,0.00,16.87,7200,0,2,1087.52,0.0496,1.0000,0.0,0.0,2195.151,1,217.90,200.0,2.701
s_trail20,eva028-CoreRiskV1,s_trail20,XAUUSD_HIST,M1,178,178,179,trend,1,trend_buy,sl,sl,1,2024.03.28 10:52:00,1711623120000,2213.624,2024.03.28 11:38:40,1711625920000,2208.670,0.01,2205.311,0.000,-4.95,0.00,0.00,-4.95,2800,0,1,997.11,0.0450,1.0000,0.0,0.0,2212.547,1,162.50,200.0,2.247
s_trail20,eva028-CoreRiskV1,s_trail20,XAUUSD_HIST,M1,180,180,181,trend,1,trend_buy,trend_state_exit,expert,1,2024.03.28 11:39:00,1711625940000,2208.685,2024.03.28 11:40:00,1711626000000,2207.434,0.01,2198.664,0.000,-1.26,0.00,0.00,-1.26,60,0,1,608.54,0.0276,1.0000,0.0,0.0,2210.671,1,114.47,200.0,2.708
s_trail20,eva028-CoreRiskV1,s_trail20,XAUUSD_HIST,M1,182,182,183,trend,1,trend_buy,sl,sl,1,2024.03.28 16:35:00,1711643700000,2221.155,2024.03.28 16:50:40,1711644640000,2220.467,0.01,2213.886,0.000,-0.69,0.00,0.00,-0.69,940,0,1,603.62,0.0272,1.0000,0.0,0.0,2218.022,1,110.17,200.0,1.965
s_trail20,eva028-CoreRiskV1,s_trail20,XAUUSD_HIST,M1,184,184,185,trend,1,trend_buy,trend_state_exit,expert,1,2024.03.28 16:51:00,1711644660000,2220.469,2024.03.28 17:15:00,1711646100000,2219.241,0.01,2212.164,0.000,-1.23,0.00,0.00,-1.23,1440,0,1,906.66,0.0408,1.0000,0.0,0.0,2221.426,1,120.22,200.0,2.244
s_trail20,eva028-CoreRiskV1,s_trail20,XAUUSD_HIST,M1,186,186,187,trend,1,trend_buy,sl,sl,1,2024.04.02 18:10:00,1712081400000,2270.983,2024.04.02 22:31:40,1712097100000,2283.785,0.01,2264.244,0.000,12.81,0.00,0.00,12.81,15700,0,1,730.97,0.0322,1.0000,0.0,0.0,2267.560,1,101.85,200.0,1.821
s_trail20,eva028-CoreRiskV1,s_trail20,XAUUSD_HIST,M1,188,188,189,trend,1,trend_buy,trend_state_exit,expert,1,2024.04.02 22:32:00,1712097120000,2283.619,2024.04.02 22:55:00,1712098500000,2281.766,0.01,2277.029,0.000,-1.85,0.00,0.00,-1.85,1380,0,1,1162.83,0.0509,1.0000,0.0,0.0,2284.252,1,68.20,600.0,1.781
s_trail20,eva028-CoreRiskV1,s_trail20,XAUUSD_HIST,M1,190,190,191,trend,-1,trend_sell,trend_state_exit,expert,1,2024.04.05 01:33:00,1712280780000,2269.622,2024.04.05 03:00:00,1712286000000,2273.991,0.01,2279.742,0.000,-4.37,0.00,0.00,-4.37,5220,0,2,1299.13,0.0572,1.0000,0.0,0.0,2273.021,1,206.50,200.0,2.735
s_trail20,eva028-CoreRiskV1,s_trail20,XAUUSD_HIST,M1,192,192,193,trend,1,trend_buy,sl,sl,1,2024.04.09 09:30:00,1712655000000,2364.928,2024.04.09 10:09:40,1712657380000,2360.909,0.01,2358.035,0.000,-4.02,0.00,0.00,-4.02,2380,0,1,907.55,0.0384,1.0000,0.0,0.0,2362.985,1,129.65,200.0,1.863
s_trail20,eva028-CoreRiskV1,s_trail20,XAUUSD_HIST,M1,194,194,195,trend,-1,trend_sell,trend_state_exit,expert,1,2024.04.12 18:07:00,1712945220000,2355.578,2024.04.12 19:25:00,1712949900000,2342.805,0.01,2377.607,0.000,12.77,0.00,0.00,12.77,4680,0,2,1138.84,0.0483,1.0000,0.0,0.0,2355.109,1,373.35,200.0,5.954
s_trail20,eva028-CoreRiskV1,s_trail20,XAUUSD_HIST,M1,196,196,197,trend,-1,trend_sell,sl,sl,1,2024.04.17 16:45:00,1713372300000,2365.947,2024.04.17 16:59:40,1713373180000,2371.344,0.01,2381.150,0.000,-5.39,0.00,0.00,-5.39,880,0,2,1744.60,0.0737,1.0000,0.0,0.0,2372.448,1,344.23,199.0,4.109
s_trail20,eva028-CoreRiskV1,s_trail20,XAUUSD_HIST,M1,198,198,199,trend,-1,trend_sell,trend_state_exit,expert,1,2024.04.17 17:21:00,1713374460000,2370.356,2024.04.17 17:35:00,1713375300000,2374.602,0.01,2387.262,0.000,-4.24,0.00,0.00,-4.24,840,0,2,1358.28,0.0573,1.0000,0.0,0.0,2370.844,1,377.95,200.0,4.569
s_trail20,eva028-CoreRiskV1,s_trail20,XAUUSD_HIST,M1,200,200,201,trend,1,trend_buy,sl,sl,1,2024.05.09 12:56:00,1715259360000,2326.973,2024.05.09 13:10:40,1715260240000,2321.977,0.01,2318.330,0.000,-4.99,0.00,0.00,-4.99,880,0,1,835.39,0.0359,1.0000,0.0,0.0,2326.171,1,190.72,200.0,2.336
s_trail20,eva028-CoreRiskV1,s_trail20,XAUUSD_HIST,M1,202,202,203,trend,1,trend_buy,trend_state_exit,expert,1,2024.05.09 13:11:00,1715260260000,2318.053,2024.05.09 13:15:00,1715260500000,2314.829,0.01,2308.739,0.000,-3.22,0.00,0.00,-3.22,240,0,1,1567.53,0.0676,1.0000,0.0,0.0,2323.091,1,214.53,200.0,2.517
s_trail20,eva028-CoreRiskV1,s_trail20,XAUUSD_HIST,M1,204,204,205,trend,1,trend_buy,sl,sl,1,2024.05.17 14:55:00,1715957700000,2415.352,2024.05.17 15:11:40,1715958700000,2411.024,0.01,2402.751,0.000,-4.33,0.00,0.00,-4.33,1000,0,1,978.11,0.0405,1.0000,0.0,0.0,2411.077,1,227.07,200.0,3.406
s_trail20,eva028-CoreRiskV1,s_trail20,XAUUSD_HIST,M1,206,206,207,trend,1,trend_buy,trend_state_exit,expert,1,2024.05.17 15:12:00,1715958720000,2410.835,2024.05.17 15:15:00,1715958900000,2408.001,0.01,2397.676,0.000,-2.84,0.00,0.00,-2.84,180,0,1,1271.63,0.0528,1.0000,0.0,0.0,2414.494,1,250.18,200.0,3.557
s_trail20,eva028-CoreRiskV1,s_trail20,XAUUSD_HIST,M1,208,208,209,trend,1,trend_buy,trend_state_exit,expert,1,2024.05.20 06:00:00,1716184800000,2449.761,2024.05.20 06:20:00,1716186000000,2444.980,0.01,2441.265,0.000,-4.78,0.00,0.00,-4.78,1200,0,1,757.59,0.0309,1.0000,0.0,0.0,2449.281,1,183.15,200.0,2.296
s_trail20,eva028-CoreRiskV1,s_trail20,XAUUSD_HIST,M1,210,210,211,trend,-1,trend_sell,sl,sl,1,2024.06.07 19:25:00,1717788300000,2295.163,2024.06.07 20:22:40,1717791760000,2291.448,0.01,2302.436,0.000,3.71,0.00,0.00,3.71,3460,0,2,771.82,0.0336,1.0000,0.0,0.0,2296.209,1,121.10,200.0,1.966
s_trail20,eva028-CoreRiskV1,s_trail20,XAUUSD_HIST,M1,212,212,213,trend,-1,trend_sell,trend_state_exit,expert,1,2024.06.07 20:23:00,1717791780000,2291.974,2024.06.07 20:50:00,1717793400000,2294.121,0.01,2300.044,0.000,-2.15,0.00,0.00,-2.15,1620,0,2,780.64,0.0341,1.0000,0.0,0.0,2288.286,1,121.45,200.0,2.181
s_trail20,eva028-CoreRiskV1,s_trail20,XAUUSD_HIST,M1,214,214,215,trend,1,trend_buy,trend_state_exit,expert,1,2024.06.10 12:41:00,1718023260000,2306.149,2024.06.10 13:30:00,1718026200000,2303.870,0.01,2297.838,0.000,-2.28,0.00,0.00,-2.28,2940,0,1,776.15,0.0337,1.0000,0.0,0.0,2306.104,1,145.40,200.0,2.246
s_trail20,eva028-CoreRiskV1,s_trail20,XAUUSD_HIST,M1,216,216,217,trend,1,trend_buy,sl,sl,1,2024.06.12 13:15:00,1718198100000,2340.883,2024.06.12 13:36:40,1718199400000,2331.946,0.01,2327.523,0.000,-8.93,0.00,0.00,-8.93,1300,0,1,1326.06,0.0567,1.0000,0.0,0.0,2338.965,1,373.90,200.0,3.611
s_trail20,eva028-CoreRiskV1,s_trail20,XAUUSD_HIST,M1,218,218,219,trend,-1,trend_sell,trend_state_exit,expert,1,2024.06.21 13:55:00,1718978100000,2335.861,2024.06.21 18:25:00,1718994300000,2320.661,0.01,2349.686,0.000,15.20,0.00,0.00,15.20,16200,0,2,2847.72,0.1219,1.0000,0.0,0.0,2345.258,1,332.13,199.0,3.736
s_trail20,eva028-CoreRiskV1,s_trail20,XAUUSD_HIST,M1,220,220,221,trend,-1,trend_sell,sl,sl,1,2024.06.26 13:35:00,1719408900000,2298.294,2024.06.26 14:03:40,1719410620000,2300.391,0.01,2308.536,0.000,-2.10,0.00,0.00,-2.10,1720,0,2,1083.43,0.0471,1.0000,0.0,0.0,2300.428,1,217.38,200.0,2.768
s_trail20,eva028-CoreRiskV1,s_trail20,XAUUSD_HIST,M1,222,222,223,trend,-1,trend_sell,trend_state_exit,expert,1,2024.06.26 14:04:00,1719410640000,2300.895,2024.06.26 14:55:00,1719413700000,2299.669,0.01,2312.122,0.000,1.23,0.00,0.00,1.23,3060,0,2,1049.93,0.0456,1.0000,0.0,0.0,2297.629,1,221.78,200.0,3.034
s_trail20,eva028-CoreRiskV1,s_trail20,XAUUSD_HIST,M1,224,224,225,trend,1,trend_buy,sl,sl,1,2024.07.02 14:07:00,1719929220000,2331.057,2024.07.02 14:09:40,1719929380000,2325.486,0.01,2321.653,0.000,-5.57,0.00,0.00,-5.57,160,0,1,1167.02,0.0501,1.0000,0.0,0.0,2331.278,1,229.38,199.0,2.542
s_trail20,eva028-CoreRiskV1,s_trail20,XAUUSD_HIST,M1,226,226,227,trend,1,trend_buy,trend_state_exit,expert,1,2024.07.15 15:05:00,1721055900000,2433.022,2024.07.15 16:15:00,1721060100000,2432.171,0.01,2422.903,0.000,-0.85,0.00,0.00,-0.85,4200,0,1,1131.85,0.0465,1.0000,0.0,0.0,2429.150,1,175.90,180.0,2.735
s_trail20,eva028-CoreRiskV1,s_trail20,XAUUSD_HIST,M1,228,228,229,trend,1,trend_buy,sl,sl,1,2024.07.16 15:05:00,1721142300000,2454.549,2024.07.16 16:05:40,1721145940000,2459.131,0.01,2443.344,0.000,4.58,0.00,0.00,4.58,3640,0,1,834.25,0.0340,1.0000,0.0,0.0,2451.685,1,174.00,180.0,3.028
s_trail20,eva028-CoreRiskV1,s_trail20,XAUUSD_HIST,M1,230,230,231,trend,1,trend_buy,trend_state_exit,expert,1,2024.07.16 16:06:00,1721145960000,2459.783,2024.07.16 16:10:00,1721146200000,2458.227,0.01,2449.342,0.000,-1.55,0.00,0.00,-1.55,240,0,1,686.07,0.0279,1.0000,0.0,0.0,2462.378,1,159.32,180.0,2.822
s_trail20,eva028-CoreRiskV1,s_trail20,XAUUSD_HIST,M1,232,232,233,trend,-1,trend_sell,sl,sl,1,2024.07.24 18:05:00,1721844300000,2407.254,2024.07.24 22:29:40,1721860180000,2397.337,0.01,2414.621,0.000,9.91,0.00,0.00,9.91,15880,0,2,869.42,0.0361,1.0000,0.0,0.0,2408.628,1,123.53,180.0,1.991
s_trail20,eva028-CoreRiskV1,s_trail20,XAUUSD_HIST,M1,234,234,235,trend,-1,trend_sell,sl,sl,1,2024.07.25 12:15:00,1721909700000,2363.580,2024.07.25 12:22:40,1721910160000,2369.964,0.01,2372.792,0.000,-6.38,0.00,0.00,-6.38,460,0,2,1022.99,0.0433,1.0000,0.0,0.0,2364.299,1,155.15,180.0,2.490
s_trail20,eva028-CoreRiskV1,s_trail20,XAUUSD_HIST,M1,236,236,237,trend,-1,trend_sell,trend_state_exit,expert,1,2024.07.25 12:23:00,1721910180000,2370.382,2024.07.25 12:25:00,1721910300000,2375.059,0.01,2379.946,0.000,-4.68,0.00,0.00,-4.68,120,0,2,1026.79,0.0433,1.0000,0.0,0.0,2366.543,1,174.60,180.0,2.585
s_trail20,eva028-CoreRiskV1,s_trail20,XAUUSD_HIST,M1,238,238,239,trend,1,trend_buy,trend_state_exit,expert,1,2024.07.31 19:30:00,1722454200000,2442.368,2024.07.31 20:55:00,1722459300000,2446.324,0.01,2429.104,0.000,3.95,0.00,0.00,3.95,5100,0,1,1392.65,0.0570,1.0000,0.0,0.0,2438.432,1,264.68,180.0,3.585
s_trail20,eva028-CoreRiskV1,s_trail20,XAUUSD_HIST,M1,240,240,241,trend,1,trend_buy,trend_state_exit,expert,1,2024.08.02 06:18:00,1722579480000,2464.535,2024.08.02 06:45:00,1722581100000,2463.280,0.01,2455.800,0.000,-1.26,0.00,0.00,-1.26,1620,0,1,697.45,0.0283,1.0000,0.0,0.0,2464.659,1,163.22,180.0,2.361
s_trail20,eva028-CoreRiskV1,s_trail20,XAUUSD_HIST,M1,242,242,243,trend,-1,trend_sell,sl,sl,1,2024.08.05 11:45:00,1722858300000,2389.506,2024.08.05 12:56:40,1722862600000,2378.282,0.01,2406.024,0.000,11.23,0.00,0.00,11.23,4300,0,2,1393.51,0.0583,1.0000,0.0,0.0,2393.984,1,335.95,179.0,4.464
s_trail20,eva028-CoreRiskV1,s_trail20,XAUUSD_HIST,M1,244,244,245,trend,1,trend_buy,sl,sl,1,2024.08.16 13:02:00,1723813320000,2487.735,2024.08.16 13:19:40,1723814380000,2484.161,0.01,2476.531,0.000,-3.58,0.00,0.00,-3.58,1060,0,1,1936.59,0.0779,1.0000,0.0,0.0,2482.029,1,286.70,169.0,3.028
s_trail20,eva028-CoreRiskV1,s_trail20,XAUUSD_HIST,M1,246,246,247,trend,1,trend_buy,sl,sl,1,2024.08.16 13:34:00,1723815240000,2488.537,2024.08.16 14:00:40,1723816840000,2489.944,0.01,2473.963,0.000,1.40,0.00,0.00,1.40,1600,0,1,933.55,0.0375,1.0000,0.0,0.0,2488.090,1,375.35,169.0,3.939
s_trail20,eva028-CoreRiskV1,s_trail20,XAUUSD_HIST,M1,248,248,249,trend,1,trend_buy,trend_state_exit,expert,1,2024.08.16 14:01:00,1723816860000,2490.692,2024.08.16 14:05:00,1723817100000,2485.787,0.01,2472.865,0.000,-4.90,0.00,0.00,-4.90,240,0,1,1478.64,0.0594,1.0000,0.0,0.0,2494.352,1,314.13,169.0,4.818
s_trail20,eva028-CoreRiskV1,s_trail20,XAUUSD_HIST,M1,250,250,251,trend,1,trend_buy,trend_state_exit,expert,1,2024.08.20 08:14:00,1724141640000,2517.805,2024.08.20 10:55:00,1724151300000,2521.655,0.01,2507.994,0.000,3.85,0.00,0.00,3.85,9660,0,1,1377.17,0.0547,1.0000,0.0,0.0,2517.878,1,190.53,180.0,2.652
s_trail20,eva028-CoreRiskV1,s_trail20,XAUUSD_HIST,M1,252,252,253,trend,1,trend_buy,sl,sl,1,2024.09.12 12:50:00,1726145400000,2534.644,2024.09.12 12:58:40,1726145920000,2529.121,0.01,2525.350,0.000,-5.52,0.00,0.00,-5.52,520,0,1,1521.33,0.0600,1.0000,0.0,0.0,2528.137,1,295.32,159.0,2.512
s_trail20,eva028-CoreRiskV1,s_trail20,XAUUSD_HIST,M1,254,254,255,trend,1,trend_buy,sl,sl,1,2024.09.12 12:59:00,1726145940000,2529.438,2024.09.12 13:00:40,1726146040000,2522.822,0.01,2520.012,0.000,-6.62,0.00,0.00,-6.62,100,0,1,1608.68,0.0636,1.0000,0.0,0.0,2530.600,1,338.98,159.0,2.547
s_trail20,eva028-CoreRiskV1,s_trail20,XAUUSD_HIST,M1,256,256,257,trend,1,trend_buy,sl,sl,1,2024.09.12 13:01:00,1726146060000,2525.490,2024.09.12 13:17:40,1726147060000,2533.038,0.01,2514.890,0.000,7.55,0.00,0.00,7.55,1000,0,1,1192.03,0.0472,1.0000,0.0,0.0,2529.661,1,375.45,160.0,2.865
s_trail20,eva028-CoreRiskV1,s_trail20,XAUUSD_HIST,M1,258,258,259,trend,1,trend_buy,trend_state_exit,expert,1,2024.09.12 14:38:00,1726151880000,2549.756,2024.09.12 16:10:00,1726157400000,2550.522,0.01,2532.211,0.000,0.76,0.00,0.00,0.76,5520,0,1,1075.08,0.0422,1.0000,0.0,0.0,2547.415,1,378.55,160.0,4.742
s_trail20,eva028-CoreRiskV1,s_trail20,XAUUSD_HIST,M1,260,260,261,trend,1,trend_buy,sl,sl,1,2024.09.19 07:57:00,1726732620000,2583.677,2024.09.19 10:01:40,1726740100000,2590.211,0.01,2575.815,0.000,6.53,0.00,0.00,6.53,7480,0,1,673.73,0.0261,1.0000,0.0,0.0,2582.616,1,166.28,159.0,2.125
s_trail20,eva028-CoreRiskV1,s_trail20,XAUUSD_HIST,M1,262,262,263,trend,1,trend_buy,trend_state_exit,expert,1,2024.09.19 16:00:00,1726761600000,2589.222,2024.09.19 17:15:00,1726766100000,2588.928,0.01,2580.922,0.000,-0.29,0.00,0.00,-0.29,4500,0,1,757.61,0.0293,1.0000,0.0,0.0,2587.862,1,148.03,160.0,2.243
s_trail20,eva028-CoreRiskV1,s_trail20,XAUUSD_HIST,M1,264,264,265,trend,1,trend_buy,sl,sl,1,2024.09.24 14:55:00,1727189700000,2646.073,2024.09.24 15:48:40,1727192920000,2641.530,0.01,2634.301,0.000,-4.54,0.00,0.00,-4.54,3220,0,1,702.54,0.0266,1.0000,0.0,0.0,2641.979,1,285.25,160.0,3.182
s_trail20,eva028-CoreRiskV1,s_trail20,XAUUSD_HIST,M1,266,266,267,trend,1,trend_buy,trend_state_exit,expert,1,2024.09.24 15:49:00,1727192940000,2642.122,2024.09.24 15:50:00,1727193000000,2641.431,0.01,2631.389,0.000,-0.69,0.00,0.00,-0.69,60,0,1,525.65,0.0199,1.0000,0.0,0.0,2642.600,1,215.07,160.0,2.901
s_trail20,eva028-CoreRiskV1,s_trail20,XAUUSD_HIST,M1,268,268,269,trend,-1,trend_sell,sl,sl,1,2024.09.30 11:09:00,1727694540000,2637.435,2024.09.30 11:34:40,1727696080000,2641.005,0.01,2645.175,0.000,-3.57,0.00,0.00,-3.57,1540,0,2,692.06,0.0262,1.0000,0.0,0.0,2637.230,1,219.80,160.0,2.092
s_trail20,eva028-CoreRiskV1,s_trail20,XAUUSD_HIST,M1,270,270,271,trend,-1,trend_sell,sl,sl,1,2024.10.08 15:25:00,1728401100000,2611.022,2024.10.08 15:55:40,1728402940000,2614.370,0.01,2628.060,0.000,-3.35,0.00,0.00,-3.35,1840,0,2,981.73,0.0376,1.0000,0.0,0.0,2613.583,1,376.05,159.0,4.605
s_trail20,eva028-CoreRiskV1,s_trail20,XAUUSD_HIST,M1,272,272,273,trend,-1,trend_sell,trend_state_exit,expert,1,2024.10.08 15:56:00,1728402960000,2614.000,2024.10.08 16:15:00,1728404100000,2615.509,0.01,2629.903,0.000,-1.51,0.00,0.00,-1.51,1140,0,2,706.91,0.0270,1.0000,0.0,0.0,2612.744,1,320.18,159.0,4.298
s_trail20,eva028-CoreRiskV1,s_trail20,XAUUSD_HIST,M1,274,274,275,trend,-1,trend_sell,trend_state_exit,expert,1,2024.10.23 13:30:00,1729690200000,2739.324,2024.10.23 13:55:00,1729691700000,2739.381,0.01,2751.931,0.000,-0.06,0.00,0.00,-0.06,1500,0,2,1152.05,0.0421,1.0000,0.0,0.0,2739.339,1,371.35,160.0,3.407
s_trail20,eva028-CoreRiskV1,s_trail20,XAUUSD_HIST,M1,276,276,277,trend,-1,trend_sell,sl,sl,1,2024.10.31 13:55:00,1730382900000,2756.765,2024.10.31 14:17:40,1730384260000,2755.507,0.01,2769.572,0.000,1.26,0.00,0.00,1.26,1360,0,2,1432.40,0.0520,1.0000,0.0,0.0,2760.037,1,371.98,159.0,3.461
s_trail20,eva028-CoreRiskV1,s_trail20,XAUUSD_HIST,M1,278,278,279,trend,-1,trend_sell,trend_state_exit,expert,1,2024.10.31 15:31:00,1730388660000,2737.821,2024.10.31 16:00:00,1730390400000,2740.776,0.01,2754.468,0.000,-2.96,0.00,0.00,-2.96,1740,0,2,845.79,0.0309,1.0000,0.0,0.0,2737.899,1,377.85,159.0,4.499
s_trail20,eva028-CoreRiskV1,s_trail20,XAUUSD_HIST,M1,280,280,281,trend,-1,trend_sell,trend_state_exit,expert,1,2024.11.11 13:40:00,1731332400000,2640.622,2024.11.11 16:35:00,1731342900000,2617.317,0.01,2654.343,0.000,23.30,0.00,0.00,23.30,10500,0,2,1582.47,0.0599,1.0000,0.0,0.0,2649.911,1,328.68,160.0,3.708
s_trail20,eva028-CoreRiskV1,s_trail20,XAUUSD_HIST,M1,282,282,283,trend,1,trend_buy,trend_state_exit,expert,1,2024.11.18 03:00:00,1731898800000,2591.186,2024.11.18 03:15:00,1731899700000,2589.190,0.01,2580.239,0.000,-2.00,0.00,0.00,-2.00,900,0,1,589.87,0.0228,1.0000,0.0,0.0,2590.815,1,139.20,160.0,2.959
s_trail20,eva028-CoreRiskV1,s_trail20,XAUUSD_HIST,M1,284,284,285,trend,1,trend_buy,trend_state_exit,expert,1,2024.11.18 15:30:00,1731943800000,2611.673,2024.11.18 16:35:00,1731947700000,2611.149,0.01,2601.548,0.000,-0.52,0.00,0.00,-0.52,3900,0,1,601.18,0.0230,1.0000,0.0,0.0,2610.811,1,207.50,160.0,2.737
s_trail20,eva028-CoreRiskV1,s_trail20,XAUUSD_HIST,M1,286,286,287,trend,-1,trend_sell,sl,sl,1,2024.11.25 03:30:00,1732505400000,2671.513,2024.11.25 05:35:40,1732512940000,2669.660,0.01,2687.879,0.000,1.85,0.00,0.00,1.85,7540,0,2,4279.72,0.1602,1.0000,0.0,0.0,2688.002,1,363.60,159.0,4.423
s_trail20,eva028-CoreRiskV1,s_trail20,XAUUSD_HIST,M1,288,288,289,trend,-1,trend_sell,sl,sl,1,2024.11.25 05:36:00,1732512960000,2669.527,2024.11.25 06:00:20,1732514420000,2665.344,0.01,2682.144,0.000,4.19,0.00,0.00,4.19,1460,0,2,1970.50,0.0738,1.0000,0.0,0.0,2668.960,1,200.28,160.0,3.410
s_trail20,eva028-CoreRiskV1,s_trail20,XAUUSD_HIST,M1,290,290,291,trend,-1,trend_sell,trend_state_exit,expert,1,2024.11.25 06:01:00,1732514460000,2664.568,2024.11.25 06:25:00,1732515900000,2668.325,0.01,2678.196,0.000,-3.76,0.00,0.00,-3.76,1440,0,2,1559.71,0.0585,1.0000,0.0,0.0,2663.217,1,333.48,160.0,3.683
s_trail20,eva028-CoreRiskV1,s_trail20,XAUUSD_HIST,M1,292,292,293,trend,-1,trend_sell,sl,sl,1,2024.11.25 18:20:00,1732558800000,2620.738,2024.11.25 18:32:40,1732559560000,2621.016,0.01,2630.245,0.000,-0.28,0.00,0.00,-0.28,760,0,2,669.52,0.0255,1.0000,0.0,0.0,2623.846,1,174.75,159.0,2.569
s_trail20,eva028-CoreRiskV1,s_trail20,XAUUSD_HIST,M1,294,294,295,trend,-1,trend_sell,trend_state_exit,expert,1,2024.11.25 18:33:00,1732559580000,2619.845,2024.11.25 19:20:00,1732562400000,2621.675,0.01,2629.887,0.000,-1.83,0.00,0.00,-1.83,2820,0,2,1104.25,0.0421,1.0000,0.0,0.0,2620.031,1,227.60,160.0,2.714
s_trail20,eva028-CoreRiskV1,s_trail20,XAUUSD_HIST,M1,296,296,297,trend,-1,trend_sell,sl,sl,1,2024.12.12 14:25:00,1734013500000,2686.783,2024.12.12 14:51:40,1734015100000,2689.438,0.01,2701.364,0.000,-2.66,0.00,0.00,-2.66,1600,0,2,1484.02,0.0552,1.0000,0.0,0.0,2691.182,1,73.80,160.0,3.941
s_trail20,eva028-CoreRiskV1,s_trail20,XAUUSD_HIST,M1,298,298,299,trend,-1,trend_sell,trend_state_exit,expert,1,2024.12.12 14:52:00,1734015120000,2689.546,2024.12.12 16:10:00,1734019800000,2682.892,0.01,2704.722,0.000,6.66,0.00,0.00,6.66,4680,0,2,1283.44,0.0477,1.0000,0.0,0.0,2686.290,1,80.60,160.0,4.102
s_trail20,eva028-CoreRiskV1,s_trail20,XAUUSD_HIST,M1,300,300,301,trend,-1,trend_sell,sl,sl,1,2024.12.18 21:04:00,1734555840000,2594.416,2024.12.18 23:09:40,1734563380000,2590.377,0.01,2615.096,0.000,4.04,0.00,0.00,4.04,7540,0,2,1048.92,0.0404,1.0000,0.0,0.0,2594.254,1,379.40,160.0,5.589
s_trail20,eva028-CoreRiskV1,s_trail20,XAUUSD_HIST,M1,302,302,303,trend,-1,trend_sell,trend_state_exit,expert,1,2024.12.18 23:10:00,1734563400000,2589.942,2024.12.18 23:20:00,1734564000000,2592.277,0.01,2601.027,0.000,-2.34,0.00,0.00,-2.34,600,0,2,1043.52,0.0403,1.0000,0.0,0.0,2588.530,1,151.30,160.0,2.996
s_trail20,eva028-CoreRiskV1,s_trail20,XAUUSD_HIST,M1,304,304,305,trend,-1,trend_sell,trend_state_exit,expert,1,2024.12.19 13:52:00,1734616320000,2597.875,2024.12.19 16:25:00,1734625500000,2592.097,0.01,2609.331,0.000,5.78,0.00,0.00,5.78,9180,0,2,1027.49,0.0396,1.0000,0.0,0.0,2601.268,1,294.88,159.0,3.096
s_trail20,eva028-CoreRiskV1,s_trail20,XAUUSD_HIST,M1,306,306,307,trend,1,trend_buy,sl,sl,1,2024.12.20 15:20:00,1734708000000,2624.044,2024.12.20 16:16:40,1734711400000,2625.173,0.01,2613.346,0.000,1.13,0.00,0.00,1.13,3400,0,1,849.46,0.0324,1.0000,0.0,0.0,2621.527,1,291.93,160.0,2.891
s_trail20,eva028-CoreRiskV1,s_trail20,XAUUSD_HIST,M1,308,308,309,trend,1,trend_buy,trend_state_exit,expert,1,2024.12.20 16:17:00,1734711420000,2625.510,2024.12.20 16:25:00,1734711900000,2624.886,0.01,2615.628,0.000,-0.62,0.00,0.00,-0.62,480,0,1,682.46,0.0260,1.0000,0.0,0.0,2627.411,1,246.72,160.0,2.671
