tag,symbol,deposit,model,period,d_from,d_to,expert_input,latency,audit_rows,has_position_id,has_report,ini_sha,holdout,mtime,sa
BS75_test,BTCUSDm,300,2,M1,2025-06-01,2026-05-31,,300/?,,0,1,9A3EC389FFB2629D79A7D6ABC17B545F3ADDC1A7B2CE19966B354592BC24A5F1,no,2026-09-11 22:15,1
BS75_train,BTCUSDm,300,2,M1,2018-02-09,2024-05-31,,300/?,,0,1,6CCAA9DF750120C7C7E56EC63A32A2A142DBE22A6F672F8ED127880E423343A7,no,2026-09-11 22:13,1
BS75_valid,BTCUSDm,300,2,M1,2024-06-01,2025-05-31,,300/?,,0,1,F0B5BA5CF54795ACC066A2E3A72EC198EBD3D9E6C1D07AA2AA0150A599294E56,no,2026-09-11 22:15,1
BS75f,BTCUSDm,300,2,M1,2025-06-01,2026-05-31,,300/?,69,0,1,972E88493483CFDBA4B98C6772F742EBA81216C25014D07B59E5F20461D24E16,no,2026-09-11 22:18,1
BS75t2,BTCUSDm,300,2,M1,2025-06-01,2026-05-31,,300/?,3,0,1,C8A115297817BB46F89355AAC5FCF173ED2612536C1ED396086DB07801AD7AF8,no,2026-09-11 22:16,1
BS75tr2,BTCUSDm,300,2,M1,2018-02-09,2024-05-31,,300/?,671,0,1,3023CCC6FAD1E2F5E971C28C96726F1204C55E2B86952CD4EBAC46C6CBC5F96C,no,2026-09-11 22:19,1
BS75va2,BTCUSDm,300,2,M1,2024-06-01,2025-05-31,,300/?,77,0,1,BF8091796E28113DE77D7FE0A852C5042A759F99C788942A6B2E9A70DEA6352B,no,2026-09-11 22:20,1
BT_btc-001,BTCUSDm,300,2,M1,2018-02-09,2024-05-31,,?/?,20,0,1,9E6B481918996CFA3804EE5DF9C0BC82E659A8956C80462DA5F0F8FE1E4C289A,no,2026-09-11 20:33,0
BT_btc-002,BTCUSDm,300,2,M1,2018-02-09,2024-05-31,,?/?,21,0,1,95AE6C683503173127F2F4EC26A90F593A30113BAB1565C3F5A72161F86CD009,no,2026-09-11 20:33,0
BT_btc-003,BTCUSDm,300,2,M1,2018-02-09,2024-05-31,,?/?,19,0,1,6FC2C71BD5052596EF75321860FC7739DB2C03E29BE60246BB0832C1F1C51528,no,2026-09-11 20:34,0
BT_btc-004,BTCUSDm,300,2,M1,2018-02-09,2024-05-31,,?/?,20,0,1,F083AAF549FA37CF2BBD85530EDF9F31FFD87EBBD48EAF240EDD4F17E5A56338,no,2026-09-11 20:34,0
BT_btc-005,BTCUSDm,300,2,M1,2018-02-09,2024-05-31,,?/?,18,0,1,E261AF16E7913317FE75A755F2EA28E1D4735738A33B4CEC9C6F4C17DA6416EF,no,2026-09-11 20:34,0
BT_btc-006,BTCUSDm,300,2,M1,2018-02-09,2024-05-31,,?/?,7,0,1,7B905EA67A110C0D9712C9617F2F191F405D507D917474CE77A9BFC6DA70AF2E,no,2026-09-11 20:34,0
BT_btc-007,BTCUSDm,300,2,M1,2018-02-09,2024-05-31,,?/?,0,0,1,2838579B2FC031E40E8A934C2EE78F7D951A658272A2B5B6EA7A8B929F97A125,no,2026-09-11 20:35,0
BT_btc-008,BTCUSDm,300,2,M1,2018-02-09,2024-05-31,,?/?,18,0,1,9A9E8C926BD86B7A1231CD2443785D6DFFE445902E768F5C0894E23EF4E2E822,no,2026-09-11 20:35,0
BT_btc-009,BTCUSDm,300,2,M1,2018-02-09,2024-05-31,,?/?,28,0,1,E561BEA08AAA4717CB92219B152781E99129DA8FE903ED21B06DAEC280F311B7,no,2026-09-11 20:35,0
BT_btc-010,BTCUSDm,300,2,M1,2018-02-09,2024-05-31,,?/?,20,0,1,9AFC3433F639C8BA6520D91311D28CFB84654684A6C33105D58D321104635AC9,no,2026-09-11 20:35,0
BT_btc-011,BTCUSDm,300,2,M1,2018-02-09,2024-05-31,,?/?,3,0,1,33A58EC26CAE287882784CA10D1CF1B7DC1C597C9FE3EE7A065E9B815B0C1E07,no,2026-09-11 20:35,0
BT_btc-012,BTCUSDm,300,2,M1,2018-02-09,2024-05-31,,?/?,308,0,1,725B3126372950D8EE4DC4AD10A2566A7A85C4BFD638FA54F9A30E460FAA7022,no,2026-09-11 20:36,0
BT_btc-013,BTCUSDm,300,2,M1,2018-02-09,2024-05-31,,?/?,13,0,1,EF6C6B378A4C98BA845722DFD71C56B58077EB7C09B609AE38BD8DCB3B1C87B9,no,2026-09-11 20:36,0
BT_btc-014,BTCUSDm,300,2,M1,2018-02-09,2024-05-31,,?/?,12,0,1,45360DB771B75364075493D9B66B0DEC6E68E56061D71EBCFA038430475B4020,no,2026-09-11 20:36,0
BT_btc-015,BTCUSDm,300,2,M1,2018-02-09,2024-05-31,,?/?,12,0,1,AF7954061FCDE36B6839B1CF562D6CDB0D7FCF3189A6F4DC6F215D874BE4B729,no,2026-09-11 20:36,0
BT_btc-016,BTCUSDm,300,2,M1,2018-02-09,2024-05-31,,?/?,73,0,1,8CDE3D2C9C4085E0862EAD60D8BAB991CD26807A4E5EDDF43FA61443C0693141,no,2026-09-11 20:37,0
BT_btc-017,BTCUSDm,300,2,M1,2018-02-09,2024-05-31,,?/?,99,0,1,9D40EBE5409A866FE4760952A15C5D169A96B9E86F4E9BF9D1B1BD6E9E4ECC77,no,2026-09-11 20:37,0
BT_btc-018,BTCUSDm,300,2,M1,2018-02-09,2024-05-31,,?/?,73,0,1,1E1ADBB7A0E2DC311010F9F96447F2E5BB0138598547B9868F4CA17872E753A3,no,2026-09-11 20:37,0
BT_btc-019,BTCUSDm,300,2,M1,2018-02-09,2024-05-31,,?/?,131,0,1,85B51D2A2DF97A7C920CE01E7B10C1AC47AD7693CDE352F6F0A0A750CA2640FD,no,2026-09-11 20:37,0
BT_btc-020,BTCUSDm,300,2,M1,2018-02-09,2024-05-31,,?/?,417,0,1,B430B9E305F676B101872A7117C7E71C7FE161DFE0622BA42A325F7C0C414861,no,2026-09-11 20:37,0
BT_btc-021,BTCUSDm,300,2,M1,2018-02-09,2024-05-31,,?/?,166,0,1,AC7CB3739589BBF9C58531B44E0E892D54C8FAA806F3F6F506AD81287BF82537,no,2026-09-11 20:38,0
BT_btc-022,BTCUSDm,300,2,M1,2018-02-09,2024-05-31,,?/?,287,0,1,BC541D0C7A0E480FD4558AB48E5EFF405F7BE55981D29FB2F62C7B17AA9B9163,no,2026-09-11 20:38,0
BT_btc-023,BTCUSDm,300,2,M1,2018-02-09,2024-05-31,,?/?,44,0,1,F98E142794457D552EBC9CA3F9F04C7996FD7524B41AF275B259816D9B4782D2,no,2026-09-11 20:38,0
BT_btc-024,BTCUSDm,300,2,M1,2018-02-09,2024-05-31,,?/?,4483,0,1,356206F5CFB37C217AE6A291C4A9874862CF8DA138C8FC57049476A7BFFB0215,no,2026-09-11 20:39,0
BT_btc-025,BTCUSDm,300,2,M1,2018-02-09,2024-05-31,,?/?,20,0,1,1F0AA64F6882844FF8B772D602557D95C964CC0CBE4EBE46AEBA678437785EB5,no,2026-09-11 20:39,0
BT_btc-026,BTCUSDm,300,2,M1,2018-02-09,2024-05-31,,?/?,1436,0,1,B2E9F4AD335BBA11075B6C37C8AD594FF3269375D3EE67970B0E4EE8D9E9513D,no,2026-09-11 20:39,0
BT_btc-027,BTCUSDm,300,2,M1,2018-02-09,2024-05-31,,?/?,1436,0,1,DB8AA7048BC2E03E0321828181E87C884A308E46A82A2D71EABBC6F71F8B1928,no,2026-09-11 20:40,0
BT_btc-028,BTCUSDm,300,2,M1,2018-02-09,2024-05-31,,?/?,2281,0,1,A2BD1EEE3791144139A20A48AFB1845466B7803DE8B8A96DA28B079A80D9875A,no,2026-09-11 20:59,0
BT_btc-029,BTCUSDm,300,2,M1,2018-02-09,2024-05-31,,?/?,5505,0,1,48C0960B297A439D702764345337D33A8B64A21A5B09B8035506785057021628,no,2026-09-11 20:59,0
BT_btc-030,BTCUSDm,300,2,M1,2018-02-09,2024-05-31,,?/?,4762,0,1,AD24E8CF809974DC4188E7D094323762F945B9BE150508FABC48659AAED33E37,no,2026-09-11 21:00,0
BT_btc-031,BTCUSDm,300,2,M1,2018-02-09,2024-05-31,,?/?,6255,0,1,3F1E115427069F2460DF21D34AB218927EA17485E7CFC2501CF7C932153DF34A,no,2026-09-11 21:00,0
BT_btc-032,BTCUSDm,300,2,M1,2018-02-09,2024-05-31,,?/?,7746,0,1,1A3359B090D69E87C5E3A45B6555C42E9A1FC665015EF93646D1E3D8B03220ED,no,2026-09-11 21:01,0
BT_btc-033,BTCUSDm,300,2,M1,2018-02-09,2024-05-31,,?/?,7826,0,1,9E1A86EAF4809BE004139ECCAD5084404FFAC629BA5B6DA4776D6E37A2339636,no,2026-09-11 21:01,0
BT_btc-034,BTCUSDm,300,2,M1,2018-02-09,2024-05-31,,?/?,5706,0,1,D9E6A56B5EF848B1A1AE5C1EE1F6A188E9325A65CC54A884A805888EFDD7B770,no,2026-09-11 21:02,0
BT_btc-035,BTCUSDm,300,2,M1,2018-02-09,2024-05-31,,?/?,4674,0,1,EC34037FC26D63A83793BE44327935AD66F60EFA20E63BD6B285D5A28251F108,no,2026-09-11 21:02,0
BT_btc-036,BTCUSDm,300,2,M1,2018-02-09,2024-05-31,,?/?,2592,0,1,DBE1D21A875FCDF135CCE381E4E453ABD663932C64E7BD0BC3972DC345F0F576,no,2026-09-11 21:03,0
BT_btc-037,BTCUSDm,300,2,M1,2018-02-09,2024-05-31,,?/?,8174,0,1,B2A89573F9CD64A33237F518433B4A1E3F7F3075104E75B56CDA15D62918104E,no,2026-09-11 21:05,0
BT_btc-038,BTCUSDm,300,2,M1,2018-02-09,2024-05-31,,?/?,7244,0,1,9700A5A3AAA5942A3EAC43D108A674E2842E880015A125198470312B8CCD91EA,no,2026-09-11 21:28,0
BT_btc-039,BTCUSDm,300,2,M1,2018-02-09,2024-05-31,,?/?,5540,0,1,C0A6FB36AB926ADE145860A1E66A1D2388045DB905F2CA4F57A527F01ECBEAEB,no,2026-09-11 21:06,0
BT_btc-040,BTCUSDm,300,2,M1,2018-02-09,2024-05-31,,?/?,6118,0,1,9083361544F4DFC6FDF1CC61BA1153AE6F59397A50312249FE79B768191CC71A,no,2026-09-11 21:06,0
BT_btc-041,BTCUSDm,300,2,M1,2018-02-09,2024-05-31,,?/?,7017,0,1,6709C41F7B233C7F89EB36016007855A84CC223AD1E84CD0E8FFBA4CD208B515,no,2026-09-11 21:07,0
BT_btc-042,BTCUSDm,300,2,M1,2018-02-09,2024-05-31,,?/?,3371,0,1,55C0846D31437C2F7C3755A29A3200224B21D6585D1201185A97660FA6B7CA50,no,2026-09-11 21:08,0
BT_btc-043,BTCUSDm,300,2,M1,2018-02-09,2024-05-31,,?/?,799,0,1,B6C8825EF9BEA114D862AE06DF23D2CC179865CD56F5887C5B957EDDB6435B90,no,2026-09-11 21:08,1
BT_btc-044,BTCUSDm,300,2,M1,2018-02-09,2024-05-31,,?/?,172,0,1,B457C25F2E810B4FB23DA2D63212459D3A370824A7F575192DFD6BE40DDF5B11,no,2026-09-11 21:09,0
BT_btc-045,BTCUSDm,300,2,M1,2018-02-09,2024-05-31,,?/?,172,0,1,055C3CB40527F4B9E6BC795E1AF0CDFEC99A40044A6A7BB2D152432AAFECA621,no,2026-09-11 21:09,0
BT_btc-046,BTCUSDm,300,2,M1,2018-02-09,2024-05-31,,?/?,5943,0,1,8D761558D5D8993D9E52AEF0C942954936B26D9B3F038C865B119E8ECD0A93E3,no,2026-09-11 21:09,0
BT_btc-047,BTCUSDm,300,2,M1,2018-02-09,2024-05-31,,?/?,4018,0,1,25455B458A3DF9CEDAE00441328DD530FA848C751DCEBCB97F405D35102A3FC4,no,2026-09-11 21:10,0
BT_btc-048,BTCUSDm,300,2,M1,2018-02-09,2024-05-31,,?/?,1071,0,1,FA470BEC7501C3BC00D9BBD24BAC8CFBB87312E03E20BF947E436648B95D558C,no,2026-09-11 21:11,0
BT_btc-049,BTCUSDm,300,2,M1,2018-02-09,2024-05-31,,?/?,1071,0,1,58ADACF6A1DE1E4F18D741D3264A20E9F6CB591CF7B5E7D108B6206731467D7F,no,2026-09-11 21:13,0
BT_btc-050,BTCUSDm,300,2,M1,2018-02-09,2024-05-31,,?/?,1214,0,1,C5A67C0D04425C204D768672C9B97B2A079173A1B8DEA683D06706CB2AF6A7A9,no,2026-09-11 21:28,0
BT_btc-051,BTCUSDm,300,2,M1,2018-02-09,2024-05-31,,?/?,995,0,1,BD676FF921276A5AAE44AE8776D705E70ED532C6A325149670EDDAF49707801E,no,2026-09-11 21:30,0
BT_btc-052,BTCUSDm,300,2,M1,2018-02-09,2024-05-31,,?/?,1771,0,1,899E7B555CBCBA63704CBB0A668AFA1182CA1ADCBF1ECD44814DBF013CCFBBDB,no,2026-09-11 21:32,0
BT_btc-053,BTCUSDm,300,2,M1,2018-02-09,2024-05-31,,?/?,1487,0,1,C422EA017CBD88855F758D6C1F909F25B84C69134505A73FFA7CF63F21469833,no,2026-09-11 21:33,0
BT_btc-054,BTCUSDm,300,2,M1,2018-02-09,2024-05-31,,?/?,1346,0,1,EEBDC0DC21B4CB86D2DBCAEA89B4FBDBD7085F90222C3BBF53CB474F3E568D80,no,2026-09-11 21:33,0
BT_btc-055,BTCUSDm,300,2,M1,2018-02-09,2024-05-31,,?/?,1106,0,1,7EF0E5CECC74D726EFD3BAEF9185F1899FBA56E4A0AE598D8FB7E632C7C1443E,no,2026-09-11 21:34,0
BT_btc-056,BTCUSDm,300,2,M1,2018-02-09,2024-05-31,,?/?,938,0,1,EA18AD16114B27AB5251ECF4F372492E6E7C1AFE8483D24E6164D673BE4A4A58,no,2026-09-11 21:34,0
BT_btc-057,BTCUSDm,300,2,M1,2025-06-01,2026-05-31,,?/?,25,0,1,AEE9AFB38A997244CA48FC51790D22B0FED7836CC7AC9332D1A0BB179412A677,no,2026-09-11 21:36,0
BT_btc-058,BTCUSDm,300,2,M1,2025-06-01,2026-05-31,,?/?,72,0,1,92DD4CEA73235F0F01D8DEB1136701FA1DE8E5A043D7E7A75930BAA47F2E57FF,no,2026-09-11 21:36,0
BT_btc-059,BTCUSDm,300,2,M1,2025-06-01,2026-05-31,,?/?,59,0,1,A13188F8348EF6B4829A92F68FABA7F7E86D658E10F23504C068A6F020DF4CE3,no,2026-09-11 21:36,0
BT_btc-060,BTCUSDm,300,2,M1,2024-06-01,2025-05-31,,?/?,126,0,1,744E36E8DA41A4186A4D7283B156A9BC92A572AA8568E1F3FE7BAD67A4E7B947,no,2026-09-11 21:37,0
BT_btc-061,BTCUSDm,300,2,M1,2018-02-09,2024-05-31,,?/?,3253,0,1,DFFDE2936B445D5C2C823BAB6DD5421EBE9A1BDBF92253AE200590A38B9B6525,no,2026-09-11 21:37,0
BT_btc-062,BTCUSDm,300,2,M1,2018-02-09,2024-05-31,,?/?,3809,0,1,4E352D1AA05725B6C35D5021AEC8C51213567AD03D7210C79093C36ECBBADC9A,no,2026-09-11 21:38,0
BT_btc-063,BTCUSDm,300,2,M1,2018-02-09,2024-05-31,,?/?,1071,0,1,1F50E43AB43F481B75297A448C46133E2BEA9BF42E570D0C6FE7D2C9FC20EF14,no,2026-09-11 21:39,0
BT_btc-064,BTCUSDm,1000,2,M1,2018-02-09,2024-05-31,,?/?,1069,0,1,A4E04D5907750F9CF072369CFAD51514FC765C2406A72983F282326E85EBA7AC,no,2026-09-11 21:41,0
BT_btc-065,BTCUSDm,300,2,M1,2018-02-09,2024-05-31,,?/?,701,0,1,F8A1BCF4219BFA86964FD3122CF6E3A1F7980C078047D475F9374F57463EC7B4,no,2026-09-11 21:43,0
BT_btc-066,BTCUSDm,300,2,M1,2018-02-09,2024-05-31,,?/?,,0,1,815C68BB8C95144C2DD0C2CA190A4BC625A191364E144887B1B8F7C73747E259,no,2026-09-11 21:44,0
BT_btc-067,BTCUSDm,300,2,M1,2018-02-09,2024-05-31,,?/?,,0,1,5658952D769E3D0A76D36EEF02ED572832273B5813F10BD9AEF11765D0ADFBF2,no,2026-09-11 21:45,0
BT_btc-068,BTCUSDm,300,2,M1,2018-02-09,2024-05-31,,?/?,,0,1,1CFB436DAB1FC75CBB88A48681AC40F3593B1F6B594A2966949222773668BA6A,no,2026-09-11 21:46,0
BT_btc-069,BTCUSDm,300,2,M1,2018-02-09,2024-05-31,,?/?,,0,1,CE0F129D5F21F44589ABB1602C28817B45D9CEEB95AD3C98CD98687D5F0EF693,no,2026-09-11 21:48,0
BT_btc-070,BTCUSDm,300,2,M1,2018-02-09,2024-05-31,,?/?,,0,1,3FCE1383273DC2192D478B3302BD90807CD3F07E6CB0FAB95963220BC6E3E95C,no,2026-09-11 21:49,0
BT_btc-071,BTCUSDm,300,2,M1,2018-02-09,2024-05-31,,?/?,,0,1,E814562BCEE3D4D15268FF49ABCDA5B8EFB461C9B049968CA6DBF09072BE45FB,no,2026-09-11 21:50,0
BT_btc-072,BTCUSDm,300,2,M1,2018-02-09,2024-05-31,,300/?,417,0,1,6854B06A5C4521E883C79E81B8C854CCEB6054746C1757778208B68A92B30944,no,2026-09-11 22:23,0
BT_btc-073,BTCUSDm,300,2,M1,2018-02-09,2024-05-31,,300/?,799,0,1,63E4EE4361BE47A3CB96F6E84B49A11F995C3AEC728E08BD818E987A340EABE8,no,2026-09-11 22:24,0
BT_btc-074,BTCUSDm,300,2,M1,2018-02-09,2024-05-31,,?/?,,0,1,A5D9D4BE9887F60ECA7AC5D7AFAAC2964D132C398116FDBDC8A262E79CE2C073,no,2026-09-11 21:52,0
BT_btc-075,BTCUSDm,300,2,M1,2018-02-09,2024-05-31,,?/?,,0,1,8A5F1C482DF5F2E2CACF8EA2E188FE022FDF0FD544931802406E72DC82D04F77,no,2026-09-11 21:53,0
BT_btc-076,BTCUSDm,300,2,M1,2018-02-09,2024-05-31,,?/?,,0,1,FD22FB99B238900DC886BF43EAF8894CE4400B993C652AFFA5321060C886CA6A,no,2026-09-11 21:55,0
BT_btc-077,BTCUSDm,300,2,M1,2018-02-09,2024-05-31,,?/?,,0,1,0D8D27D1B2DA10967491AAE5C60C25390CCCF64C8FE2096FC93E1CC9A6D5DA54,no,2026-09-11 21:56,0
BT_btc-078,BTCUSDm,300,2,M1,2018-02-09,2024-05-31,,?/?,,0,1,08BD7C40A9AE96A8A28FEC77A8535B58EAC517305DAAA50A951851A9CB57E6B1,no,2026-09-11 21:59,0
BT_btc-079,BTCUSDm,300,2,M1,2018-02-09,2024-05-31,,300/?,445,0,1,CFCF71FED18B8DA897B5DDD96AD6181274E8A63EE6399D0292FDC0BD786621F3,no,2026-09-11 22:25,0
BT_btc-080,BTCUSDm,300,2,M1,2018-02-09,2024-05-31,,?/?,,0,1,9FFCDE17DBF8235C4EDABDD02CC45F20179A6ADDC74C453BD6933A0D43C553B5,no,2026-09-11 22:04,0
BT_btc-081,BTCUSDm,300,2,M1,2018-02-09,2024-05-31,,300/?,701,0,1,86AC67C049EC6DBD2D9965F83492B82A6D79695AD940B565EF68DA89313C5F00,no,2026-09-11 22:25,0
BT_btc-082,BTCUSDm,300,2,M1,2018-02-09,2024-05-31,,?/?,,0,1,EF6C282B1460AF46F9BB38AB16E6B2DEE5D5309B2DB9EA5E4911760D525044E7,no,2026-09-11 22:08,0
BT_btc-083,BTCUSDm,300,2,M1,2018-02-09,2024-05-31,,?/?,,0,1,610232D06FC70E3541B2E792A01D0B8A3B56B6C5C3736955FBBC3E6003065AE7,no,2026-09-11 22:11,0
BT_btc-084,BTCUSDm,300,2,M1,2018-02-09,2024-05-31,,?/?,,0,1,21A47DAE672CE10D7D675E7849EB4014734DB9E213B5A82734BFA7C359073889,no,2026-09-11 22:11,0
BT_btc-085,BTCUSDm,300,2,M1,2018-02-09,2024-05-31,,?/?,,0,1,B8701FCC587595DDC6629AB0177477E00C7D6046A68D2A54CBADC0415EA90475,no,2026-09-11 22:11,0
BT_btc-086,BTCUSDm,300,2,M1,2018-02-09,2024-05-31,,?/?,,0,1,9B526E2601E84E2C9FEF7EAA25FC1D417D9920FB8D8E4059B70014CF3FDC1C1D,no,2026-09-11 22:12,0
BT_btc-087,BTCUSDm,300,2,M1,2018-02-09,2024-05-31,,300/?,864,0,1,6A0B177FBE394919D1982ADD55B93F3D5E8322AA4F41EA8BAB0567BB34A792A3,no,2026-09-11 22:25,0
BT_btc-088,BTCUSDm,300,2,M1,2018-02-09,2024-05-31,,300/?,800,0,1,BC5E4B7EDEC327E2E643E296DC82F9D330DBE89C55E7C533A41032E9A32D042C,no,2026-09-11 22:26,0
BT_btc-089,BTCUSDm,300,2,M1,2018-02-09,2024-05-31,,300/?,786,0,1,9885D92379AA72F2692243DD3392DD04EDB3947D5C6F7C6C5578CC92870D1241,no,2026-09-11 22:26,0
BT_btc-090,BTCUSDm,300,2,M1,2018-02-09,2024-05-31,,300/?,850,0,1,C21842035C8C1FA9A92F13284ED6B247C96793FC4B7602748D82AC5002336293,no,2026-09-11 22:27,0
BT_btc-091,BTCUSDm,300,2,M1,2018-02-09,2024-05-31,,300/?,850,0,1,61871E4E89111306285392209D652B76CCC3FB856248D9BB5A410FAB76FC687D,no,2026-09-11 22:27,0
BT_btc-092,BTCUSDm,300,2,M1,2018-02-09,2024-05-31,,300/?,506,0,1,3219BF7D1F347991B1260B6C99A99E57A05CDFD072609E9D1BAD19BE955A6E72,no,2026-09-11 22:27,0
BT_btc-093,BTCUSDm,300,2,M1,2018-02-09,2024-05-31,,300/?,972,0,1,83F37B6076398E24D89E567E62C4A890BE4CC4F283AAF1EA1B0F7FB6174FF1C0,no,2026-09-11 22:27,0
BT_btc-094,BTCUSDm,300,2,M1,2018-02-09,2024-05-31,,300/?,870,0,1,49428F73D931D6445479B525A4C6E5746B6A8ADF0DE2E46BAD88C7FB16B6180D,no,2026-09-11 22:28,0
BT_btc-095,BTCUSDm,300,2,M1,2018-02-09,2024-05-31,,300/?,1003,0,1,5CB4187A2064B5F36DF3B921C405BE13516705925553B056D3ABF7DBA8A97D4E,no,2026-09-11 22:28,0
BT_btc-096,BTCUSDm,300,2,M1,2018-02-09,2024-05-31,,300/?,666,0,1,EAB9934E57621476539C6AAE73604D8074C22B876E7D2699865DD38FD690F0C4,no,2026-09-11 22:28,0
BT_btc-097,BTCUSDm,300,2,M1,2018-02-09,2024-05-31,,300/?,666,0,1,257BA7E004E115C6F8196A05FC59D51B5FA7E6FCFBD25CDA93337FBBA7AA06C1,no,2026-09-11 22:29,0
BT_btc-098,BTCUSDm,300,2,M1,2018-02-09,2024-05-31,,300/?,664,0,1,FAF38BC3E9D380D3B6C17F7D419741D200AAA9040D8F117884C85554547331DD,no,2026-09-11 22:29,0
BT_btc-099,BTCUSDm,300,2,M1,2018-02-09,2024-05-31,,300/?,434,0,1,90023EF6DF6A3ECEBDDA84CE28F056F5650CA219B40CC0BC63900B21F51408D2,no,2026-09-11 22:29,0
BT_btc-100,BTCUSDm,300,2,M1,2018-02-09,2024-05-31,,300/?,362,0,1,9AB412E09E61B2CD7F9A08BA2DEE1298349C464516D9DF94648D1ABC74B611D3,no,2026-09-11 22:30,0
BT_btc-101,BTCUSDm,300,2,M1,2018-02-09,2024-05-31,,300/?,254,0,1,8791D06E59588E94C488914C4F54ACE1C77D0ABAE953AFFF8029A782F09F535F,no,2026-09-11 22:30,0
BT_btc-102,BTCUSDm,300,2,M1,2024-06-01,2025-05-31,,300/?,29,0,1,0F57A686FD12BED5886CA7E3C94E3278F423FAF55CDCF2CE8398DB799D118458,no,2026-09-11 22:36,0
BT_btc-103,BTCUSDm,300,2,M1,2024-06-01,2025-05-31,,300/?,7,0,1,9647FBF65C8A488EE437B5C8482E058E78E38E5D2B7392DF2C8C51D1D12C477A,no,2026-09-11 22:36,0
BT_btc-104,BTCUSDm,300,2,M1,2024-06-01,2025-05-31,,300/?,50,0,1,354DB19BD5653EB28FC31BC7809485EB0E16588FEBC5781845F2C6C7518D2C83,no,2026-09-11 22:37,0
BT_btc-105,BTCUSDm,300,2,M1,2024-06-01,2025-05-31,,300/?,60,0,1,7CB40549FC33229035837FDE5010EE6A18C0D0A8E707DAF6E18E88DCB0EDCDC4,no,2026-09-11 22:37,0
BT_btc-106,BTCUSDm,300,2,M1,2025-06-01,2026-05-31,,300/?,42,0,1,3B4EE80AA58B76C618C45AE85839A6D4AE2E1ECBDDCF36784CC4ED9E7830EEFB,no,2026-09-11 22:37,0
BT_btc-107,BTCUSDm,300,2,M1,2025-06-01,2026-05-31,,300/?,3,0,1,B932498FA84E64FBF012572D64EF408FFE6DCB44BFC110645BE58D907531E639,no,2026-09-11 22:37,0
BT_btc-108,BTCUSDm,300,2,M1,2025-06-01,2026-05-31,,300/?,61,0,1,9C9C8D424B5A296DB427230130ECB0264A2FB2CE0ED233471EC73309D4EB6CCE,no,2026-09-11 22:37,0
BT_btc-109,BTCUSDm,300,2,M1,2025-06-01,2026-05-31,,300/?,58,0,1,5AB663C753825D900239476897C726EDAE70C67A579D7C33C0B818D377B58A0C,no,2026-09-11 22:38,0
BT_btc-110,BTCUSDm,300,2,M1,2018-02-09,2024-05-31,,300/?,437,0,1,D326076557AF99CD20C87F0CEED47C370CEF2B8FAF60D9CCE8312B3EEC51D2B1,no,2026-09-11 22:44,0
BT_btc-111,BTCUSDm,300,2,M1,2024-06-01,2025-05-31,,300/?,34,0,1,B980C1E522598DE0C5118BCEC106328F05C27575C0A8A6FC61F2A627522BDBCA,no,2026-09-11 22:47,0
BT_btc-112,BTCUSDm,300,2,M1,2025-06-01,2026-05-31,,300/?,62,0,1,A53C41659609020DCC82F4F0F543D0190A1B0A26FAB7FA05A38CA6F5CE4180F8,no,2026-09-11 22:48,0
BT_btc-113,BTCUSDm,300,2,M1,2025-06-01,2026-05-31,,300/?,62,0,1,C17F9F8B4434CC104294379AB3E7A6DFAF7CF55B629372DA2FB32BEE95870944,no,2026-09-11 22:49,0
BT_btc-114,BTCUSDm,300,2,M1,2025-06-01,2026-05-31,,300/?,62,0,1,E34F8776FFD804F387BE57BC05FDB0A0E12EBA46BB2CBB9206C3F71FC0A233E3,no,2026-09-11 22:50,0
BT_btc-115,BTCUSDm,300,2,M1,2025-06-01,2026-05-31,,300/?,51,0,1,285274B9A950C074D615E45133CF3039A7344FFB618DC065508242A11838498C,no,2026-09-11 22:50,0
BT_btc-116,BTCUSDm,300,2,M1,2025-06-01,2026-05-31,,300/?,51,0,1,1519AB69B8892ECF6933CD64F5586344C61B7ACD207CBCE5A34FE7860D12D057,no,2026-09-11 22:51,0
BT_btc-117,BTCUSDm,300,2,M1,2018-02-09,2024-05-31,,300/?,592,0,1,493420A0CBF2F1E581C43A6D55EF317E5A06DECF1CF9D1D2B5B23F7FA3212BCE,no,2026-09-11 22:54,0
BT_btc-118,BTCUSDm,300,2,M1,2025-06-01,2026-05-31,,300/?,41,0,1,D0104A8CD954B88BA889EF496CDBCA4D26AE25F54E846465063AD5419A69A152,no,2026-09-11 22:58,0
BT_btc-119,BTCUSDm,300,2,M1,2024-06-01,2025-05-31,,300/?,26,0,1,A40BC5D42948833018B10C526BA027E1DAE660E91EB9203736FBC67A64667DBC,no,2026-09-11 22:58,0
BT_btc-120,BTCUSDm,300,2,M1,2024-06-01,2025-05-31,,300/?,26,0,1,A88D0CBA877B8105EF2CE4A6643640F2954C022FDBD2B3DC4B5ADDC8F30CD4FC,no,2026-09-11 22:59,0
BT_btc-121,BTCUSDm,300,2,M1,2018-02-09,2024-05-31,,300/1,348,0,1,9B6019E9870C324CD0F36E101CE4BED47D2AC3DF32D3F45AA8E27F57870CB324,no,2026-09-12 11:02,1
BT_btc-122,BTCUSDm,300,2,M1,2024-06-01,2025-05-31,,300/?,20,0,1,7442AA0A180D4C59289E1FA07D009B24B84A61120EDB7BCE7E05EEFAAB200811,no,2026-09-11 23:04,0
BT_btc-123,BTCUSDm,300,2,M1,2025-06-01,2026-05-31,,300/1,56,0,1,8550988B44DC90EF9356BDF74CD2911428679FAD9C2CB811DEF6F8CB516EB713,no,2026-09-12 11:07,1
BT_btc-124,BTCUSDm,300,2,M1,2024-06-01,2025-05-31,,300/?,26,0,1,4BCA7D22F9470983512AA1A21E187E5E69389D7A91953C2E05A9560D1E7C55E7,no,2026-09-11 23:06,0
BT_btc-125,BTCUSDm,300,2,M1,2025-06-01,2026-05-31,,300/1,53,0,1,560A057A2536B3FBD7ED81FB68A09C6982EB617D7CE5D2149E520576431DD427,no,2026-09-12 11:08,1
BT_btc-126,BTCUSDm,300,2,M1,2024-06-01,2025-05-31,,300/1,33,0,1,3ABBED76E6BBB5D5F86D36863E39B6D10221D79EDA05096235BFD474BCDFD345,no,2026-09-12 11:09,1
BT_btc-127,BTCUSDm,300,2,M1,2024-06-01,2025-05-31,,300/1,59,0,1,F01E3DEDA7A16732BF0CA99CFBC21E710F89D88A69A89FC28E80C2215DDF54AD,no,2026-09-12 11:10,1
BT_btc-128,BTCUSDm,300,2,M1,2024-06-01,2025-05-31,,300/?,44,0,1,97A7FB6B2183D43740A8098AB10FEA338A98B3ED89DA57C6113FD588B9A21E46,no,2026-09-11 23:07,0
BT_btc-129,BTCUSDm,300,2,M1,2024-06-01,2025-05-31,,300/?,22,0,1,ED43282207E67342FB6A519C3165389A16EA363D5F59635655708A90F2226E0D,no,2026-09-11 23:08,0
BT_btc-130,BTCUSDm,300,2,M1,2024-06-01,2025-05-31,,300/?,32,0,1,FFC92E6F49E5008FA373FE45EB56ACC13B437817F03D598CD8F9879A31C9E4A8,no,2026-09-11 23:08,0
BT_btc-131,BTCUSDm,300,2,M1,2024-06-01,2025-05-31,,300/1,66,0,1,BFB95F428D1110043E4B832A9EB3252C3361E94CE6EB4DFC142A58C313431643,no,2026-09-12 13:51,1
BT_btc-132,BTCUSDm,300,2,M1,2024-06-01,2025-05-31,,300/?,30,0,1,5029C5B431911C8D003CC2B6BE14B8580BE7893C1ADA993CD68EBF1930659B32,no,2026-09-11 23:09,0
BT_btc-133,BTCUSDm,300,2,M1,2025-06-01,2026-05-31,,300/?,25,0,1,5B8872EBBF938A035CD0E666FE994468C9979750CE246C8DF984440BB9598CCF,no,2026-09-11 23:10,0
BT_btc-134,BTCUSDm,300,2,M1,2025-06-01,2026-05-31,,0/1,79,0,1,226C709B50E2E0C629834AD9A24096A0225F8EEF3ACCC98991E714BDB54C8CAF,no,2026-09-12 11:16,1
BT_btc-135,BTCUSDm,300,2,M1,2025-06-01,2026-05-31,,0/1,53,0,1,E136846ECD56BD8101825D09E9D31D4E794DD164FC24CB4BCF1FD30F1797B3D6,no,2026-09-12 11:17,1
BT_btc-136,BTCUSDm,300,2,M1,2024-06-01,2025-05-31,,0/1,38,0,1,237720016AA592C74AFCB8500D533BC4EBE486FBF6593C3454B038001B9AB1B8,no,2026-09-12 11:18,1
BT_btc-137,BTCUSDm,300,2,M1,2024-06-01,2025-05-31,,0/1,32,0,1,9783ADDD80DDC4EE01ADB35CF2D891F71B10923146074241C84534D151E3AB52,no,2026-09-12 11:19,1
BT_btc-138,BTCUSDm,300,2,M1,2018-02-09,2024-05-31,,0/1,344,0,1,FE997A75859FCE1FF56418A066A9A9255CA332D7B6A834134A222DF7B501E80B,no,2026-09-12 11:20,1
BT_btc-139,BTCUSDm,300,2,M1,2025-06-01,2026-05-31,,0/1,37,0,1,905D9F8D6AD9C74E68664211D99B144907455D49927F8BBDB737C8AD9485548C,no,2026-09-12 11:26,1
BT_btc-140,BTCUSDm,300,2,M1,2025-06-01,2026-05-31,,0/0,80,0,1,E6E814EA41F5E7E4280358379CA1694315682029024EB9EC292E9277BC552840,no,2026-09-12 11:27,1
BT_btc-141,BTCUSDm,300,2,M1,2025-06-01,2026-05-31,,0/5,78,0,1,92BA2F3141F81290F400661B5CA04155A8CC0A3A12A2561B9C13C5CF47D5F99C,no,2026-09-12 11:28,1
BT_btc-142,BTCUSDm,300,2,M1,2025-06-01,2026-05-31,,0/1,48,0,1,C056E767ACF91BC4AA4785A3506A99B58932CE39C663AB08FC39F51A9B5AF13B,no,2026-09-12 13:52,1
BT_btc-143,BTCUSDm,300,2,M1,2024-06-01,2025-05-31,,0/1,44,0,1,5FEA44AF06FB4343B23B5377A9A2ACD2AC92FD53D2A34518425990E24A51BC02,no,2026-09-12 13:53,1
BT_btc-144,BTCUSDm,300,2,M1,2018-02-09,2024-05-31,,0/1,483,0,1,6C24F0F74A921545244CD68B8113DAA58A4FEBF8ACDB68D31C7A3530AC150BA9,no,2026-09-12 13:54,1
BT_btc-145,BTCUSDm,300,2,M1,2025-06-01,2026-05-31,,0/1,120,0,1,11344531EACA2318DC7580606AA2488EF08C3E3BC978B050A47B78BEBE8526FA,no,2026-09-12 13:59,1
BT_btc-146,BTCUSDm,300,2,M1,2025-06-01,2026-05-31,,0/1,70,0,1,ADDA6A5CA27851456F245AD7F33A233CC53E0E3F8852838DA14BA512C2B7E5AA,no,2026-09-12 14:00,1
BT_btc-147,BTCUSDm,300,2,M1,2024-06-01,2025-05-31,,0/1,60,0,1,5F77E1A976EA88DBC40839A21C5AE1F95DDCFF89FCEDDA64838011FEC5E713CD,no,2026-09-12 14:01,1
BT_btc-148,BTCUSDm,300,2,M1,2025-06-01,2026-05-31,,0/1,37,0,1,52240825DECB6B84CBDA3F93929BF2C08B4B0AC9839C0BFF6B9C083E855A6A11,no,2026-09-12 14:02,1
BT_btc-149,BTCUSDm,300,2,M1,2025-06-01,2026-05-31,,0/1,37,0,1,A2C3FAA739B59E10CD2C2DBCCF7C15C927212EC26E21E49D0701B4405E862238,no,2026-09-12 14:03,1
BT_btc-150,BTCUSDm,300,2,M1,2025-06-01,2026-05-31,,0/1,37,0,1,873025AA562C4C5852328D9974F744FC3247D8963108E2FD758867E46813BF9B,no,2026-09-12 14:04,1
BT_btc-151,BTCUSDm,300,2,M1,2025-06-01,2026-05-31,,0/1,37,0,1,A4F63024C3926B9CA53E3BF91579E28C6F68C08B04642958698B0044F2E24F7A,no,2026-09-12 14:05,1
BT_btc-152,BTCUSDm,300,2,M1,2025-06-01,2026-05-31,,0/1,39,0,1,06CEFD52F147F71455239113A2D8366BB0D10267F44C4B53EEF5D3ED4EB28A2D,no,2026-09-12 14:06,1
BT_btc-153,BTCUSDm,300,2,M1,2025-06-01,2026-05-31,,0/1,41,0,1,2AF59804D9344A77109FDC4E58CC97CD2F82F7A11F0C557705FA45AD46D498B4,no,2026-09-12 14:07,1
BT_btc-154,BTCUSDm,300,2,M1,2018-02-09,2024-05-31,,0/1,565,0,1,5299F8DD574C627A032F7448480F1F13BA4D46ECBE242017FE42F69932B6BA0A,no,2026-09-12 14:16,1
BT_btc-155,BTCUSDm,300,2,M1,2024-06-01,2025-05-31,,0/1,38,0,1,124C0B53E8AF914E02F4DB2CFC19EA13DC75C7AE0F5D02CDFAB8EB27359E4B3D,no,2026-09-12 14:20,1
BT_btc-156,BTCUSDm,300,2,M1,2025-06-01,2026-05-31,,0/1,94,0,1,7881736A5F34804C66B6DCFDD54DB5B8AA2A23E36D5DC71F5D5D16DA0E443E89,no,2026-09-12 14:21,1
BT_btc-157,BTCUSDm,300,2,M1,2025-06-01,2026-05-31,,0/1,120,0,1,9B2F7F38C40D21A50E38FEF73192B484B6A4630705CC5B2CE10EF87DAAC68CB2,no,2026-09-12 14:22,1
BT_btc-158,BTCUSDm,300,2,M1,2025-06-01,2026-05-31,,0/1,42,0,1,B9AC706F5149ED9F9089BA0A589B552F4846B239EA61EED04B9B925D9F90E954,no,2026-09-12 14:23,1
BT_btc-159,BTCUSDm,300,2,M1,2024-06-01,2025-05-31,,0/1,34,0,1,2553525FD00FFC43B8013892569BF064921D919D7A7CBD1AEB0E9DE1D59339BD,no,2026-09-12 14:24,1
BT_btc-160,BTCUSDm,300,2,M1,2025-06-01,2026-05-31,,0/1,41,0,1,AC672A71883FEB2722FE00DC369AD0EC72BEB136C2EB5C531ABA69C00BCDAD92,no,2026-09-12 14:25,1
BT_btc-161,BTCUSDm,300,2,M1,2024-06-01,2025-05-31,,0/1,34,0,1,1571B76214A3743FD36D8761F96CEA4EC2692F5D9DC7E3FF91002E90F79F080D,no,2026-09-12 14:26,1
BT_btc-162,BTCUSDm,300,2,M1,2018-02-09,2024-05-31,,0/1,394,0,1,7E5CCA4185F0F4151590B251889D3E4AEC93CF9138A136CA73DF21751246E2A4,no,2026-09-12 14:27,1
BT_btc-163,BTCUSDm,300,2,M1,2025-06-01,2026-05-31,,0/1,44,0,1,0AB6AE98DD27AA87BE249C5253D3E3E5CF9CA5CCE44E9598492F842C2B9AF724,no,2026-09-12 14:32,1
BT_btc-164,BTCUSDm,300,2,M1,2024-06-01,2025-05-31,,0/1,44,0,1,77B92DA6D83D0A3EFCC300AAEF27422F611F2E47CF54B9E28820043D77195C36,no,2026-09-12 14:33,1
BT_btc-165,BTCUSDm,300,2,M1,2025-06-01,2026-05-31,,0/1,42,0,1,CDB5E19238F1354FCD9A7CAD1DF251A7654ACE29534E770172DBEF6C26CC9861,no,2026-09-12 14:34,1
BT_btc-166,BTCUSDm,300,2,M1,2025-06-01,2026-05-31,,0/1,42,0,1,44E810B45CDF15E516E389EC06135A1DDC9F9D82009DE43C7A3897105B4BF309,no,2026-09-12 14:35,1
BT_btc-167,BTCUSDm,300,2,M1,2024-06-01,2025-05-31,,0/1,32,0,1,E26E6D88323D80AB62E81CAC094AACC8C1B00BB21361EE92BB8358751585BB10,no,2026-09-12 14:36,1
BT_btc-168,BTCUSDm,300,2,M1,2025-06-01,2026-05-31,,0/1,37,0,1,2CCDF32EF072D978B0DA02134A8A7AC02E6B3D145CDEA0AEED5951AF69B5FF96,no,2026-09-12 14:37,1
BT_btc-169,BTCUSDm,300,2,M1,2025-06-01,2026-05-31,,0/1,79,0,1,3AB4758FFA7BF86C3270DF11ED3D7052C3E8389DEA6884EB0E043399AF46E495,no,2026-09-12 15:24,1
BT_btc-170,BTCUSDm,300,2,M1,2024-06-01,2025-05-31,,0/1,38,0,1,E7243998958C7CB8ECAE3246B106EE27E084D127E692CD73C5F077B7CC6ED82A,no,2026-09-12 15:25,1
BT_btc-171,BTCUSDm,300,2,M1,2018-02-09,2024-05-31,,0/1,565,0,1,18F6A19A3DAC4E7BBC85895422045FF94A9C21A6C99752D1235BC4A231171477,no,2026-09-12 15:26,1
BT_btc-172,BTCUSDm,300,2,M1,2025-06-01,2026-05-31,,0/1,86,0,1,6832D613687A220C64854A292502B258FEFC00B560D8C742781C43A16F7D5880,no,2026-09-12 15:31,1
BT_btc-173,BTCUSDm,300,2,M1,2025-06-01,2026-05-31,,0/1,94,0,1,9560A3D3132D2D0FBEBB5524EDD5B672BBA223BB14D0668BFDDBC3CF0AFE519C,no,2026-09-12 15:32,1
BT_btc-174,BTCUSDm,300,2,M1,2025-06-01,2026-05-31,,0/1,79,0,1,A4570E10428491FAC5A5BEB540A1B44462DB508CA77B0BCB57FD625D056BAD74,no,2026-09-12 15:33,1
BT_btc-175,BTCUSDm,300,2,M1,2025-06-01,2026-05-31,,0/1,77,0,1,C1105B4E60C35DCD684E61280335BE8BCBF99C3946354573CE8E7003B22799AE,no,2026-09-12 15:34,1
BT_btc-176,BTCUSDm,300,2,M1,2024-06-01,2025-05-31,,0/1,44,0,1,3F375E5EDB5EAF8A8AA6EA6B409BECC7874FC7565FF004C4FF7E9E5362F1575B,no,2026-09-12 15:35,1
BT_btc-177,BTCUSDm,300,2,M1,2024-06-01,2025-05-31,,0/1,61,0,1,38F90E1AF3975D1BB815DEB9D7CEBD572062E2018E00788B8441E3D08414EEA6,no,2026-09-12 15:36,1
BT_btc-178,BTCUSDm,300,2,M1,2024-06-01,2025-05-31,,0/1,36,0,1,306B0E1896E08333FA096CD84CB31D7A770DD790517FCEABA8627A6767BCA869,no,2026-09-12 15:40,1
BT_btc-179,BTCUSDm,300,2,M1,2018-02-09,2024-05-31,,0/1,540,0,1,2A5EC45A004FE59DFF76618729F4AF4294174960C56636139C59BDD398E8582E,no,2026-09-12 15:41,1
BT_btc-180,BTCUSDm,300,2,M1,2025-06-01,2026-05-31,,0/1,68,0,1,EDD910274A3DE888138D9465F97AE0B7EBD7DBF626F9B8E51EBFBD0250D87D32,no,2026-09-12 15:45,1
BT_btc-181,BTCUSDm,300,2,M1,2025-06-01,2026-05-31,,0/1,68,0,1,2F07F566C9D8BAE72E59B0A6B5839FE7EF72AA325DC72EC3F59AC8DAED71502B,no,2026-09-12 15:46,1
BT_btc-182,BTCUSDm,300,2,M1,2024-06-01,2025-05-31,,0/1,27,0,1,9BF1C55D4BF80FF1754BAB8B4EFB36D782B8B5F36A2CF67BB9CE417096BF32B4,no,2026-09-12 15:47,1
BT_btc-183,BTCUSDm,300,2,M1,2025-06-01,2026-05-31,,0/1,24,0,1,14EE36C7902ABF8E1D8EC5D552C7E30307B78B88C99372D422E045B84A5DAFCA,no,2026-09-12 15:49,1
BT_btc-184,BTCUSDm,300,2,M1,2025-06-01,2026-05-31,,0/1,79,0,1,D7B987FC9916FEEA71F8E6DE9E038AB2CE7181EDC4A5FCB37EC6E39EC5BC0228,no,2026-09-12 15:50,1
BT_btc-185,BTCUSDm,300,2,M1,2024-06-01,2025-05-31,,0/1,52,0,1,FADE5D39F00F618043C191293132711239B5992D6F667F6CFBE6FF51E81B982B,no,2026-09-12 15:51,1
BT_btc-186,BTCUSDm,300,2,M1,2024-06-01,2025-05-31,,0/1,54,0,1,6054DD9EC0586D80BC49C0A2B8E0511705CDC0BCEBB0599965E825B7EE71EAB2,no,2026-09-12 15:52,1
BT_btc-187,BTCUSDm,300,2,M1,2018-02-09,2024-05-31,,0/1,605,0,1,060E343E5D83B445F98426826457617B388612F58E57230A9798AA42A9606242,no,2026-09-12 15:55,1
BT_btc-188,BTCUSDm,300,2,M1,2025-06-01,2026-05-31,,0/1,86,0,1,1CE2491D9529534CB61AE0140DB086810CA14154AE5AF1A848596826F8E40791,no,2026-09-12 15:59,1
BT_btc-189,BTCUSDm,300,2,M1,2024-06-01,2025-05-31,,0/1,46,0,1,D3369CDE67941150BCF392613DDF3308B1B709691B84CC374C509C0E4D9AD1F2,no,2026-09-12 16:00,1
BT_btc-190,BTCUSDm,300,2,M1,2024-06-01,2025-05-31,,0/1,61,0,1,51D0F8CB92B4617BAC5238C5D59872C2FFA6DA059F7F348CAB4DBC1A3A7D62C0,no,2026-09-12 16:01,1
BT_btc-191,BTCUSDm,300,2,M1,2024-06-01,2025-05-31,,0/1,11,0,1,F5FD9E114BFACBF87E6038CE28816B2949D29DEA8B3C6F092F7436EC7524BA2A,no,2026-09-12 16:02,1
BT_btc-192,BTCUSDm,300,2,M1,2018-02-09,2024-05-31,,0/1,484,0,1,C4A2EDBBFBA9E23E69068A56227F021CB38FA0BF75F6E9D04B755253F9A8F4A3,no,2026-09-12 16:03,1
BT_btc-193,BTCUSDm,300,2,M1,2025-06-01,2026-05-31,,0/1,86,0,1,3B2A7C945D70B3B531BA80266551E709AD6096B791D88E0351F8D3E3C5AD4613,no,2026-09-12 16:08,1
BT_btc-194,BTCUSDm,300,2,M1,2024-06-01,2025-05-31,,0/1,34,0,1,2FE0319BB03EFA0745BE87B146E0CC59BDA5D3FA695149D3FC5D8FB04904B65F,no,2026-09-12 16:09,1
BT_btc-195,BTCUSDm,300,2,M1,2025-06-01,2026-05-31,,0/1,63,0,1,BD6E038C034E68C348C50D08B1956D69D18CD1620D8F68CDC19DE2D6F38D0A5C,no,2026-09-12 16:18,1
BT_btc-196,BTCUSDm,300,2,M1,2025-06-01,2026-05-31,,0/1,25,0,1,120EB7DA6DDB517A582E9EF14BD303109B93CCEE44793398446344BA4CCD91BC,no,2026-09-12 16:19,1
BT_btc-197,BTCUSDm,300,2,M1,2025-06-01,2026-05-31,,0/1,6,0,1,24C44947F3213EF07D72669C82924D3CA2A8ECD07A776DC9A7AD1D1DB8731999,no,2026-09-12 16:20,1
BT_btc-198,BTCUSDm,300,2,M1,2025-06-01,2026-05-31,,0/1,63,0,1,145A508FE8027A3B4D2517567F9B418263BD28F0A2A5EB52C38502FB0984C6A5,no,2026-09-12 16:21,1
BT_btc-199,BTCUSDm,300,2,M1,2025-06-01,2026-05-31,,0/1,3,0,1,D03252D5983498BD2A32A985F7B92C118E50CA019C91928B8719DD70B1DB0162,no,2026-09-12 16:21,1
BT_btc-200,BTCUSDm,300,2,M1,2024-06-01,2025-05-31,,0/1,42,0,1,7FF56756DDFF2FAD233BF45F6EDF25DC58A681D32F8CBE0B405E94AB23E56D7B,no,2026-09-12 16:22,1
BT_btc-201,BTCUSDm,300,2,M1,2018-02-09,2024-05-31,,0/1,410,0,1,7F75F998A668B64A082BEC42E98E511626740728FD039C267224545E7F24516A,no,2026-09-12 16:23,1
BT_btc-202,BTCUSDm,300,2,M1,2024-06-01,2025-05-31,,0/1,3,0,1,4D36A57F5860B0F7FA1A70452694DB5B6DD080A67E7B4C21D08193A3235223E8,no,2026-09-12 16:27,1
BT_btc-203,BTCUSDm,300,2,M1,2025-06-01,2026-05-31,,0/1,53,0,1,22398C9F45267146837248FC67929E3C360CFD078DB9E272FDD4868E11990303,no,2026-09-12 16:28,1
BT_btc-204,BTCUSDm,300,2,M1,2025-06-01,2026-05-31,,0/1,63,0,1,81E55CEC94FA0C3BA0326A6D395BE3F6106AB29B9F4C38900DF684F224D45B7B,no,2026-09-12 16:35,1
BT_btc-205,BTCUSDm,300,2,M1,2025-06-01,2026-05-31,,0/1,23,0,1,F7C9D4FADA101D2182B2AE279BE84F2268C8E202F520E6D344BC6DC5D29B2A2F,no,2026-09-12 16:36,1
BT_btc-206,BTCUSDm,300,2,M1,2025-06-01,2026-05-31,,0/1,6,0,1,C872F56C2FCD61A8B1411E50E0A972B8C7E22CD5EB4548383024418D4F1AB744,no,2026-09-12 16:37,1
BT_btc-207,BTCUSDm,300,2,M1,2024-06-01,2025-05-31,,0/1,61,0,1,0EDFFDEFCB7249C572077D9AB0DFDF7912EE55ACDE1EEC1A772666C4A03BF743,no,2026-09-12 16:38,1
BT_btc-208,BTCUSDm,300,2,M1,2024-06-01,2025-05-31,,0/1,42,0,1,408F1DD228CBBF0447C1DE770DBC7CF6AF035F0691724EB766E5AD10977239BA,no,2026-09-12 16:39,1
BT_btc-209,BTCUSDm,300,2,M1,2018-02-09,2024-05-31,,0/1,402,0,1,206C2B1688A2BE3A26490BC4454094199856A9B7629538C03AA8A00D3A56CE8D,no,2026-09-12 16:40,1
BT_btc-210,BTCUSDm,300,2,M1,2025-06-01,2026-05-31,,0/1,87,0,1,BD3645F5743295DDA6C00997BC6A2AF4A235E449C233BCDFDDC800140109E8A5,no,2026-09-12 16:45,1
BT_btc-211,BTCUSDm,300,2,M1,2025-06-01,2026-05-31,,0/1,63,0,1,44A051622F0ECDA17A3EE39DE2948EA6FE073272E9C20D69DA6279AD9FCF1446,no,2026-09-12 16:46,1
BT_btc-212,BTCUSDm,300,2,M1,2025-06-01,2026-05-31,,0/1,111,0,1,94C1A639A079FB659AFB8B451659ABC08151FDA7A7CCC73949AA3D37FAE7CA23,no,2026-09-12 16:49,1
BT_btc-213,BTCUSDm,300,2,M1,2025-06-01,2026-05-31,,0/1,111,0,1,78841A2C45E35EB614CE880D45D26AB8BCD7F1550F509FDFAEF2A351B02A73C5,no,2026-09-12 16:50,1
BT_btc-214,BTCUSDm,300,2,M1,2024-06-01,2025-05-31,,0/1,112,0,1,1D709DBCE2010516CEB169A0A2F66CD5F0D1C2914A9A3BF078FC8C4BEBC879D4,no,2026-09-12 16:51,1
BT_btc-215,BTCUSDm,300,2,M1,2018-02-09,2024-05-31,,0/1,612,0,1,49A2958974B3E8121C71598BC2171E73636B94EA4146EAED8CDA301FC2CF484C,no,2026-09-12 16:52,1
BT_btc-216,BTCUSDm,300,2,M1,2025-06-01,2026-05-31,,0/1,109,0,1,3D6AF2BC09E643502AEEF93ACD0BDB0A253AC6C76E75F5DC685AE977408ECC19,no,2026-09-12 16:57,1
BT_btc-217,BTCUSDm,300,2,M1,2025-06-01,2026-05-31,,0/1,112,0,1,1EC23123CC1FDA9165FB61842D70694F9AF61AD55C426C4FDAE305F645BBFBA7,no,2026-09-12 16:58,1
BT_btc-218,BTCUSDm,300,2,M1,2025-06-01,2026-05-31,,0/1,104,0,1,975F9F05D6D45D1E43246DBDAE5C101D17C859B33544DDC605F3803E7279CAA4,no,2026-09-12 16:59,0
BT_btc-219,BTCUSDm,300,2,M1,2025-06-01,2026-05-31,,0/1,108,0,1,C8A3812F694ECACC03A4CB2318531BB16C1EC093ACD6F389BBFCDA060882CE85,no,2026-09-12 18:04,1
BT_btc-220,BTCUSDm,300,2,M1,2025-06-01,2026-05-31,,0/1,109,0,1,3E28BDB14FA51EAF415C550C0A6ADA35CFBA61605C0F1D1F55C75BE53DB0F6F9,no,2026-09-12 18:04,1
BT_btc-221,BTCUSDm,300,2,M1,2025-06-01,2026-05-31,,0/1,109,0,1,B70B59C1E6BFEC7843077E08D3B9D0F98B27BDA754D723173EC51AD60A7095D2,no,2026-09-12 18:05,1
BT_btc-222,BTCUSDm,300,2,M1,2024-06-01,2025-05-31,,0/1,104,0,1,6034E6D31C2767DF386AE2A119F983944DC810DB7C2DE4B6CEAD0EA423C19323,no,2026-09-12 18:06,1
BT_btc-223,BTCUSDm,300,2,M1,2018-02-09,2024-05-31,,0/1,614,0,1,F4180AD5F0C169DF619F7A27E5E10AE4324B10709BFE0F3A128C0DB7E3499E32,no,2026-09-12 18:06,1
BT_btc-224,BTCUSDm,300,2,M1,2024-06-01,2025-05-31,,0/1,104,0,1,5BEAC9E0CF8C3550B7B5063BE7FCA903F4F6A94F6E0367494DB06FA793F2A4E1,no,2026-09-12 18:09,1
BT_btc-225,BTCUSDm,300,2,M1,2025-06-01,2026-05-31,,0/1,109,0,1,1B8495424AB6D3DC6313A81022CC848BEB408E8A7EBC3985120F9E420505FBD6,no,2026-09-12 18:10,1
BT_btc-226,BTCUSDm,300,2,M1,2025-06-01,2026-05-31,,0/1,86,0,1,2BBB0F5DE83D73AA00772F2A7AF231575E9B519C94285C6F4F5B494DD55DB9FE,no,2026-09-12 18:11,1
BT_btc-227,BTCUSDm,300,2,M1,2018-02-09,2024-05-31,,0/1,603,0,1,AFE7FC0E5764D904D335997C5B12A956458EBED3A1641F7A12A1963F4B295AC0,no,2026-09-12 18:12,1
BT_btc-228,BTCUSDm,300,2,M1,2018-02-09,2024-05-31,,0/1,485,0,1,D91EB0DB8852F51B0EE6DCC855C823F05375883A2CB6AE236D3655E64771EB98,no,2026-09-12 18:15,1
BT_btc-229,BTCUSDm,300,2,M1,2025-06-01,2026-05-31,,0/1,89,0,1,84D5C7BA42CC56E9684C07C17B8A012B2FEA4A5D5F78B8BC59758F59DA173B58,no,2026-09-12 18:19,1
BT_btc-230,BTCUSDm,300,2,M1,2024-06-01,2025-05-31,,0/1,61,0,1,FFB63F34A9DD487120DCDE281281BF1716375642B0C8B51BA255BC568EECF9AA,no,2026-09-12 18:20,1
BT_btc-231,BTCUSDm,300,2,M1,2025-06-01,2026-05-31,,0/1,109,0,1,8230BD6D7973847F3B2C016997B16D9977F1D253FF7C1CA5FA00D118778F07CE,no,2026-09-12 18:20,1
BT_btc-232,BTCUSDm,300,2,M1,2024-06-01,2025-05-31,,0/1,83,0,1,4B1D05BFB37FA50C30FD7714FD3F2C857B2C2247610848ECB2ADDAFA874426AE,no,2026-09-12 18:21,1
BT_btc-233,BTCUSDm,300,2,M1,2018-02-09,2024-05-31,,0/1,612,0,1,10F2AA2F6AFCBAC60FB86846219D1A1A70867CD052E4E784DA7598662E70740A,no,2026-09-12 18:22,1
BT_btc-234,BTCUSDm,300,2,M1,2025-06-01,2026-05-31,,0/1,72,0,1,E9A6ABF68CE32BD9A7E12CCF8BB885D6A863F3BBA7B05086809718A2067C4EF9,no,2026-09-12 18:25,1
BT_btc-235,BTCUSDm,300,2,M1,2018-02-09,2024-05-31,,0/1,599,0,1,8F016CA2D35625D1380727219213284FD6514690927CB85893480078A42B6612,no,2026-09-12 18:26,1
BT_btc-236,BTCUSDm,300,2,M1,2018-02-09,2024-05-31,,0/1,347,0,1,125CC9F72F500371DC2C8CC5A28CA0153AA80D08944253272D5C7BA8A3AA9CCD,no,2026-09-12 18:32,1
BT_btc-237,BTCUSDm,300,2,M1,2025-06-01,2026-05-31,,0/1,33,0,1,7B45463912C10DFFBEA294E286D3B8D5CF0C0C88201D4048EE482A020F009529,no,2026-09-12 18:38,1
BT_btc-238,BTCUSDm,300,2,M1,2024-06-01,2025-05-31,,0/1,27,0,1,8A625346134B79BB3A161F007BBEB97B5F22065072275C3E9694F337B1E0A525,no,2026-09-12 18:39,1
BT_btc-239,BTCUSDm,300,2,M1,2018-02-09,2024-05-31,,0/1,167,0,1,2E6854361DF5EC1103659F4D477B05C13CBD4B424057703B6033437CACA58FFD,no,2026-09-12 18:40,1
BT_btc-240,BTCUSDm,300,2,M1,2018-02-09,2024-05-31,,0/1,590,0,1,F521857FCC9097FBC2DAA213DF61CC54CD9046FD9AD2DC4E2F542BA754B09B86,no,2026-09-12 18:46,1
BT_btc-241,BTCUSDm,300,2,M1,2018-02-09,2024-05-31,,0/1,485,0,1,ADEC3A5B4EE82EBF99C4686F9CB59151AC1A9598AC62D0F1DEC7707E8C50439A,no,2026-09-12 18:51,1
BT_btc-242,BTCUSDm,300,2,M1,2018-02-09,2024-05-31,,0/1,482,0,1,567A29BB88DDBC7744A3EB571939ABE01F51D2DBA38C5B6CE2F4458753244AA0,no,2026-09-12 18:56,1
BT_btc-243,BTCUSDm,300,2,M1,2018-02-09,2024-05-31,,0/1,482,0,1,D0DF403522E883BC7DAF6B1A0E41FB644F589FDF5E7B91C5148350FD5CE5A278,no,2026-09-12 19:01,1
BT_btc-244,BTCUSDm,300,2,M1,2025-06-01,2026-05-31,,0/1,76,0,1,61C944E1EBC8C27E9B40B1D539E7235DD89D7BFE4ACA2AC1EBD898B2EB3DE14A,no,2026-09-12 19:11,1
BT_btc-245,BTCUSDm,300,2,M1,2024-06-01,2025-05-31,,0/1,51,0,1,5D5D74D20E5CCE15A0F84D928F4E9EDF99C387EDF2C8B10CE5EA4C345818834E,no,2026-09-12 19:12,1
BT_btc-246,BTCUSDm,300,2,M1,2018-02-09,2024-05-31,,0/1,547,0,1,3774DE2FED8397D34472C6687E3AA1FA7D32915504D0FD1CBCD9D3FA9F715A67,no,2026-09-12 19:12,1
BT_btc-247,BTCUSDm,300,2,M1,2025-06-01,2026-05-31,,0/1,49,0,1,A450B0307812D6E2E8DC89E2F4520C0088A4B3695FDA7DC748064092EACC95E1,no,2026-09-12 19:16,1
BT_btc-248,BTCUSDm,300,2,M1,2018-02-09,2024-05-31,,0/1,597,0,1,A4AE9EAF2CBDC0621E652FED56C696CE1F3F3DE946B72C151A41EB7EFA2E97F4,no,2026-09-12 19:16,1
BT_btc-249,BTCUSDm,300,2,M1,2018-02-09,2024-05-31,,0/1,634,0,1,3E8A4FA050135DAA7D458154B058323C616DFA15A9A565219B6EB76A6AE866B8,no,2026-09-12 19:21,1
BT_btc-250,BTCUSDm,300,2,M1,2025-06-01,2026-05-31,,0/1,92,0,1,358DA6455AA9D8138A6E32260244E8B4941EB3A4315D0CE9C8DA2EB28602EAF3,no,2026-09-12 19:25,1
BT_btc-251,BTCUSDm,300,2,M1,2018-02-09,2024-05-31,,0/1,452,0,1,440D7A1736291C6E8DDC4C863FDF9A2E2597F715C5D3EB3137D4D9C1A9C2C62C,no,2026-09-12 19:29,1
BT_btc-252,BTCUSDm,300,2,M1,2018-02-09,2024-05-31,,0/1,485,0,1,EE1C2E00D3B95298E84C3176DA51C0488EE6648E775F9EC613879FB642829625,no,2026-09-12 19:33,1
BT_btc-253,BTCUSDm,300,2,M1,2024-06-01,2025-05-31,,0/1,53,0,1,90BC9EC54C3A380BD71695D67C4738B5947D5CABD68EF1D82F8004784A88D85F,no,2026-09-12 19:38,1
BT_btc-254,BTCUSDm,300,2,M1,2024-06-01,2025-05-31,,0/1,59,0,1,884A40694A43D75597159E2F590A7951556FC870B4FD9B03C20BE3F3717517D3,no,2026-09-12 19:39,1
BT_btc-255,BTCUSDm,300,2,M1,2025-06-01,2026-05-31,,0/1,19,0,1,0A5F68399313FDDAC510438285D68B8B88E0017720A8A6CBD7E14B4A3DE90DAE,no,2026-09-12 19:40,1
BT_btc-256,BTCUSDm,300,2,M1,2024-06-01,2025-05-31,,0/1,15,0,1,ADAD556C1E06644E48CCE45F9635399E8901E569D91B516C2155A41A4C75E900,no,2026-09-12 19:41,1
BT_btc-257,BTCUSDm,300,2,M1,2018-02-09,2024-05-31,,0/1,391,0,1,C73DFB529C5F917F5CE43BE4E04BBF333D39BC478A31750633DA288E092CE59D,no,2026-09-12 19:42,1
BT_btc-258,BTCUSDm,300,2,M1,2025-06-01,2026-05-31,,0/1,82,0,1,E47E438204AED3774B78EE08DB8C6082B60B332D1F011AC174172FE5260EAD14,no,2026-09-12 19:47,1
BT_btc-259,BTCUSDm,300,2,M1,2018-02-09,2024-05-31,,0/1,519,0,1,D532837A985BAC35CF3DBD0A0B559CFC5673C5E6F8FB890D7D487150E9AE215A,no,2026-09-12 19:48,1
BT_btc-260,BTCUSDm,300,2,M1,2025-06-01,2026-05-31,,0/1,75,0,1,FDEE793CF7796407C5D967ADBCAEBFDD96554091DABAC186BB4A50F2B1CDABC0,no,2026-09-12 19:53,1
BT_btc-261,BTCUSDm,300,2,M1,2018-02-09,2024-05-31,,0/1,547,0,1,708EB19DD590A2E031AE9E5EC3A146AF96B41CCAFCF5302896C10CB64068AF55,no,2026-09-12 19:58,1
BT_btc-262,BTCUSDm,300,2,M1,2025-06-01,2026-05-31,,0/1,76,0,1,FC851378658F83734B4C7F2561F46832F0AFE0C7A5CF2647315267B553D83176,no,2026-09-12 20:03,1
BT_btc-263,BTCUSDm,300,2,M1,2024-06-01,2025-05-31,,0/1,51,0,1,7EDC956ACD4BB547082486BFF724C30CEA69C914BA335AE3C278ED00A77F8D36,no,2026-09-12 20:03,1
BT_btc-264,BTCUSDm,300,2,M1,2018-02-09,2024-05-31,,0/1,531,0,1,2A1BD8A69C55C82256C7C079C386E3BCEE5FAA3374188DD88492965FFDFB7617,no,2026-09-12 20:04,1
BT_btc-265,BTCUSDm,300,2,M1,2024-06-01,2025-05-31,,0/1,48,0,1,6E27F4B92F3D468E113F807005D97B1C20F1D960A6D7BB74C5F22F1C45079636,no,2026-09-12 20:09,1
BT_btc-266,BTCUSDm,300,2,M1,2025-06-01,2026-05-31,,0/1,63,0,1,E572BE8F0BB73001BD7560CE000200CAEBDF8CF2FC8357044F029D41C7DC17C7,no,2026-09-12 20:10,1
BT_btc-267,BTCUSDm,300,2,M1,2018-02-09,2024-05-31,,0/1,408,0,1,43411E0FB2732A4910B0523B109729A790FA9083D0C834D97D1384458DD479D2,no,2026-09-12 20:10,1
BT_btc-268,BTCUSDm,1000,2,M1,2018-02-09,2024-05-31,,0/1,574,0,1,2B7342B02F3D00A3210A4E04F78AAB7F0D7EB0267E4899375F2CC7DBFDD42DE9,no,2026-09-12 20:18,1
BT_btc-269,BTCUSDm,3000,2,M1,2018-02-09,2024-05-31,,0/1,562,0,1,D28A7763CC77D332431C326AB40456B9082DE1EEEEA36343E8E291534A8EB130,no,2026-09-12 20:22,1
BT_btc-270,BTCUSDm,1000,2,M1,2025-06-01,2026-05-31,,0/1,107,0,1,47D45BB52B51F317AD13371B41034459600EB0F63C1E21AF2AA839F98A838E5B,no,2026-09-12 20:27,1
BT_btc-271,BTCUSDm,1000,2,M1,2024-06-01,2025-05-31,,0/1,107,0,1,40B1281D976D9D3961C28103DECF156CF8A59561C87E11DCF62143B336DBE5B0,no,2026-09-12 20:28,1
BT_btc-272,BTCUSDm,3000,2,M1,2025-06-01,2026-05-31,,0/1,102,0,1,07EA8A5B33529B2B240172C81E1BB54F82DF956787DBDED23326F68724816E36,no,2026-09-12 20:28,1
BT_btc-273,BTCUSDm,1000,2,M1,2018-02-09,2024-05-31,,0/1,575,0,1,7905FE1C290F604C5FFE2F732F2754B73469E5BE1833ED2DEFEE2261EDC8EAD1,no,2026-09-12 20:29,1
BT_btc-274,BTCUSDm,300,2,M1,2018-02-09,2024-05-31,,0/1,547,0,1,C554D7E03B8F1E118ECF658C14BF42DF280C3966EE932F58074EC5CFD1E44136,no,2026-09-12 20:33,1
BT_btc-275,BTCUSDm,1000,2,M1,2024-06-01,2025-05-31,,0/1,105,0,1,FF9E16F064F83E4C0B8C7085D82F508B0E80EF08416C56A0BCC34EBA2A7EF990,no,2026-09-12 20:40,1
BT_btc-276,BTCUSDm,1000,2,M1,2025-06-01,2026-05-31,,0/1,103,0,1,2599516C9C1DDD6146CCC7761F96317227BFAE4E0E8F2A2021955DB06873DE5C,no,2026-09-12 20:40,1
BT_btc-277,BTCUSDm,1000,2,M1,2018-02-09,2024-05-31,,0/1,558,0,1,85AC6F740992082900F9561C7BADECFB97F8F4B43B395217991A146FD8D62485,no,2026-09-12 20:41,1
BT_btc-278,BTCUSDm,3000,2,M1,2024-06-01,2025-05-31,,0/1,104,0,1,8632C59651D052E7624B1F704D1539B54ABF556CFB7B9EBE2C34396FEAC854F7,no,2026-09-12 20:45,1
BT_btc-279,BTCUSDm,3000,2,M1,2024-06-01,2025-05-31,,0/1,79,0,1,F89EBA0CCB480238CA25D4EA4853B5FA374D787560693F6A90324B22BB885729,no,2026-09-12 20:46,1
BT_btc-280,BTCUSDm,3000,2,M1,2024-06-01,2025-05-31,,0/1,113,0,1,CB032A52D920660BA2ECFD6EDE0197D72BBE04176EC85DBCB1AEDEFE61CC9370,no,2026-09-12 20:47,1
BT_btc-281,BTCUSDm,300,2,M1,2024-06-01,2025-05-31,,0/1,104,0,1,61E6327F4C354DAE1D72A4C632060C3C2B85D6F3F8B5023EFAC167C681702165,no,2026-09-12 20:51,1
BT_btc-282,BTCUSDm,1000,2,M1,2024-06-01,2025-05-31,,0/1,111,0,1,12DE8DD1F228FAB65FDB9EE07F8B429B933C61C1DE90790818316F6133F3064C,no,2026-09-12 20:52,1
BT_btc-283,BTCUSDm,1000,2,M1,2025-06-01,2026-05-31,,0/1,113,0,1,BF6B83FFD348D7769D9411E9750532358DE15EDB89A65D2ABBCAA354B13BE29B,no,2026-09-12 20:53,1
BT_btc-284,BTCUSDm,1000,2,M1,2018-02-09,2024-05-31,,0/1,613,0,1,C5BE4218E34386C511BDA2CB860370A996F14C802240232402E53CAD47144929,no,2026-09-12 20:53,1
BT_btc-285,BTCUSDm,300,2,M1,2024-06-01,2025-05-31,,0/1,119,0,1,FD5F01FD43CB88524591D08D52D8B0E1D05513E80DEDF2E5D5E6A155C868AA32,no,2026-09-12 20:58,1
BT_btc-286,BTCUSDm,300,2,M1,2025-06-01,2026-05-31,,0/1,108,0,1,136A194B09BEBF9AA7D4BEE9721D1C8F9D08960B5DBF4AD0FC92DFFBB745F552,no,2026-09-12 20:58,1
BT_btc-287,BTCUSDm,300,2,M1,2018-02-09,2024-05-31,,0/1,614,0,1,8E483A69D1998038F100FF822499DEFF5639C545DD20A16FDD8AC5AFDB3D6E7B,no,2026-09-12 20:59,1
Bfix22a,BTCUSDm,300,2,M1,2018-02-09,2024-05-31,,?/?,37320,0,1,11C31E9E2D583E676241995A11773A9A67DF282A92220D0BC90248CCD7FA6A7D,no,2026-09-11 20:48,1
Bfix22b,BTCUSDm,300,2,M1,2018-02-09,2024-05-31,,?/?,37945,0,1,806BD2584F1C072A2F99629DD903B6A3CC25E538E62697740A54455264451D6A,no,2026-09-11 20:48,1
C094_t,BTCUSDm,300,2,M1,2025-06-01,2026-05-31,,300/?,69,0,1,9294710595DE449852B62B5418B1E3A44EBB823F2FF47A9AE80568E4BAC92D9A,no,2026-09-11 22:35,1
C094_v,BTCUSDm,300,2,M1,2024-06-01,2025-05-31,,300/?,77,0,1,8899CD752788623D120F070CE82680F51A71E9C2EB74079A09724F5A3EC5997C,no,2026-09-11 22:35,1
C099_t,BTCUSDm,300,2,M1,2025-06-01,2026-05-31,,300/?,65,0,1,856B4D5864832D64189ECB9A09577869863E8D0BAAFB65B6ADE991AB3D6820FA,no,2026-09-11 22:34,1
C099_v,BTCUSDm,300,2,M1,2024-06-01,2025-05-31,,300/?,65,0,1,EF8BC5410109CEDAA6959784F7F32837F56286DF00154799768298DEC7BA049A,no,2026-09-11 22:34,1
C100_t,BTCUSDm,300,2,M1,2025-06-01,2026-05-31,,300/?,46,0,1,E659BBF7AF0D4F898CB0576764C718BE3AE5D3AA748662256F2AE371B495B905,no,2026-09-11 22:33,1
C100_v,BTCUSDm,300,2,M1,2024-06-01,2025-05-31,,300/?,37,0,1,603D2410FF1BED417E1B01B6507947CC5A2D44534771F26A596EEBFA225E37FA,no,2026-09-11 22:33,1
DD_eval,BTCUSDm,300,2,M1,2018-02-09,2024-05-31,,?/?,37320,0,1,0CA463C7CAC9F9562BD6DB3ABA7CB0693BAC6E10D1209157F6221FB7AB44EF3E,no,2026-09-11 20:54,1
DD_hard,BTCUSDm,300,2,M1,2018-02-09,2024-05-31,,?/?,287,0,1,96D4DD528E5D84A097E8409DB3A14DBF3C8BBACEF785365A60392B1D88834498,no,2026-09-11 20:55,1
GD_gold-001,XAUUSDm,300,2,M1,2014-01-14,2024-05-31,,?/?,17,0,1,44FDB0368573E397260133DFE820C826ADC25633A1E4F4B0F6DD7EFB7664EA53,no,2026-09-11 20:11,0
GD_gold-002,XAUUSDm,300,2,M1,2014-01-14,2024-05-31,,?/?,22,0,1,81311C7DE88DE87ADF9DE423E18754A2D5ED61C82C0912D0E0DB03384FD0DEA8,no,2026-09-11 20:11,0
GD_gold-003,XAUUSDm,300,2,M1,2014-01-14,2024-05-31,,?/?,23,0,1,DD761C9951E215ECBD684CDF8ECCCF1CE1338AA5743E5F3B7DDBF7126BEC35AD,no,2026-09-11 20:12,0
GD_gold-004,XAUUSDm,300,2,M1,2014-01-14,2024-05-31,,?/?,17,0,1,135E63A60956B3117C01650A3F983CD352B698F2740521282992698FD86DDF9E,no,2026-09-11 20:12,0
GD_gold-005,XAUUSDm,300,2,M1,2014-01-14,2024-05-31,,?/?,1,0,1,AA88F6EEB2EF54766A894A7E85F28463F82EC48A2168332F7E50695A961E04DF,no,2026-09-11 20:12,0
GD_gold-006,XAUUSDm,300,2,M1,2014-01-14,2024-05-31,,?/?,3,0,1,D634FCD71DEB4F750FF926993BD7C2AE65F61CB206FCEAA7C246FD55DCA9A0D3,no,2026-09-11 20:12,0
GD_gold-007,XAUUSDm,300,2,M1,2014-01-14,2024-05-31,,?/?,14,0,1,DA7CB4EB557133DA8E7B90E344D16325AEA727241A236ADC92A33469ED75F365,no,2026-09-11 20:12,0
GD_gold-008,XAUUSDm,300,2,M1,2014-01-14,2024-05-31,,?/?,2,0,1,4670F309E3CE55FFA55AB911527BB73106BE6AC1E235A1400A4B442DC82037FA,no,2026-09-11 20:12,0
GD_gold-009,XAUUSDm,300,2,M1,2014-01-14,2024-05-31,,?/?,27,0,1,53783CAE4B11ABF78F908FE9BB5CAF5A144CD176A383E42DADD0E19B14A8710F,no,2026-09-11 20:13,0
GD_gold-010,XAUUSDm,300,2,M1,2014-01-14,2024-05-31,,?/?,12,0,1,A5D879C4713CD921002A201CE7802C49936D9B5A0703BC92DC79E24B63EB0667,no,2026-09-11 20:13,0
GD_gold-011,XAUUSDm,300,2,M1,2014-01-14,2024-05-31,,?/?,54,0,1,6A27F553378240BBD6C9298A15DAE6D764B3B059D0C1EFB8E689A61D2492117C,no,2026-09-11 20:13,0
GD_gold-012,XAUUSDm,300,2,M1,2014-01-14,2024-05-31,,?/?,40,0,1,B5CD1D2C4DC2AE73771A94F8DED9A9D71B688C2F4A73BC900A3C7D18F2D6CA3B,no,2026-09-11 20:13,0
GD_gold-013,XAUUSDm,300,2,M1,2014-01-14,2024-05-31,,?/?,23,0,1,EC9673250F14CA099EF5B0E7E840F2194D7853112A684E86BC56B7A0528647A5,no,2026-09-11 20:13,0
GD_gold-014,XAUUSDm,300,2,M1,2014-01-14,2024-05-31,,?/?,23,0,1,3A10724A6018CBCADB5279C60A35E2C23A503908EBF843B7F152FC7994D5DA45,no,2026-09-11 20:14,0
GD_gold-015,XAUUSDm,300,2,M1,2014-01-14,2024-05-31,,?/?,21,0,1,CBE37FD2EF38CA3CB1526ACB909FAEE2744C1C55272A0BBE5FC7BCB26766D0E9,no,2026-09-11 20:14,0
GD_gold-016,XAUUSDm,300,2,M1,2014-01-14,2024-05-31,,?/?,72,0,1,109AC67D0138DC7D7B461D4A6922A059C321902BD9A077E8FC7E39401E157E4C,no,2026-09-11 20:14,1
GD_gold-017,XAUUSDm,300,2,M1,2014-01-14,2024-05-31,,?/?,24,0,1,64F9247DC0442C4BB6E4F945444537B75B005B5B543C24B31E00185D6090728A,no,2026-09-11 20:14,1
GD_gold-018,XAUUSDm,300,2,M1,2014-01-14,2024-05-31,,?/?,83,0,1,F58606D2E131B1EC0992813B468A130F8CF959AB4311E51638DDF2E5DAE2ED0E,no,2026-09-11 20:14,1
GD_gold-019,XAUUSDm,300,2,M1,2014-01-14,2024-05-31,,?/?,690,0,1,ACC175F065B3F0FC9D8FE3C132D849E7D46E36AFE2EF700B9B9ADB1D5B1EA4F5,no,2026-09-11 20:15,1
GD_gold-020,XAUUSDm,300,2,M1,2014-01-14,2024-05-31,,?/?,6,0,1,2EDDCFB9A1B0FAE40EF40A62B4FB4A6E34C598B5680208EC8754F26F89CDD735,no,2026-09-11 20:15,0
GD_gold-021,XAUUSDm,300,2,M1,2014-01-14,2024-05-31,,?/?,212,0,1,39F3B043A57F3A795C473B26BF0FB5782D0A99DF33334182BAD905B00601F697,no,2026-09-11 20:15,0
GD_gold-022,XAUUSDm,1000,2,M1,2014-01-14,2024-05-31,,?/?,30,0,1,876D5CFDF9D592F9830B617E7D57199C75138D2040F0B86D75A17AB24CFE03B4,no,2026-09-11 20:15,0
GD_gold-023,XAUUSDm,300,2,M1,2014-01-14,2024-05-31,,?/?,17,0,1,F087F91502970105F0846389C07D228E16858043FF6E498EA25FD89AA24F1980,no,2026-09-11 20:21,0
GD_gold-024,XAUUSDm,300,2,M1,2014-01-14,2024-05-31,,?/?,17,0,1,ED51A8F7D75F4695482BD1A84583FA1A5AB11DEEA3EB799510D6BD5F8B580068,no,2026-09-11 20:21,0
GD_gold-025,XAUUSDm,300,2,M1,2014-01-14,2024-05-31,,?/?,17,0,1,26A2F619321EDEFAA408B6BA0B86D2CE56E421CBA7C150B0B91E867D7C05CA77,no,2026-09-11 20:21,0
GD_gold-026,XAUUSDm,300,2,M1,2014-01-14,2024-05-31,,?/?,226,0,1,281E3BBACFD06A4715C5B1C1407E512F0C2DAD4CF16F7AF76A78CF781E672365,no,2026-09-11 20:23,0
GD_gold-027,XAUUSDm,300,2,M1,2014-01-14,2024-05-31,,?/?,195,0,1,07E2AE444C466086CBF65E38E42EFBEF4833DC8B540498095FE5A72E48B0E128,no,2026-09-11 20:23,0
GD_gold-028,XAUUSDm,300,2,M1,2014-01-14,2024-05-31,,?/?,167,0,1,AD67C72F86CD484B0E4079FFC1AF05261A789B25E24FC73D543083FB5344815B,no,2026-09-11 20:23,0
GD_gold-029,XAUUSDm,300,2,M1,2014-01-14,2024-05-31,,?/?,151,0,1,03D2AA0396B94EB5F4E4CB97FB51B23FA1D12FF98C930F6C6EDB670C33159928,no,2026-09-11 20:23,0
GD_gold-030,XAUUSDm,300,2,M1,2014-01-14,2024-05-31,,?/?,415,0,1,AD8C29E42AB45B30A28DC251EB2ACDB3FBBB86D491B5AC44AC76EBC11303E223,no,2026-09-11 20:23,0
GD_gold-031,XAUUSDm,300,2,M1,2014-01-14,2024-05-31,,?/?,479,0,1,C53FF6392EAA590416B390BE61BC1F5EBB5D83CA947F7F10AB1FC771CE99677E,no,2026-09-11 20:24,0
GD_gold-032,XAUUSDm,300,2,M1,2014-01-14,2024-05-31,,?/?,494,0,1,286825EC2BB8B2E5784BFAD707C6DD1A8DFF2799FE890A17724BBDAD9DDF59D2,no,2026-09-11 20:24,0
GD_gold-033,XAUUSDm,300,2,M1,2014-01-14,2024-05-31,,?/?,215,0,1,4D56A90307FCBED3B0BF756EE902B3E413EC8111B03BC9A92411DA8A755ADF1F,no,2026-09-11 20:24,1
GD_gold-034,XAUUSDm,300,2,M1,2014-01-14,2024-05-31,,?/?,129,0,1,BD356793149DC8F47ECEF1CBBBE9BF618535C6CC5650D62F862F141EF4B8B3CD,no,2026-09-11 20:24,1
GD_gold-035,XAUUSDm,300,2,M1,2014-01-14,2024-05-31,,?/?,9,0,1,831892C376F6FA6F7A9E69A0FE0A2DE5FC50F809196456BCBF07C6C191D620DB,no,2026-09-11 20:24,1
GD_gold-036,XAUUSDm,300,2,M1,2014-01-14,2024-05-31,,?/?,72,0,1,1A4952FC2AF4F9617387F06C6CA9109C19CA70A756DD3BCE06B1C8595A560B02,no,2026-09-11 20:25,1
GD_gold-037,XAUUSDm,300,2,M1,2014-01-14,2024-05-31,,?/?,129,0,1,4DA41700B16F23EB4BE522DE1E7B554EF4628650DCFE0BE138DD5048F4FFF18F,no,2026-09-11 20:25,1
GD_gold-038,XAUUSDm,300,2,M1,2014-01-14,2024-05-31,,?/?,43,0,1,8930EBC4835CF1DE596B6C217C7867A1580F993A6744AD3EBBCBC1118FE742B6,no,2026-09-11 20:25,0
GD_gold-039,XAUUSDm,300,2,M1,2014-01-14,2024-05-31,,?/?,152,0,1,9685B9788E244D27B0F2F011F84D5598233102FA79C0226B5870F1CD2F2AD4DC,no,2026-09-11 20:25,0
GD_gold-040,XAUUSDm,300,2,M1,2014-01-14,2024-05-31,,?/?,138,0,1,7A99C0EADCFCE544A690CE6D86397C4D2A763871547B87BE13593AAA61E4ADAB,no,2026-09-11 20:25,0
GD_gold-041,XAUUSDm,300,2,M1,2014-01-14,2024-05-31,,?/?,17,0,1,2602220FE4E0C240AA74EE63E929C4D9C501B9FAAF39B518D397E94AB13FD3F4,no,2026-09-11 20:29,0
GD_gold-042,XAUUSDm,300,2,M1,2014-01-14,2024-05-31,,?/?,494,0,1,55BAFF83921860067E9573CDFB991146B844B478B8273998765735D4EE616A77,no,2026-09-11 20:30,0
GD_gold-043,XAUUSDm,300,2,M1,2014-01-14,2024-05-31,,?/?,19,0,1,0A5C6F1876621C52A51AF155503B6B30D1043B0BB845531CB1854CC6B0DC9DF1,no,2026-09-11 20:30,0
GD_gold-044,XAUUSDm,300,2,M1,2014-01-14,2024-05-31,,?/?,22,0,1,6BE560EE86D9D80039DDFD6C5424ACE8138500EC67412897A679B010E3165F1A,no,2026-09-11 20:30,0
GD_gold-045,XAUUSDm,300,2,M1,2014-01-14,2024-05-31,,?/?,1,0,1,DFC8E0D325569A2D338015D8107514CF89A643346E7272E9E2CFBBAAB6A134E8,no,2026-09-11 20:30,0
GD_gold-046,XAUUSDm,300,2,M1,2014-01-14,2024-05-31,,?/?,4,0,1,83E87A7148960925C9987DC0B8093AA6E77098E30EBA34420DCF0F8197E137C4,no,2026-09-11 20:30,0
GD_gold-047,XAUUSDm,300,2,M1,2014-01-14,2024-05-31,,?/?,262,0,1,8B5891316AF8E3CBBB003B3B70F99FB207BCA1FA5ECD4FF082159F3C4FB19097,no,2026-09-11 20:31,0
GD_gold-048,XAUUSDm,300,2,M1,2014-01-14,2024-05-31,,?/?,173,0,1,6260CA75279432435314041ECB0D32E92A603574F2551F58CC6A35D2CE19D579,no,2026-09-11 20:31,0
GD_gold-049,XAUUSDm,300,2,M1,2014-01-14,2024-05-31,,?/?,229,0,1,32F73362A62B216ED9BAD8E55627D4A0E8FF1F91F94AEFE3B4B6F9E353CBC5F0,no,2026-09-11 20:31,0
GD_gold-050,XAUUSDm,300,2,M1,2014-01-14,2024-05-31,,?/?,716,0,1,BB0203BE1C6CD2B012C97328EC0278809F3BFA177E780DF1DAD05B75A2D9CEA8,no,2026-09-11 20:31,0
GD_gold-051,XAUUSDm,300,2,M1,2014-01-14,2024-05-31,,?/?,922,0,1,20E9B29FC46CA56D6158A40022B558F4BD8D6DCFB08726DE4F7A1FCDDA2FC485,no,2026-09-11 20:32,0
GD_gold-052,XAUUSDm,300,2,M1,2014-01-14,2024-05-31,,?/?,313,0,1,BD857C2213DC2D0AF87ED50010E6A9000F6F1B6471C985ED049CBC5AFC1AC50F,no,2026-09-11 20:32,1
GD_gold-053,XAUUSDm,300,2,M1,2014-01-14,2024-05-31,,?/?,271,0,1,00117ED6BED98A0BFCAC9D46D1244B17B1291E0218D0D8117E429AF47E8FA6C6,no,2026-09-11 20:32,1
GD_gold-054,XAUUSDm,300,2,M1,2014-01-14,2024-05-31,,?/?,254,0,1,B287E0A74F44C9E415FC410C830DA3B50E1CD7600D720936BC41F9EB3BE87B82,no,2026-09-11 20:32,1
GD_gold-055,XAUUSDm,300,2,M1,2014-01-14,2024-05-31,,?/?,107,0,1,44089023D55E4DFADFE2149024173F48D7BEA492B00EA675A99A3FB792DEC674,no,2026-09-11 20:32,1
GD_gold-056,XAUUSDm,1500,2,M1,2014-01-14,2024-05-31,,?/?,78,0,1,02C207E758E3801AD8539AFEDA721BA3CA6215B171F578C7A2E1F0477646A487,no,2026-09-11 20:33,0
GD_gold-057,XAUUSDm,1500,2,M1,2014-01-14,2024-05-31,,?/?,188,0,1,A58CE9B624496353DEDBF09A2ED7FCF328FAF8F711277FB806ED9E3288657D1F,no,2026-09-11 20:33,0
GD_gold-058,XAUUSDm,300,2,M1,2014-01-14,2024-05-31,,?/?,22,0,1,47D32FCFC348D1C28960A454F58C75270D6EBF60B282C0EEE447E06A1747BA91,no,2026-09-11 20:55,0
GD_gold-059,XAUUSDm,300,2,M1,2014-01-14,2024-05-31,,?/?,16,0,1,D977C0478AA0CB150911BC1E97067D398EC896E8722D622A057ADB3A960D592C,no,2026-09-11 20:55,0
GD_gold-060,XAUUSDm,300,2,M1,2014-01-14,2024-05-31,,?/?,214,0,1,C64F9C8A626EBED814BA0694E2ADB23287333C4B8586C435E75773DD8EB2C065,no,2026-09-11 20:56,0
GD_gold-061,XAUUSDm,300,2,M1,2014-01-14,2024-05-31,,?/?,228,0,1,FFE779E5F043E3772C24C5190D16211E25D9106AAE6E8EDFB208C792BF8C99B1,no,2026-09-11 20:56,0
GD_gold-062,XAUUSDm,300,2,M1,2014-01-14,2024-05-31,,?/?,262,0,1,9F709DD4C17787FE757AAAB1C93EC62B3B521BF634726351652DF8FE263F9409,no,2026-09-11 20:56,0
GD_gold-063,XAUUSDm,300,2,M1,2014-01-14,2024-05-31,,?/?,173,0,1,082DB3443886F573475752617D816BD9DA236C60417CB9DEC5C9CD8CCD6291D7,no,2026-09-11 20:56,0
GD_gold-064,XAUUSDm,300,2,M1,2014-01-14,2024-05-31,,?/?,922,0,1,1B296B9D6468912D8D7A9075DBAA654EE8E502D76233A69ECBB05D908ADF77D2,no,2026-09-11 20:56,0
GD_gold-065,XAUUSDm,300,2,M1,2014-01-14,2024-05-31,,?/?,716,0,1,BDD667AA82FF3828FCB5BA12033D5C56DDF08BF24B62D86B56147ECFCB3A73DA,no,2026-09-11 20:56,0
GD_gold-066,XAUUSDm,300,2,M1,2014-01-14,2024-05-31,,?/?,271,0,1,E94BD1E2B51ABDE14F32AD21F0F2818D73470624B90EB681FF820A2566D903AE,no,2026-09-11 20:57,1
GD_gold-067,XAUUSDm,300,2,M1,2014-01-14,2024-05-31,,?/?,215,0,1,90C0093F48CD2E1F7B4DA93E0D99FF3E063F09BDAAA6B40A856AD69DB0A573FA,no,2026-09-11 20:57,1
GD_gold-068,XAUUSDm,300,2,M1,2014-01-14,2024-05-31,,?/?,73,0,1,D84FCD38BF0B61FA247FC92A027478F862C8A81B5DD6153AC0372EC8F84D0AFF,no,2026-09-11 20:57,0
GD_gold-069,XAUUSDm,300,2,M1,2014-01-14,2024-05-31,,?/?,3200,0,1,FBF88F231F55F551FDBD717D2BCD29B4AC16A6D8AF04ADE102962A02B975D0CB,no,2026-09-11 20:57,0
GD_gold-070,XAUUSDm,300,2,M1,2014-01-14,2024-05-31,,?/?,2395,0,1,0E4D5682B82FF51E77ED2F7A86D56782DEA37900650DAD4F515DC68F87869C50,no,2026-09-11 20:58,0
GD_gold-071,XAUUSDm,300,2,M1,2014-01-14,2024-05-31,,?/?,4659,0,1,FBEB8DD5DB9EE955F599323766D1A815EC1D0A9479BB74AF25B25C984DD9CB32,no,2026-09-11 20:58,0
GD_gold-072,XAUUSDm,300,2,M1,2014-01-14,2024-05-31,,?/?,215,0,1,264E2822F85F042CBBC3948ECFEAE20306F9C68D53EFE0E3F10640BD5A31D5E1,no,2026-09-11 20:58,1
GD_gold-073,XAUUSDm,300,2,M1,2014-01-14,2024-05-31,,?/?,17,0,1,BE7EBCC3EFD8ADB3BFE25BB32BC44A1ACF103887B97AECA24F9ABE07625AFF0B,no,2026-09-11 20:58,0
GD_gold-074,XAUUSDm,300,2,M1,2014-01-14,2024-05-31,,?/?,19,0,1,E3AD3EBB72C1DE70A13A45B3A19A2F2257E39A7364B9D810EB55FFB33112BD46,no,2026-09-11 20:58,0
GD_gold-093,XAUUSDm,300,2,M1,2014-01-14,2022-05-31,,300/0,574,0,1,A2B2A904055B352F2A640A295DF6C201ADEDB36256319FCFB205173EE9F80BFC,no,2026-09-12 11:29,1
GD_gold-094,XAUUSDm,300,2,M1,2014-01-14,2022-05-31,,300/0,,0,1,B5B11F9CA4DB89DB88A0CF71FE1EB8F28E2859BEC52DE1EAA48E5285F6831667,no,2026-09-12 11:30,1
GD_gold-097,XAUUSDm,300,2,M1,2017-05-01,2020-01-31,,300/0,315,0,1,1A2D655EE0EF71649E69A495C23FCCCEF953F214B52C2B730F46E160C547EBFE,no,2026-09-12 11:51,1
GD_gold-098,XAUUSDm,300,2,M1,2017-05-01,2020-01-31,,300/0,143,0,1,2DE9CE32B8D60AF60ECD404742E494AB6E6FA159D03A5860BF59603D31257A89,no,2026-09-12 11:53,1
GD_gold-099,XAUUSDm,300,2,M1,2020-02-01,2022-05-31,,300/0,257,0,1,F313ADFEE231F02B4BB0997496B2FEA5D666CE0BF4F1E2F38FCD5EA776F6F555,no,2026-09-12 11:53,1
GD_gold-100,XAUUSDm,300,2,M1,2014-01-14,2022-05-31,,300/0,578,0,1,AAC3DCDB501C2545EBB772D09661A068A3F2E99E84A25B83D7A5F43D1C2F8C40,no,2026-09-12 11:54,1
GD_gold-101,XAUUSDm,300,2,M1,2025-06-01,2026-05-31,,300/0,132,0,1,CAF95DFCBDF978BA220D8D81C62D331716F2738D07682AB336057C53583D82BC,no,2026-09-12 11:55,1
GD_gold-102,XAUUSDm,600,2,M1,2014-01-14,2022-05-31,,300/0,573,0,1,47CFBF002DD3B05914E8BFB0E1E5C947B52CF934B41D0BE4630DA19E24B86162,no,2026-09-12 11:59,1
GD_gold-103,XAUUSDm,600,2,M1,2025-06-01,2026-05-31,,300/0,133,0,1,94A4C97B97A8FB01FF0B7BD0BDCF0E7183C33840FB791E2949EF1CCD9C1B03D7,no,2026-09-12 12:00,1
GD_gold-104,XAUUSDm,600,2,M1,2024-06-01,2025-05-31,,300/0,133,0,1,BFF32B29533D9794A22A9DBEB1AB959E3225704B59A12F23CD8754554BDEBA8E,no,2026-09-12 12:00,1
GD_gold-105,XAUUSDm,300,2,M1,2014-01-14,2022-05-31,,300/1,587,0,1,A8AAD42CE14570838A0E4FBFADFD8638991483DA4A05FD17C18B78CB76442B29,no,2026-09-12 12:00,1
GD_gold-106,XAUUSDm,600,2,M1,2014-01-14,2022-05-31,,300/1,585,0,1,A73B6862C67B202A684F5C29B5A192DC8AE6AC44B5154C699B88BD0820DBA475,no,2026-09-12 12:04,1
GD_gold-107,XAUUSDm,600,2,M1,2025-06-01,2026-05-31,,300/1,129,0,1,4237F1F5B360E211E2A99B66E592A11120137A322AEE7DDCA8C58BC7EBD55DF8,no,2026-09-12 12:05,1
GD_gold-108,XAUUSDm,600,2,M1,2024-06-01,2025-05-31,,300/1,138,0,1,E9DDC55809982CF8463CECC3E8B9ED5E216E1B91DF3E60B7320DDDB5867ACD66,no,2026-09-12 12:05,1
GD_gold-109,XAUUSDm,600,2,M1,2014-01-14,2018-03-31,,300/1,107,0,1,2CE42EC0CA7678ED3117A059AB2AD509E422DB98908A459B32FEBAD0E5D45B18,no,2026-09-12 12:09,1
GD_gold-110,XAUUSDm,600,2,M1,2018-04-01,2022-05-31,,300/1,478,0,1,D7CD074136B1AFCF0EF896F3D8E74C9288061B2F0DA66CED758EB47CD9659554,no,2026-09-12 12:09,1
GD_gold-111,XAUUSDm,600,2,M1,2024-06-01,2025-02-28,,300/1,108,0,1,C338364A09B0229FEA5AB6CD716482CA99C956646797B162D6CD31B20335A513,no,2026-09-12 12:10,1
GD_gold-112,XAUUSDm,600,2,M1,2018-04-01,2022-05-31,,300/1,635,0,1,C1ECA9F0479835802A72E7E5A2B94505784D4515CED2B906F558E6CF0D38EEFB,no,2026-09-12 12:13,1
GD_gold-113,XAUUSDm,600,2,M1,2014-01-14,2017-04-30,,300/1,68,0,1,8FF7570766A6FE17F2AD12DB702D8BC3EDB140075B6DBBE74FB11B1FEAB62D33,no,2026-09-12 12:14,1
GD_gold-114,XAUUSDm,600,2,M1,2026-02-01,2026-05-31,,300/1,37,0,1,39E99B3A61605F4C1E4879AF87523F15AE51E034C061BAD34939E0E388683636,no,2026-09-12 12:14,1
GD_gold-115,XAUUSDm,600,2,M1,2014-01-14,2018-03-31,,300/1,131,0,1,59704BBD9D4BB4FA467D7F2D0D9C657D4AE4E54452DD670A723F8A55AD8D1FA9,no,2026-09-12 12:18,1
GD_gold-116,XAUUSDm,600,2,M1,2018-04-01,2022-05-31,,300/1,827,0,1,50FABF7BE06B01BA123EA255B18DE00129C1BDC235D094EF3CD9843CAEBE6E4B,no,2026-09-12 12:19,1
GD_gold-117,XAUUSDm,600,2,M1,2018-04-01,2022-05-31,,300/0,636,0,1,BBAC9B2A6B26327A458674086C12C4311338FB74505DE8A1C4F5FCFFB83B85F5,no,2026-09-12 12:20,1
Gfix32,XAUUSDm,300,2,M1,2014-01-14,2024-05-31,,?/?,4403,0,1,14C42BBE88BC550F4F8CEE14BCDA44E0D8FD4877A923F73EBB12664A20F0118C,no,2026-09-11 20:49,1
JP_jpy-001,USDJPYm,300,2,M1,2014-01-14,2024-05-31,,?/?,37,0,1,C9D2EF1AF88746E5479DC5083F4B7AF299D46B2A98CC198D7419ED9D7EF15D69,no,2026-09-11 20:40,0
JP_jpy-002,USDJPYm,300,2,M1,2014-01-14,2024-05-31,,?/?,37,0,1,46915D03916D3D9A3CD6D507D2F3E158DB544382FF7C6B5AFDCB6CE1099C636D,no,2026-09-11 20:40,0
JP_jpy-003,USDJPYm,300,2,M1,2014-01-14,2024-05-31,,?/?,98,0,1,94C868BB07D39A96052AD9306D2CBEE165A2DA2FFB0F6C78725EF0435436C4E2,no,2026-09-11 20:40,0
JP_jpy-004,USDJPYm,300,2,M1,2014-01-14,2024-05-31,,?/?,63,0,1,271F7E73AAA5E3D52A90F1A95943A657C2684861C37D95A82FD9776778A96867,no,2026-09-11 20:41,0
JP_jpy-005,USDJPYm,300,2,M1,2014-01-14,2024-05-31,,?/?,37,0,1,925106DEA83E7B221D9CC476F92EE5F5C348F958F602AE5B0B174CDA9703A501,no,2026-09-11 20:41,0
JP_jpy-006,USDJPYm,300,2,M1,2014-01-14,2024-05-31,,?/?,145,0,1,26B167D6E1A6F06855B43D44DC125945740AF4142D83F956FF2417EB6D9A75A0,no,2026-09-11 20:41,0
JP_jpy-007,USDJPYm,300,2,M1,2014-01-14,2024-05-31,,?/?,247,0,1,B79A272E217F6B5E0AC37ABD205607AE04FB59B612608340F054D8412107E43F,no,2026-09-11 20:41,0
JP_jpy-008,USDJPYm,300,2,M1,2014-01-14,2024-05-31,,?/?,101,0,1,1EF56E1141AC39AAC08ED2A956A9552ED9DD0B06EB942F385D449BD6C94FFC4A,no,2026-09-11 20:42,0
JP_jpy-009,USDJPYm,300,2,M1,2014-01-14,2024-05-31,,?/?,37,0,1,508B6246EF663BADA0E1AE3C7B5FF8F9245545000E4205A9AA9E3198CBF5B9FD,no,2026-09-11 20:42,0
JP_jpy-010,USDJPYm,300,2,M1,2014-01-14,2024-05-31,,?/?,82,0,1,E78F91100A9489E49163972FF8F5D36E3D766587C618235B2D27874762E9C57E,no,2026-09-11 20:42,0
JP_jpy-011,USDJPYm,300,2,M1,2014-01-14,2024-05-31,,?/?,108,0,1,A35B159B710C074980B9E726EC10A544C942B7035CA1F3801B381D219DC97818,no,2026-09-11 20:42,0
JP_jpy-012,USDJPYm,300,2,M1,2014-01-14,2024-05-31,,?/?,10,0,1,B8AA3974B7E779D6150FEA48AE128DC95BD7D0D1C381D9FA0BD73564CA926416,no,2026-09-11 20:42,0
JP_jpy-013,USDJPYm,300,2,M1,2014-01-14,2024-05-31,,?/?,37,0,1,564A7176CC49057D8E143F5CCD8D257C7ABC2221A66C832673D32A0842823DF6,no,2026-09-11 20:43,0
JP_jpy-014,USDJPYm,300,2,M1,2014-01-14,2024-05-31,,?/?,77,0,1,DF3F12E5C92D744C1910BCF6FA09C601FEC9CF6C281F7CB345124E2BA715A0E7,no,2026-09-11 20:43,0
JP_jpy-015,USDJPYm,300,2,M1,2014-01-14,2024-05-31,,?/?,17,0,1,E86857D861946764FD434BDEEB8C4247C8C7770BDA6E30948F9EA95AAF167526,no,2026-09-11 20:43,0
JP_jpy-016,USDJPYm,300,2,M1,2014-01-14,2024-05-31,,?/?,37,0,1,88EB37791544B0340575B979A46C5F9F453C91F9BA661D7864898BA2FAA13160,no,2026-09-11 20:43,0
JP_jpy-017,USDJPYm,300,2,M1,2014-01-14,2024-05-31,,?/?,70,0,1,5F856BF286C24B5B459FFC63CB4DB8A4A95519E4F895EA7D30AE45F308A982E6,no,2026-09-11 20:44,0
JP_jpy-018,USDJPYm,300,2,M1,2014-01-14,2024-05-31,,?/?,17,0,1,02776BA63802D0521C317D33BB05A3139E4ACD55F2688CD8BEAA6BAA602F403D,no,2026-09-11 20:44,0
JP_jpy-019,USDJPYm,300,2,M1,2014-01-14,2024-05-31,,?/?,17,0,1,91F1D4F1E59CCE0F1AFF82864D0ABD4974B343EAC375322F091172A6475DAFE1,no,2026-09-11 20:44,1
JP_jpy-020,USDJPYm,300,2,M1,2014-01-14,2024-05-31,,?/?,129,0,1,1EE49B0CB1B5C2DD9FB4E0E487DBEF26F05F59038CC220378D4253458B27CD68,no,2026-09-11 20:44,0
JP_jpy-021,USDJPYm,300,2,M1,2014-01-14,2024-05-31,,?/?,17,0,1,7AFA958D253A89A2D82CC3212E1192232C9E6ACD622A17A51E2A0F12633AD6DD,no,2026-09-11 20:44,0
JP_jpy-022,USDJPYm,300,2,M1,2014-01-14,2024-05-31,,?/?,98,0,1,AF81265E853D33B74A56EE7CE2219D8304675D2500598D5FA9A0D3910EE5FDEF,no,2026-09-11 20:45,0
JP_jpy-023,USDJPYm,300,2,M1,2014-01-14,2024-05-31,,?/?,897,0,1,C3B8F3D392ED7F3B01EEE18D29107EF60C1F4EE6311558F81085DCB0D0DB8DA4,no,2026-09-11 21:19,0
JP_jpy-024,USDJPYm,300,2,M1,2014-01-14,2024-05-31,,?/?,1295,0,1,03BBD9E47427541D4115B4B273B7B8DF8D804110A947239F891AF2F4DA7E4042,no,2026-09-11 21:19,0
JP_jpy-025,USDJPYm,300,2,M1,2014-01-14,2024-05-31,,?/?,777,0,1,6420C544A4D432390F06B8CF0A3AC92060134BEE5E3295532E3E59400C1CE4AD,no,2026-09-11 21:19,0
JP_jpy-026,USDJPYm,300,2,M1,2014-01-14,2024-05-31,,?/?,890,0,1,AACFE1C3D8E8FDD00805C9D0743E074B901A4E631597146A1BF5E20ECBD9478B,no,2026-09-11 21:19,0
JP_jpy-027,USDJPYm,300,2,M1,2014-01-14,2024-05-31,,?/?,72,0,1,E0762A1A4944B043B1E07ABC44DECBE2715D040C96757AC25A810E1DEF528AE1,no,2026-09-11 21:20,0
JP_jpy-028,USDJPYm,300,2,M1,2014-01-14,2024-05-31,,?/?,811,0,1,75A6D656B62ADF7FF29220C5F170D726397C97605AEA2398F04D16AF6B6D41B0,no,2026-09-11 21:20,0
JP_jpy-029,USDJPYm,300,2,M1,2014-01-14,2024-05-31,,?/?,43,0,1,E3D28BFDE342FB19926DE7643A0EE6FCA0FC5DB1A40BC7986CDCB666B2FA8378,no,2026-09-11 21:20,0
JP_jpy-030,USDJPYm,300,2,M1,2014-01-14,2024-05-31,,?/?,37,0,1,D0405647DB8436A4C4366F421EB27F20E404FFE03B22BDE5E8F0211595E61364,no,2026-09-11 21:20,0
JP_jpy-031,USDJPYm,300,2,M1,2014-01-14,2024-05-31,,?/?,247,0,1,C4B04BABA31E1C7352B89AC680AF9D3D611C9E98D7BE23B9CAD779C489FDCFA7,no,2026-09-11 21:21,0
JP_jpy-032,USDJPYm,50000,2,M1,2014-01-14,2024-05-31,,?/?,252,0,1,8527A37EC3A039429A80AAFEE9428F711F047CF060957DA0C65D304816297436,no,2026-09-11 21:21,0
JP_jpy-033,USDJPYm,300,2,M1,2014-01-14,2024-05-31,,?/?,885,0,1,8DBE05661DA756A71356884E2EACC4DF315DF31AD6146995DBF81435D693927F,no,2026-09-11 21:21,0
JP_jpy-034,USDJPYm,300,2,M1,2014-01-14,2024-05-31,,?/?,328,0,1,FBBA97436A6394517C28990EFFB0FC27E376557B23A0A794E6381DD442F9B510,no,2026-09-11 21:22,0
JP_jpy-035,USDJPYm,300,2,M1,2014-01-14,2024-05-31,,?/?,818,0,1,DAC9ED1167C395EF78B11C2488F1535CB9EAF8CEEFF3034FA837DD9C4FA14C61,no,2026-09-11 21:22,0
JP_jpy-036,USDJPYm,300,2,M1,2014-01-14,2024-05-31,,?/?,1146,0,1,257E726A09ECE8B474F994F60E2D2BB2D9830C9FBE1F7E3BEEF735E6B7E6F07A,no,2026-09-11 21:22,0
JP_jpy-037,USDJPYm,300,2,M1,2014-01-14,2024-05-31,,?/?,1308,0,1,AD984BBD3EB10384AF61A51104438A26900EB704A6920E641D104B0D4715B876,no,2026-09-11 21:22,0
JP_jpy-038,USDJPYm,300,2,M1,2014-01-14,2024-05-31,,?/?,910,0,1,234629F414846245B4E1C0E8A4B8CC2AEDF076E812FF7D60CD1C3A235EC37669,no,2026-09-11 21:23,0
JP_jpy-039,USDJPYm,300,2,M1,2014-01-14,2024-05-31,,?/?,1037,0,1,DBE4B061AD139B816401855599E025D5E4321B60151E26E7A683A594FC32EDEE,no,2026-09-11 21:23,0
JP_jpy-040,USDJPYm,300,2,M1,2014-01-14,2024-05-31,,?/?,1101,0,1,6153CFBA043669011F49ADFD6F1068DA1611E06C2529172F85F95A03231E7759,no,2026-09-11 21:23,0
JP_jpy-041,USDJPYm,300,2,M1,2014-01-14,2024-05-31,,?/?,845,0,1,3D736D14B6FB6719FDDF0112743ECF7CDA4790BD4FDBA7374C53B07BD08CD013,no,2026-09-11 21:24,0
JP_jpy-042,USDJPYm,300,2,M1,2014-01-14,2024-05-31,,?/?,898,0,1,1F9FF9825A0A9B7D829E7872F9D2EAF656958C0DDCF109363781F2BD8D2759C7,no,2026-09-11 21:24,0
JP_jpy-043,USDJPYm,300,2,M1,2014-01-14,2024-05-31,,?/?,2058,0,1,650C23761C9C258C77DE263056ECD4D06A965C2B554A74A13AFB4813E521E7EA,no,2026-09-11 21:24,0
JP_jpy-044,USDJPYm,300,2,M1,2014-01-14,2024-05-31,,?/?,543,0,1,951D9CAB04B814B03850BE7DEADDB7506D0C866ABE13F2810D9A0DD0571C7117,no,2026-09-11 21:25,0
JP_jpy-045,USDJPYm,300,2,M1,2014-01-14,2024-05-31,,?/?,0,0,1,093BAC2A0B4E2B1838CBB3336C301ED8B21783B129A3157D4AC6872FA24A3DEC,no,2026-09-11 21:25,0
JP_jpy-046,USDJPYm,300,2,M1,2014-01-14,2024-05-31,,?/?,847,0,1,480F161D70CBD1CED3812CF0ABC654C0EE10841979136B872A2424FCE76ACD0B,no,2026-09-11 21:25,0
JP_jpy-047,USDJPYm,300,2,M1,2014-01-14,2024-05-31,,?/?,,0,0,A90A4FF828FEBBD066A5CCABC8143B474628EF550CEA1A1A5A7DE6FA4ABEE0EA,no,2026-09-11 21:52,0
JP_jpy-048,USDJPYm,300,2,M1,2014-01-14,2024-05-31,,?/?,,0,0,1B037F49410A887331253C16F1C57A5308AE87AC231CFA397626148A5B016B39,no,2026-09-11 21:52,0
JP_jpy-049,USDJPYm,300,2,M1,2014-01-14,2024-05-31,,?/?,,0,0,07D31AD7C47C004B822783E4F89B9B37C3800E983EE066DE920BC9B1DB415C75,no,2026-09-11 21:52,0
JP_jpy-050,USDJPYm,300,2,M1,2014-01-14,2024-05-31,,?/?,,0,0,3E94E70EED0C040759F05C8B432E6393C002EE70089B1850067834A5CB496338,no,2026-09-11 21:52,0
JP_jpy-051,USDJPYm,300,2,M1,2014-01-14,2024-05-31,,?/?,,0,0,30A32EB60BE2CD5BC65F25AD7B8DE6A9522DA448474638ED12984A9E0827F411,no,2026-09-11 21:52,0
JP_jpy-052,USDJPYm,300,2,M1,2014-01-14,2024-05-31,,?/?,,0,0,AF9C3DD405754C055379616237BFE4E976FDCFDAFA20B59D2A2290224820D74F,no,2026-09-11 21:52,0
JP_jpy-053,USDJPYm,300,2,M1,2014-01-14,2024-05-31,,?/?,,0,0,8AAFE212DB5EFCF211DFBAFB3F21411FE244FB7295BFBDBFF4B44EA97CBB0164,no,2026-09-11 21:52,0
JP_jpy-054,USDJPYm,300,2,M1,2014-01-14,2024-05-31,,?/?,,0,0,B5ABE848020E4134371BC9A2493D2129D923319AAAD848444B305ACD7D76FAE4,no,2026-09-11 21:52,0
JP_jpy-055,USDJPYm,300,2,M1,2014-01-14,2024-05-31,,?/?,,0,0,33F871A553BB189DD78A9A930C6539D43076B9664316A65207088415C638A718,no,2026-09-11 21:52,0
JP_jpy-056,USDJPYm,300,2,M1,2014-01-14,2024-05-31,,?/?,,0,0,789D284F9F30A09C1014B475146A48D9670455464321EBD94D7500B1943CAE50,no,2026-09-11 21:52,0
JP_jpy-057,USDJPYm,300,2,M1,2014-01-14,2024-05-31,,?/?,,0,0,DE25AA986E7162B1B9450472F34742A7D8820BEFFC6973808967D72D6814C535,no,2026-09-11 21:52,0
JP_jpy-058,USDJPYm,300,2,M1,2014-01-14,2024-05-31,,?/?,,0,0,8E85F84ED1BD244757D31807E093993C483437E6D9649DA5860E6AE8E38494CF,no,2026-09-11 21:52,0
JP_jpy-059,USDJPYm,300,2,M1,2014-01-14,2024-05-31,,?/?,,0,0,F490CF951B6CAD03201A6CA62722EF7848070B7C637595224355D7CBF01B41D7,no,2026-09-11 21:52,0
JP_jpy-060,USDJPYm,300,2,M1,2014-01-14,2024-05-31,,?/?,,0,0,AE73D75B29CBBB92E7CF98EB8323174202E233571281BD30B16263E897454F2F,no,2026-09-11 21:52,0
JP_jpy-061,USDJPYm,300,2,M1,2014-01-14,2024-05-31,,?/?,,0,0,596152546C9FA22F6A8AB8325AC211B9762037A63BE65383E81195D11652C0A5,no,2026-09-11 21:52,0
JP_jpy-062,USDJPYm,300,2,M1,2014-01-14,2024-05-31,,?/?,,0,0,3D0CEFD55C106CFFF5C1CF84F8F0DAFDD4F7941FEC0206EB982FB50DBC282919,no,2026-09-11 21:52,0
JP_jpy-063,USDJPYm,300,2,M1,2014-01-14,2024-05-31,,?/?,,0,0,E96C511BC79407D56A2101DE86ABFCC29D5DC766D95DD97620D8A7C6A559429A,no,2026-09-11 21:52,0
JP_jpy-064,USDJPYm,300,2,M1,2014-01-14,2024-05-31,,?/?,,0,0,98BDDEAE428EC363374A0CC8D04F6C809C91A36C844DE9B455E91EB3C7AA74AC,no,2026-09-11 21:52,0
JP_jpy-065,USDJPYm,300,2,M1,2014-01-14,2024-05-31,,?/?,,0,0,E787BA879AE2DDBF2BEB9FCD728E63A4E65F947F7CDBD0C4F4D158663EDE381F,no,2026-09-11 21:52,0
JP_jpy-066,USDJPYm,300,2,M1,2014-01-14,2024-05-31,,?/?,,0,0,4FAC2B158F519301902D23380034A974828EABBD99BCFE485B04100E7E8EA269,no,2026-09-11 21:52,0
JP_jpy-067,USDJPYm,300,2,M1,2014-01-14,2024-05-31,,?/?,,0,0,5875A94EBFD53AECF2792B90FC26DC4A7F7A69A69C6AE23474D35B198661D1A8,no,2026-09-11 21:52,0
JP_jpy-068,USDJPYm,300,2,M1,2014-01-14,2024-05-31,,?/?,,0,0,6B9A7C3B9315E064CD884955C51A2DC8250B41B75D646D3C83388A32EB9AA1E4,no,2026-09-11 21:52,0
JP_jpy-069,USDJPYm,300,2,M1,2014-01-14,2024-05-31,,?/?,,0,0,5DE6E8430E0283FE0F8F783ACCFB98D55D78FCF04396543EECD54FE8BFF1EE9D,no,2026-09-11 21:52,0
JP_jpy-070,USDJPYm,300,2,M1,2014-01-14,2024-05-31,,?/?,,0,0,E3299FDC3DC14327117658F2E1817694B32BB6C29E3169196EDD5DEC0322EEE0,no,2026-09-11 21:52,0
Jtst,USDJPYm,300,2,M1,2014-01-14,2024-05-31,,?/?,,0,0,A9763C03B4EEF82947819CCC24CABDA66178A62A6FE1BC629F9F1DA5B79B9F17,no,2026-09-11 22:04,1
LAT0,BTCUSDm,300,2,M1,2024-06-01,2025-05-31,,0/?,,0,1,9F3A35C1D603848599C85B5DBF209F254649A9E85E55C01FC66BB594B363AF8A,no,2026-09-12 05:10,1
LAT300,BTCUSDm,300,2,M1,2024-06-01,2025-05-31,,300/?,,0,1,10CA62C7C7D5BC22AAE162A894505D1BFBAFC7986ECF8C44C099C29598F37A6E,no,2026-09-12 05:10,1
LAT800,BTCUSDm,300,2,M1,2018-02-09,2024-05-31,,800/?,,0,0,053D558EEEB7D9476BBE49F9AAAAD7E662089CC15961E9D99850C9333C791953,no,2026-09-11 22:08,1
LATCHK_btcswing,BTCUSDm,300,2,M1,2018-02-09,2024-05-31,,300/?,,0,0,97DA66F597A7FADF1D0412BCD8884C4972742E694CA951C09DA7886C60D4623D,no,2026-09-11 23:14,1
LATCHK_jpyrev,BTCUSDm,300,2,M1,2018-02-09,2024-05-31,,300/?,,0,0,3250D8BCA42BF8A55B412FD8A346391ABCD5310EAC4CFCF49527DCCD14E8A00E,no,2026-09-11 23:14,1
LATCHK_meanrev,BTCUSDm,300,2,M1,2018-02-09,2024-05-31,,300/?,,0,0,14F76B03D42AA6493D50DC8261DF686C0EFDE96B4F4535C2D6EF0E11643E393E,no,2026-09-11 23:14,1
LATCHK_trend,BTCUSDm,300,2,M1,2018-02-09,2024-05-31,,300/?,,0,0,7D72B485F1F5F63A924D251B7BB5393C92DE2C2D3B162E2E87A5D202FE08DD1A,no,2026-09-11 23:14,0
MO_all,BTCUSDm,300,2,M1,2018-02-01,2023-12-31,,?/?,164,0,1,3E5AB29E2AE3623A5E64921A2D6A752E2A7CD2FDBB71AA0AC799F9C993804F65,no,2026-09-11 13:43,1
MO_hi,BTCUSDm,300,2,M1,2018-02-01,2023-12-31,,?/?,19,0,1,1D40B429BB9D77C5A9BB34124EC9A7BC5525849C095BC9F64CB6FF3628830BE1,no,2026-09-11 13:43,1
MO_lo,BTCUSDm,300,2,M1,2018-02-01,2023-12-31,,?/?,26,0,1,FC8B5746BC857C442757292540278E6968EB195D90D144DFB3A0BD886639D49B,no,2026-09-11 13:43,1
MOall_t,BTCUSDm,300,2,M1,2025-01-01,2025-12-31,,?/?,50,0,1,7FA32F53AE6F4AF1B64CB2B81C64E924E7B860EF4C23EBB2045193F1EFE031B5,no,2026-09-11 13:44,1
MOall_v,BTCUSDm,300,2,M1,2024-01-01,2024-12-31,,?/?,36,0,1,454E5C60C54A29A95B9D7260640BFA5EBDFADB9F0CA34C89BEEAC56A749D4F7A,no,2026-09-11 13:44,1
MOlo_t,BTCUSDm,300,2,M1,2025-01-01,2025-12-31,,?/?,6,0,1,879B1B494E12A982063A0392B57DA874B1869A2154DA78D4F9B7642393431C1F,no,2026-09-11 13:44,1
MOlo_v,BTCUSDm,300,2,M1,2024-01-01,2024-12-31,,?/?,5,0,1,C1D161024808D1FD1AA642B042FA32E17B3A32845308967A50B31EF95C2F25F7,no,2026-09-11 13:44,1
MRbase,BTCUSDm,300,2,M1,2018-02-01,2023-12-31,,?/?,294,0,1,B69C1A4F781BD2DDD596D59F06B572B2B4E651B2950B1B22783253EC49B04EFB,no,2026-09-11 13:39,1
OV10k_t,BTCUSDm,10000,2,M1,2025-06-01,2026-05-31,,300/?,120,0,1,472A1018E80F103C6F03C394FE524B74A66ED5499B913D2093AB4DCCC766AA76,no,2026-09-11 22:43,1
OV10k_v,BTCUSDm,10000,2,M1,2024-06-01,2025-05-31,,300/?,113,0,1,BA7B614E05947AECE6E14FCD0617CEA16AE47D9CCAFC0C38143DA6A34F979916,no,2026-09-11 22:42,1
OV_10k,BTCUSDm,10000,2,M1,2018-02-09,2024-05-31,,300/?,671,0,1,E47025371BF36DCD010549206D9272AD241C82863938000DBC42810425A90584,no,2026-09-11 22:41,1
OV_off,BTCUSDm,300,2,M1,2018-02-09,2024-05-31,,300/?,671,0,1,E9CDF131DF37247F258E0F028F53022DEF7D7D20B7BF9A2C68A03C31B92D2CCE,no,2026-09-11 22:39,0
P4C1_train,BTCUSDm,500,2,M1,2018-02-09,2024-05-31,,0/0,546,1,1,1B256C01BE42FBB9D16F013F1935FD9D5C3996CD54ECD9D7D06460ED2752E96E,no,2026-09-12 22:48,1
P4C1_valid,BTCUSDm,500,2,M1,2024-06-01,2025-05-31,,0/0,95,1,1,ED08D4C716304E30F00AD30AFDFC5BE53EEE348FC4947D4798CC1B466CBC0D83,no,2026-09-12 22:53,1
P4C2_train,BTCUSDm,500,2,M1,2018-02-09,2024-05-31,,0/0,1460,1,1,10DC19BFF3348AF70540C8F3F7AEC8ED3825E4EA33529075F4093952B980F348,no,2026-09-12 22:59,1
P4C2_valid,BTCUSDm,500,2,M1,2024-06-01,2025-05-31,,0/0,167,1,1,656590F218676040A4B9DE6F91099BFC78CD63091C2AB93F431BCD68780AC48B,no,2026-09-12 23:08,1
P4C3_train,BTCUSDm,500,2,M1,2018-02-09,2024-05-31,,0/0,323,1,1,7E510BB9ED35D57E1DBC24E598082821A3DAEC9C381725BD07A71867BAFA5F67,no,2026-09-12 23:10,1
P4C3_valid,BTCUSDm,500,2,M1,2024-06-01,2025-05-31,,0/0,55,1,1,F886C802D2381DA06A72AEA0C4A4811B72D217DF40DBDD1C5608125A11E67081,no,2026-09-12 23:15,1
P4D1000,BTCUSDm,1000,2,M1,2024-06-01,2025-05-31,,0/0,101,1,1,292A5695266D9B30A7D445CAF2CEAA024B2AB94022CA141380553E70CB945C11,no,2026-09-12 23:22,1
P4D2000,BTCUSDm,2000,2,M1,2024-06-01,2025-05-31,,0/0,99,1,1,A0418F6F3CB96E8A5CEE0109537BE07DC7090F619459B931DD6D1D7EDB2E26A4,no,2026-09-12 23:23,1
P4D400,BTCUSDm,400,2,M1,2024-06-01,2025-05-31,,0/0,74,1,1,D9F46D1FB26A4256C956B4AD035A14C58E8AD1A8A1E3811BFF6809807DCE6578,no,2026-09-12 23:17,1
P4D450,BTCUSDm,450,2,M1,2024-06-01,2025-05-31,,0/0,86,1,1,65C56D5E01DFE6A1B6266D466444EDF4265CA739D1C3D47C75007040FDDCFBB1,no,2026-09-12 23:18,1
P4D550,BTCUSDm,550,2,M1,2024-06-01,2025-05-31,,0/0,95,1,1,A11F299D7F40A61FA227A27022715CDB5CBEE998273F6A2347A567F42A80D7AB,no,2026-09-12 23:19,1
P4D600,BTCUSDm,600,2,M1,2024-06-01,2025-05-31,,0/0,97,1,1,EB4DB05A7F196156062BE65278E01131603B6B0CE8BD56D66BAE20511679153F,no,2026-09-12 23:19,1
P4D700,BTCUSDm,700,2,M1,2024-06-01,2025-05-31,,0/0,100,1,1,99E6E80C81DBA9207B89EF42A9D8AAE9A21636170EAA9D3D9E0881868799E4B8,no,2026-09-12 23:20,1
RV_off,USDJPYm,300,2,M1,2014-01-14,2024-05-31,,?/?,,0,0,1466FFD697A5BF75DCD9926E020B2D005BC60DDC8C8FA395EBD77F3305097595,no,2026-09-11 21:06,1
RV_on,USDJPYm,300,2,M1,2014-01-14,2024-05-31,,?/?,,0,0,1A9830D840B25719A7B40C584F83F1C59D089055C35AA42F84F8709280FE00BA,no,2026-09-11 21:06,1
S1CHK,BTCUSDm,500,2,M1,2024-06-01,2025-05-31,,0/0,104,1,1,A12617CAD46B8FCC6AD9C93AC1F8E15295DB36A431FD60E1A6FA566460F8FDCF,no,2026-09-12 22:32,1
S1CHK2,BTCUSDm,500,2,M1,2024-06-01,2025-05-31,,0/0,99,1,1,B6D57158843C9F4D19B33748FC2E7A0F490A367849B76C53A7422F64B982F8A6,no,2026-09-12 22:36,1
S1SIG,BTCUSDm,500,2,M1,2024-06-01,2025-05-31,,0/0,36,1,1,B7E09D2D320B48AB7628E7BDC0C8F70C1DB0FD58AF22C9ECCC13CF1F8B4726CB,no,2026-09-12 22:45,1
T0,BTCUSDm,300,2,M1,2024-06-01,2025-05-31,,300/0,,0,1,3B35D0E9A365F0CEC2C1C0673C72F9E9A2997FB54D9E083A58D9CAB0C545D6D9,no,2026-09-12 10:31,1
T1,BTCUSDm,300,2,M1,2024-06-01,2025-05-31,,300/1,,0,1,B2290779976840DD649FFB903990D7352C6ECD0074E22CC848DF0A766A9EF9C8,no,2026-09-12 10:31,1
T48,BTCUSDm,300,2,M1,2025-06-01,2026-05-31,,?/?,92,0,1,637BBB3624308821F200B51B0CD11B39FF3A0BA3C596CF4FDFF4CEF606494670,no,2026-09-11 21:16,1
T5,BTCUSDm,300,2,M1,2024-06-01,2025-05-31,,300/5,,0,1,AFE720D9CD64381E7D180F8FA5DF4C82C1F32B8360955A4B06F1484B8E101542,no,2026-09-12 10:32,1
TR48k,BTCUSDm,1000,2,M1,2018-02-09,2024-05-31,,?/?,1069,0,1,F69C782524C2D64E9DFB0E87267876C5E0FD13A9CB475B399E0BE45831D70AF7,no,2026-09-11 21:16,1
V48,BTCUSDm,300,2,M1,2024-06-01,2025-05-31,,?/?,162,0,1,8CB816A562D47F6B8AC325E49CAFA7827C6EA71A1AEA5753AF2653EFB532A4C4,no,2026-09-11 21:15,1
VZfalse,BTCUSDm,300,2,M1,2018-02-09,2024-05-31,,0/1,,0,1,525A0DAB12D8F6D1B5A8D84A9EB4017B6FA77F8212A204251C7DD414E1B6F022,no,2026-09-12 15:19,1
VZtrue,BTCUSDm,300,2,M1,2018-02-09,2024-05-31,,0/1,,0,1,24E79B9A1CB0AD27488421016FB151D9E04140BC615D55C2AA2035FBCFC43695,no,2026-09-12 15:15,1
XX_gold-078,XAUUSDm,300,2,M1,2014-01-14,2024-05-31,,300/1,828,0,1,385017B940930BB5CF83C790058C486781772B7AF2AC2D4D603C6496E3AE2F08,no,2026-09-12 10:58,1
XX_gold-081,XAUUSDm,300,2,M1,2014-01-14,2024-05-31,,300/1,847,0,1,72A0B5292ABED110195BC7BF7172CE6ECF5C2395D5205FFF149660E917B73CA3,no,2026-09-12 10:59,1
XX_gold-082,XAUUSDm,300,2,M1,2014-01-14,2024-05-31,,300/1,847,0,1,48A44DD76FB4E5CC7194AB81DC25163E0428160C720B2AB0C606A11EAC9E5D4B,no,2026-09-12 11:00,1
XX_jyrg-008,USDJPYm,300,2,M1,2017-01-01,2022-05-31,,300/1,225,0,1,02AAE7BB56595C0B18B7B8E453625C3F2F297AD61D28E8E9363B97262EA6B3D7,no,2026-09-12 17:16,1
XX_jyrg-c0-base,USDJPYm,300,2,M1,2022-06-01,2025-05-31,,300/0,122,0,1,1D51C275D495BE8B88E26FD316ED81912B4F870D12074FC3CC2C38FBEB25046B,no,2026-09-12 17:19,0
XX_jyrg-c0r,USDJPYm,300,2,M1,2022-06-01,2025-05-31,,300/0,122,0,1,BBA08926687BE96D6D66380019E2E92A3C4193AC0DE9000243923E3C61556047,no,2026-09-12 17:38,0
XX_jyrg-c1-bh,USDJPYm,300,2,M1,2022-06-01,2025-05-31,,300/0,0,0,1,399A4386A06A7AE096E1D0A536297A1DEF07881D4F7777B53051D90B068D3AFE,no,2026-09-12 17:19,0
XX_jyrg-c2-short,USDJPYm,300,2,M1,2022-06-01,2025-05-31,,300/0,7,0,1,EE65098DF97F1B0508BF4867F4EA1B2DE44B054EDA6B54180551D6340BDB4719,no,2026-09-12 17:20,0
XX_jyrg-c3-oldwin,USDJPYm,300,2,M1,2017-01-01,2022-05-31,,300/0,56,0,1,E6D96908C70B622FD23EDD1066E6FACC96131C3239FF3BE662CF5CF9B28F04D7,no,2026-09-12 17:21,0
XX_jyrg-c4-stop15,USDJPYm,300,2,M1,2022-06-01,2025-05-31,,300/0,481,0,1,9F05563C862AD402D5659E2D2057099C4C0FDC11CC5D846A899BC119CB61D3AB,no,2026-09-12 17:21,0
XX_jyrg-c5-lot2,USDJPYm,300,2,M1,2022-06-01,2025-05-31,,300/0,122,0,1,09C42146CB48C75EF65496E2E6F79213547A20B6FB4D05646469F00D1C15F1E3,no,2026-09-12 17:22,0
XX_jyrg-c6-cdbest,USDJPYm,300,2,M1,2022-06-01,2025-05-31,,300/0,2249,0,1,086AB445D88DDF55C590BBC69A2B97E9E99B51654DBE63DBF27AF36055CE4A67,no,2026-09-12 17:22,0
XX_jyrg-g3-200-p3,USDJPYm,300,2,M1,2019-06-01,2022-05-31,,300/0,94,0,1,BC47041B0805E5C2A0703DFC89E7876F462E693D3E173E2CC3CECB465C5158B1,no,2026-09-12 17:50,0
XX_jyrg-g3-200-p4,USDJPYm,300,2,M1,2021-06-01,2024-05-31,,300/0,192,0,1,9BC69ABA7E1139661B50747F0DBBDD5D01BBB3B320779F7E8FA6F7AB75566359,no,2026-09-12 17:50,0
XX_jyrg-g3-200-p4shift,USDJPYm,300,2,M1,2021-09-01,2024-08-31,,300/0,199,0,1,B603AE2EA86BAD2AF31C3784BBD54161E18BC8A6DEECCC29C5F69621CEABDEDE,no,2026-09-12 17:56,0
XX_jyrg-g3-200-p4single,USDJPYm,300,2,M1,2021-06-01,2024-05-31,,300/0,192,0,1,367E239AEF979CB46BF543EA7EA1279A593975DA6811AC5F861E8FDB76E411ED,no,2026-09-12 17:55,0
XX_jyrg-g3-bh-noer-p1,USDJPYm,300,2,M1,2022-06-01,2025-05-31,,300/0,0,0,1,9800DC1FE04E6CC2D595D085B7ED8C7A44F50A7C9E9081762F7C0C64A500396A,no,2026-09-12 17:49,0
XX_jyrg-g3-bh-p2,USDJPYm,300,2,M1,2017-01-01,2022-05-31,,300/0,0,0,1,6ADDD58493D258096CBAEA1C3E658C0B0035F2B7A2ABB8D6237740BB93B35B23,no,2026-09-12 17:49,0
XX_jyrg-g3-bh-p3,USDJPYm,300,2,M1,2019-06-01,2022-05-31,,300/0,0,0,1,6EF041979FC9DA8387060DC0FFA893697C163A371EC3E9D4C17206A4E569A319,no,2026-09-12 17:50,0
XX_jyrg-g3-bh-p4,USDJPYm,300,2,M1,2021-06-01,2024-05-31,,300/0,0,0,1,697B3BE8EEBD4E13673B5D9E1849E1978B45D1C3246ADAB3036FCF31A52AA241,no,2026-09-12 17:51,0
XX_jyrg-g3-bh-p4shift,USDJPYm,300,2,M1,2021-09-01,2024-08-31,,300/0,0,0,1,0768E94F952751A3A7BC3DD4B013E355331F4F795E87F7BF006160C9F5B48AC0,no,2026-09-12 17:55,0
XX_jyrg-g3-short-p4,USDJPYm,300,2,M1,2021-06-01,2024-05-31,,300/0,4,0,1,CAF2854D49251B9304FC85519F6ED9AB2B11A3DC4EEE5AE80B824632C4B23453,no,2026-09-12 17:55,0
XX_jyrg-g3-w14-200,USDJPYm,300,2,M1,2014-06-01,2017-05-31,,300/0,19,0,1,5973800CBA346363F10903B1660394DDE305D319B6816BC3F81E1FEB0E4BDBF6,no,2026-09-12 17:57,0
XX_jyrg-g3-w14-bh,USDJPYm,300,2,M1,2014-06-01,2017-05-31,,300/0,0,0,1,1779FED7CF6F20F97C1FFC493F6857A1546D5BCA89A8E815F3AD9D4873813A22,no,2026-09-12 17:56,0
XX_jyrg-g3-w16-200,USDJPYm,300,2,M1,2016-06-01,2019-05-31,,300/0,1,0,1,3489C476A6530C44D51807C321819F812091CF0432B0D27717B80848709EB650,no,2026-09-12 17:57,0
XX_jyrg-g3-w16-bh,USDJPYm,300,2,M1,2016-06-01,2019-05-31,,300/0,0,0,1,F21AC9CD3D59BAFE9B1FDE169422B45B18BE6FBBA768AF999DE7319B1D9F6556,no,2026-09-12 17:57,0
XX_jyrg-g3-w18-200,USDJPYm,300,2,M1,2018-06-01,2021-05-31,,300/0,23,0,1,F0950A2F1AA6CBD7FE1CC1CAA51C159284D66A50C85588E1F1A4E7CD33D1D65A,no,2026-09-12 17:58,0
XX_jyrg-g3-w18-bh,USDJPYm,300,2,M1,2018-06-01,2021-05-31,,300/0,0,0,1,F5834EB3ACB7DE284EA723EC6A391AF97B6E4DC0EFC0BFAC878C836CCF54194A,no,2026-09-12 17:58,0
XX_jyrg-g3-w20-200,USDJPYm,300,2,M1,2020-06-01,2023-05-31,,300/0,174,0,1,4FAB8C22A29C18E1865AA8986A014ACCEBB713E5242B97866A48A413CA82A7A7,no,2026-09-12 17:59,0
XX_jyrg-g3-w20-bh,USDJPYm,300,2,M1,2020-06-01,2023-05-31,,300/0,0,0,1,02563591818D969EA9619BF948F7B1EBFD3AFFDCE0809EBDAAF31A9CA49AA3A6,no,2026-09-12 17:58,0
XX_jyrg-g3-w23-200,USDJPYm,300,2,M1,2023-06-01,2026-05-31,,300/0,0,0,1,822493B4E514212C63F1C96AD6DB17F6295EA2AE920158B3C2E948D484B6D436,no,2026-09-12 18:00,0
XX_jyrg-g3-w23-bh,USDJPYm,300,2,M1,2023-06-01,2026-05-31,,300/0,0,0,1,9EC2352B09DAF5447DCEEEB5529A6337447581C0FCC221D8C967EB50A3B4DA96,no,2026-09-12 17:59,0
XX_jyrg-lat0,USDJPYm,300,2,M1,2017-01-01,2022-05-31,,300/0,224,0,1,8B9618284BF84ADB50801AB175F11E0966B3C58A4B4B8F15E18C124F1D2F2740,no,2026-09-12 17:26,1
XX_jyrg-lat0r,USDJPYm,300,2,M1,2017-01-01,2022-05-31,,300/0,224,0,1,42A8AE07B1471D9A40D6B2979451936094D4C60A24EFE2D01FBB9107F9779B78,no,2026-09-12 17:37,1
XX_jyrg-lat1,USDJPYm,300,2,M1,2017-01-01,2022-05-31,,300/1,225,0,1,2605CBA6A33E08381E9412044254EF9955A0451793E6D030BB861F934AA64220,no,2026-09-12 17:37,1
XX_jyrg-lat3,USDJPYm,300,2,M1,2017-01-01,2022-05-31,,300/3,224,0,1,0895EBFC36FA77E3A27E14E89C7844AC03B9AA3054DCBC66B4631E71B1CD404E,no,2026-09-12 17:26,1
XX_jyrg-lat30,USDJPYm,300,2,M1,2017-01-01,2022-05-31,,300/30,222,0,1,7FB9AF191851FE4FC132E5893620A6C8A4E48862A11C65212F2C9FB6BF5D7B1D,no,2026-09-12 17:26,1
XX_jyrg-tickclock,USDJPYm,300,2,M1,2025-01-01,2025-01-31,,0/1,,0,1,0E8E5ECA4A7BB7429C0D1F401D0D87D81E6EB5714DF985109DE502CFDB6F4F8F,no,2026-09-12 17:41,0
XX_wftest-001,BTCUSDm,300,2,M1,2024-08-01,2025-01-31,,300/?,29,0,1,85D1F4DBB04C53307C89427F4A4DE6C41774EE57DE83FB4AD5B29CEBCCF395BA,no,2026-09-11 23:24,1
att_valid_confirm1,XAUUSD_HIST,500,2,M1,2025-01-02,2026-06-30,,?/?,,0,1,04E96CB271785D3584648CA4A9E77BF3510A59A353DE51047F20F63DCC71632A,YES,2026-09-10 22:47,0
att_valid_gateoff,XAUUSD_HIST,500,2,M1,2025-01-02,2026-06-30,,?/?,,0,1,61782D5397B15ACD910CD0522CCE11B62283F5DC9588FBCE27C8473BDD0A69E1,YES,2026-09-10 22:47,0
att_valid_trendoff,XAUUSD_HIST,500,2,M1,2025-01-02,2026-06-30,,?/?,,0,1,650122F51CCA3E2485C32F35A97F0B247F92E19C51CE32B20FCA17E62F1F20AE,YES,2026-09-10 22:47,0
b0_locked,XAUUSD_HIST,500,2,M1,2023-01-03,2024-12-31,,?/?,,0,1,315530658497907E6C9138C86E2478993F941D51009A25483707451E11DADF58,no,2026-09-10 22:43,0
b0_norisk,XAUUSD_HIST,500,2,M1,2023-01-03,2024-12-31,,?/?,,0,1,0BBD981635ABE0AB2BA20DC41B59B62D154E598B087368051EEAFC1A85C95699,no,2026-09-10 22:38,0
b1_baseline,XAUUSD_HIST,500,2,M1,2023-01-03,2024-12-31,,?/?,,0,1,CC441079EEB2247FBF7A259A8425935E233901BAE681EF85D73895C9908756F4,no,2026-09-10 22:37,0
b1a_pure_grid,XAUUSD_HIST,500,2,M1,2023-01-03,2024-12-31,,?/?,,0,1,8012CCAA41D601D56B6E0FB9DF27ABC69E3F85D89B1737827DE9EF42A532E48C,no,2026-09-10 22:38,0
b1b_pure_trend,XAUUSD_HIST,500,2,M1,2023-01-03,2024-12-31,,?/?,,0,1,728F9762415C926E1BB0ED24811B2E6EC6CD385CD9399BD57A6AFEAF9A4772B7,no,2026-09-10 22:38,0
b1c_cut_on,XAUUSD_HIST,500,2,M1,2023-01-03,2024-12-31,,?/?,,0,1,C7D842FC4D562FEEAD75AF8456E3B4294B98804AC79DDF2E93F242EE61EB3E41,no,2026-09-10 22:38,0
b2_basket10,XAUUSD_HIST,500,2,M1,2023-01-03,2024-12-31,,?/?,,0,1,480E7E61FE0D6A4362DAA15E3864EE2614ECDA9924AE48C8F2AEA3AFB39B7B2B,no,2026-09-10 22:38,0
b2_basket15,XAUUSD_HIST,500,2,M1,2023-01-03,2024-12-31,,?/?,,0,1,3C01FC32CECA9EAE172964A5535EFFE1ACCCFC32FB989E102E2F34473985BC19,no,2026-09-10 22:38,0
b2_basket20,XAUUSD_HIST,500,2,M1,2023-01-03,2024-12-31,,?/?,,0,1,0262DDE47C5D358D015FF97D4C3864D154C5FF09B4B7BCE5BC8D6002852DEB12,no,2026-09-10 22:38,0
b3_grid25k,XAUUSD_HIST,500,2,M1,2023-01-03,2024-12-31,,?/?,,0,1,FCD255C7ED229D66E24DCB3895D5C80AF42043B28F5A5CF057607BC4DC744F34,no,2026-09-10 22:38,0
b3_grid30k,XAUUSD_HIST,500,2,M1,2023-01-03,2024-12-31,,?/?,,0,1,BF37A43BBCF65AF34A92C4D2839E174E523B10E868ED8E73FF2AE3C53E29C645,no,2026-09-10 22:38,0
base_locked,XAUUSD_HIST,500,2,M1,2023-01-03,2024-12-31,,?/?,,0,1,373EF362B549795714F92991A3EAC0BC568BB10A7CDE2F93E33552D8AE90B7AF,no,2026-09-10 22:45,0
base_locked_valid,XAUUSD_HIST,500,2,M1,2025-01-02,2026-06-30,,?/?,,0,1,87D553D504F315F6A5443B42A15AA7B6AD700911D038763695D8EAD390415E42,YES,2026-09-10 22:45,0
d_k25_valid,XAUUSD_HIST,500,2,M1,2025-01-02,2026-06-30,,?/?,,0,1,BE87D0D0DCF00628CCE3024A21C142CD34FEBD39CC8463D2FE571C0538A2A7A3,YES,2026-09-10 22:47,0
d_koff_valid,XAUUSD_HIST,500,2,M1,2025-01-02,2026-06-30,,?/?,,0,1,DD732F72B5CEFEC4E0C24438C605AB0F3E9A42FE4B35F340BF34548B844BF220,YES,2026-09-10 22:48,0
d_locked_k25,XAUUSD_HIST,500,2,M1,2023-01-03,2024-12-31,,?/?,,0,1,56D367908EAA2BA412DC6857064A4FB89D2F37B898120F8AB24DDCBC5571A03B,no,2026-09-10 22:43,0
d_locked_k40,XAUUSD_HIST,500,2,M1,2023-01-03,2024-12-31,,?/?,,0,1,5C4C944A9E68112DEF607BF10AB51E6C05D9EF8418D4FD82D16227FF001EBD5C,no,2026-09-10 22:44,0
d_locked_nodaily,XAUUSD_HIST,500,2,M1,2023-01-03,2024-12-31,,?/?,,0,1,7C6B3046DB6E87D998FCA632D04063F2FC6871A3B3C68C99012ACC703AE53968,no,2026-09-10 22:44,0
d_locked_off,XAUUSD_HIST,500,2,M1,2023-01-03,2024-12-31,,?/?,,0,1,30D84F790B80B8C2A75151EAFE0DFA649F5F2BAFE0726130E917860FA3C437B5,no,2026-09-10 22:44,0
diag_grid_audit,XAUUSD_HIST,500,2,M1,2023-01-03,2024-12-31,,?/?,,0,1,75417A8BFDC77F22425D5D52994117782AA3C4C14A4B76DA20ECF462228955D1,no,2026-09-10 22:40,0
diag_pure_grid_audit,XAUUSD_HIST,500,2,M1,2023-01-03,2024-12-31,,?/?,,0,1,D42BABD77F42F37F3B46C5C65FDC3431D29FD1D6005AA14A17558B42EEC9D9CD,no,2026-09-10 22:40,0
g000_EntryS1p5_StopSi3p0_ExitSi0p0_MaxBar48,BTCUSDm,300,2,M1,2018-02-01,2023-12-31,,?/?,352,0,1,497200B316DC3437DC86AA5BA74D174BDB5B5D1C6FBF588B203044EC59914EF1,no,2026-09-11 13:40,1
g001_EntryS1p5_StopSi3p0_ExitSi0p5_MaxBar48,BTCUSDm,300,2,M1,2018-02-01,2023-12-31,,?/?,336,0,1,D035E578742CBCDEF864DC08F4298B63BBE5C8E64F909A44CBEFD619A21BC707,no,2026-09-11 13:40,1
g002_EntryS1p5_StopSi4p0_ExitSi0p0_MaxBar48,BTCUSDm,300,2,M1,2018-02-01,2023-12-31,,?/?,277,0,1,3D9583BD2B4D11A2F422692A624B97A55F4EB5A1C93233072D5AB001B5659069,no,2026-09-11 13:40,1
g003_EntryS1p5_StopSi4p0_ExitSi0p5_MaxBar48,BTCUSDm,300,2,M1,2018-02-01,2023-12-31,,?/?,284,0,1,38D9F72E6B3E8866674D6AB21123AEB6803558475E991D4C3D4A0167A8D6D9BA,no,2026-09-11 13:40,1
g004_EntryS2p0_StopSi3p0_ExitSi0p0_MaxBar48,BTCUSDm,300,2,M1,2018-02-01,2023-12-31,,?/?,242,0,1,AAA016F5FE37EA58AAEC06AA359E198BCBE29BC7CAFC27E0BF7D7EFC5E3B6310,no,2026-09-11 13:40,1
g005_EntryS2p0_StopSi3p0_ExitSi0p5_MaxBar48,BTCUSDm,300,2,M1,2018-02-01,2023-12-31,,?/?,240,0,1,74784868932CD15D9762B74AF71F22F6B102330E7A5E26ADDF62E3A7EA9ADA9F,no,2026-09-11 13:40,1
g006_EntryS2p0_StopSi4p0_ExitSi0p0_MaxBar48,BTCUSDm,300,2,M1,2018-02-01,2023-12-31,,?/?,195,0,1,65E5374D845EA448D28228B2414C6EA56DAA11A5D51BA892DDE1C2AEB8932854,no,2026-09-11 13:41,1
g007_EntryS2p0_StopSi4p0_ExitSi0p5_MaxBar48,BTCUSDm,300,2,M1,2018-02-01,2023-12-31,,?/?,197,0,1,726521E8C04DD6B8C37145EA9EE0547A1B5C100FBEB06A1A0E2AD5A3AE1BC4B6,no,2026-09-11 13:41,1
g008_EntryS2p5_StopSi3p0_ExitSi0p0_MaxBar48,BTCUSDm,300,2,M1,2018-02-01,2023-12-31,,?/?,149,0,1,FDC187C1AB6D5ED3FF4C4EC40F3D509B3552169B69681D613060E21EBC038F41,no,2026-09-11 13:41,1
g009_EntryS2p5_StopSi3p0_ExitSi0p5_MaxBar48,BTCUSDm,300,2,M1,2018-02-01,2023-12-31,,?/?,145,0,1,37FDD60D965D95AB3DA2B476E08878A9A95C055985600AD05E9C98838E594DF0,no,2026-09-11 13:41,1
g010_EntryS2p5_StopSi4p0_ExitSi0p0_MaxBar48,BTCUSDm,300,2,M1,2018-02-01,2023-12-31,,?/?,114,0,1,0DF35A23E1138758C23F6BE7CDA4C09495D321B930EAE70CD31FC7FC06A1B3FE,no,2026-09-11 13:41,1
g011_EntryS2p5_StopSi4p0_ExitSi0p5_MaxBar48,BTCUSDm,300,2,M1,2018-02-01,2023-12-31,,?/?,116,0,1,CA1C8DA0B303059A0DDE1ECB0FC280FA29A5C9B6092427D063C4CCCE15654FD9,no,2026-09-11 13:41,1
g012_EntryS3p0_StopSi3p0_ExitSi0p0_MaxBar48,BTCUSDm,300,2,M1,2018-02-01,2023-12-31,,?/?,105,0,1,D122BC371017B346A70102B67D8EB90DA71F693D89C169B594919C62C950BAAD,no,2026-09-11 13:42,1
g013_EntryS3p0_StopSi3p0_ExitSi0p5_MaxBar48,BTCUSDm,300,2,M1,2018-02-01,2023-12-31,,?/?,103,0,1,A907A98D1293411B1CC2CC41882667A54850ED2A6B083D57DFDE8281F7A5565D,no,2026-09-11 13:42,1
g014_EntryS3p0_StopSi4p0_ExitSi0p0_MaxBar48,BTCUSDm,300,2,M1,2018-02-01,2023-12-31,,?/?,85,0,1,304A57D266313428B3315F3B35E8A9D110941F0776BB36A9FD31C97DE43684CD,no,2026-09-11 13:42,1
g015_EntryS3p0_StopSi4p0_ExitSi0p5_MaxBar48,BTCUSDm,300,2,M1,2018-02-01,2023-12-31,,?/?,86,0,1,984CC47EA6C7F9CF0642C0B6FEC5B2C4F8F1CBA5D9A2AF64D6E0E9E7DD24C134,no,2026-09-11 13:42,1
g_full_z2000,XAUUSD_HIST,500,2,M1,2023-01-03,2024-12-31,,?/?,,0,1,BB477263BDFE16AFE61D2EA92AE3FC64BC3963C87650DF195E7CD9B4F3523A7B,no,2026-09-10 22:41,0
g_full_z3000,XAUUSD_HIST,500,2,M1,2023-01-03,2024-12-31,,?/?,,0,1,ACD63A0EDD0C8EF87E609BCBF8838DA6F3E086D6A51B517B7F1985DBBABD40F9,no,2026-09-10 22:42,0
g_full_z5000,XAUUSD_HIST,500,2,M1,2023-01-03,2024-12-31,,?/?,,0,1,7497CC7AE1B7AB06005359FF4E21F082022294CB045229F64EB26952031DBA05,no,2026-09-10 22:42,0
g_full_z7000,XAUUSD_HIST,500,2,M1,2023-01-03,2024-12-31,,?/?,,0,1,C699065AE7511526216B6FD2B9BAEB402F4BF0A86F279200819D9CEC61E32500,no,2026-09-10 22:42,0
g_pg_z1000,XAUUSD_HIST,500,2,M1,2023-01-03,2024-12-31,,?/?,,0,1,3874D7CE8D68B36173119E7101569286BB45A4F86DDEAAEA690406B666C9A54E,no,2026-09-10 22:41,0
g_pg_z10000,XAUUSD_HIST,500,2,M1,2023-01-03,2024-12-31,,?/?,,0,1,A8E81C3004FFE3F30BAD99BA33C575BA835B78060877D568C7092BA8C2CAE808,no,2026-09-10 22:41,0
g_pg_z2000,XAUUSD_HIST,500,2,M1,2023-01-03,2024-12-31,,?/?,,0,1,83C1006486129CB57CBDDAA55C3B9D5C00A14A71A23B51BE7C17CBD880CB5F1D,no,2026-09-10 22:41,0
g_pg_z3000,XAUUSD_HIST,500,2,M1,2023-01-03,2024-12-31,,?/?,,0,1,7A7ED6EAC733916215F79D3603A64D41012B298176442DCEC172C6BECB3D9AF1,no,2026-09-10 22:41,0
g_pg_z5000,XAUUSD_HIST,500,2,M1,2023-01-03,2024-12-31,,?/?,,0,1,896A4F220EC3756FA138B57CD359D119FA4563066EAA1EC0C341054A2095AD14,no,2026-09-10 22:41,0
g_pg_z7000,XAUUSD_HIST,500,2,M1,2023-01-03,2024-12-31,,?/?,,0,1,44111A40CA9525DD05EC01181B8CFB74322E0B3859F6B92CC0DE9FD262EDF553,no,2026-09-10 22:41,0
s_bo20,XAUUSD_HIST,500,2,M1,2023-01-03,2024-12-31,,?/?,,0,1,A94CAD3F4E2F5FEA0FF30AB605A8360930E0C181E5CEF35E271DF231D0A27734,no,2026-09-10 22:45,0
s_bo45,XAUUSD_HIST,500,2,M1,2023-01-03,2024-12-31,,?/?,,0,1,9F176C1D516B7416CD4F6A804CAA7E8C7FB546D99A470377B64F4E98C9894223,no,2026-09-10 22:45,0
s_bo60,XAUUSD_HIST,500,2,M1,2023-01-03,2024-12-31,,?/?,,0,1,852948D0569145E9A616E93E5050DF48EEF85D2BB02560B7088714929DD15A73,no,2026-09-10 22:45,0
s_confirm1,XAUUSD_HIST,500,2,M1,2023-01-03,2024-12-31,,?/?,,0,1,E3EDE9C4C81F2FF9242C6A6FAE15019274A4889C5AF36FF5B68C3DD7DEBBD5CE,no,2026-09-10 22:46,0
s_confirm5,XAUUSD_HIST,500,2,M1,2023-01-03,2024-12-31,,?/?,,0,1,27E82AE926D5D2642C5AB449E70F313C02D4A396153566B9CEB276D0EE1A88C8,no,2026-09-10 22:46,0
s_fast10,XAUUSD_HIST,500,2,M1,2023-01-03,2024-12-31,,?/?,,0,1,A2FA1D5FEFEC940F522A12BFB468F6D9B936AFD53ECF3A8DE269E0AE92C180D4,no,2026-09-10 22:46,0
s_fast30,XAUUSD_HIST,500,2,M1,2023-01-03,2024-12-31,,?/?,,0,1,2B8708C62FCEB36B444AEC531B3F562D6C45404DDCF90D429E284A55C86A0C45,no,2026-09-10 22:46,0
s_gateoff,XAUUSD_HIST,500,2,M1,2023-01-03,2024-12-31,,?/?,,0,1,261BD492F8987F70411A1445FBCD60FBF4568976B58A58F932A4899EB62F8C1D,no,2026-09-10 22:47,0
s_gridon,XAUUSD_HIST,500,2,M1,2023-01-03,2024-12-31,,?/?,,0,1,BFD28A8901F69A2BC21E357BD9CD8AF55B6FE704748C532F256427A9F975EA71,no,2026-09-10 22:47,0
s_rv15,XAUUSD_HIST,500,2,M1,2023-01-03,2024-12-31,,?/?,,0,1,5B0BCF958FD470379DC5596824C01D5EBBEB6CE20226E3F2E9C92CE64D86E189,no,2026-09-10 22:45,0
s_rv25,XAUUSD_HIST,500,2,M1,2023-01-03,2024-12-31,,?/?,,0,1,202B16FC8AEF78FB49040828FBFAB6A2D80735BC2BE7A9E080DF25BADA5DBEE7,no,2026-09-10 22:46,0
s_sl25,XAUUSD_HIST,500,2,M1,2023-01-03,2024-12-31,,?/?,,0,1,F2BC01B08040B055A663883E8CD7EE028AD82A11E8E3E0DF63F7FBF777FCDF1F,no,2026-09-10 22:46,0
s_sl50,XAUUSD_HIST,500,2,M1,2023-01-03,2024-12-31,,?/?,,0,1,1E35F84C3740F90352A9B73EF78E0684F75A1B011E39FE8AABCB7FCE83A22B25,no,2026-09-10 22:46,0
s_slow100,XAUUSD_HIST,500,2,M1,2023-01-03,2024-12-31,,?/?,,0,1,3CFD8C245BEA0CCF381A4B6E174D8E55F977DB5EE752CBD9E2F26FDDF60F650C,no,2026-09-10 22:46,0
s_slow40,XAUUSD_HIST,500,2,M1,2023-01-03,2024-12-31,,?/?,,0,1,BF4B4F732172F462D83F9AC0494FB52E2B2163E305EAC2605C99AF10FE246B34,no,2026-09-10 22:46,0
s_trail20,XAUUSD_HIST,500,2,M1,2023-01-03,2024-12-31,,?/?,,0,1,10C43B9CA64BF6FC3E3DEFC8D9EAF56294C384B2A54A979DCC9AD07626DB2343,no,2026-09-10 22:46,0
s_trail45,XAUUSD_HIST,500,2,M1,2023-01-03,2024-12-31,,?/?,,0,1,76E476AD90EBDDBA832A32EB0C343A7C4545C3F0F4DF1A4B46A22895335AB691,no,2026-09-10 22:47,0
smoke,XAUUSD_HIST,500,2,M1,2023-01-03,2023-02-03,,?/?,4,0,1,29B0F6E6A65C1EEEF1B12A2314777D122F70BA67884DF498D56ABC622C7563F6,no,2026-09-10 22:37,0
t_nocut,XAUUSD_HIST,500,2,M1,2023-01-03,2024-12-31,,?/?,,0,1,8FA8FF618F285C7382CDD5C40273E310909AF7DCE5D4688BF3B70932EFF8B726,no,2026-09-10 22:43,0
t_notrendexit,XAUUSD_HIST,500,2,M1,2023-01-03,2024-12-31,,?/?,,0,1,71D5A7CBF275CA3DDAB9ADD045B1B218C7D198C585CDAFE8674274194FE32A2F,no,2026-09-10 22:43,0
t_tp,XAUUSD_HIST,500,2,M1,2023-01-03,2024-12-31,,?/?,,0,1,0DFFCE0879D2E0C5B59EF81B20DD33746405F00EF75FFE816A637833C6B6E1CA,no,2026-09-10 22:43,0
t_tp15,XAUUSD_HIST,500,2,M1,2023-01-03,2024-12-31,,?/?,,0,1,A03963E355BEB2842FB764DB3030F5C84190335D648ED5EA4800C04F126E48F0,no,2026-09-10 22:43,0
v_baseline,XAUUSD_HIST,500,2,M1,2025-01-02,2026-06-30,,?/?,,0,1,AA69A08F410219D0C6C7A675C658A2F53E236A172123C02B6971AC3A17E12801,YES,2026-09-10 22:42,0
v_locked,XAUUSD_HIST,500,2,M1,2025-01-02,2026-06-30,,?/?,,0,1,33133D3660477ECA40EE51BAE37F62C90BE8BBD11B1FAC4DD333C96C8904F37E,YES,2026-09-10 22:43,0
v_locked_k25,XAUUSD_HIST,500,2,M1,2025-01-02,2026-06-30,,?/?,,0,1,1CE943EE5035C4FCBF7EE8B736A4843067361D01FE4B6615BFC3762802ABFBB6,YES,2026-09-10 22:44,0
v_locked_off,XAUUSD_HIST,500,2,M1,2025-01-02,2026-06-30,,?/?,,0,1,4982DB1D99B394B539EF13616C7FD68873DF43047D26A6FD64BA5B9129537605,YES,2026-09-10 22:44,0
黄金_gold-001,XAUUSDm,300,2,M1,2014-01-14,2024-05-31,,?/?,,0,0,69D0D4DA836062347CECB412F73679DDF6D15A1DA72AA5E9DFD144B8FDC2069C,no,2026-09-11 20:06,0
黄金_gold-002,XAUUSDm,300,2,M1,2014-01-14,2024-05-31,,?/?,,0,0,111265A9C0C3772319967289108FC5DDE335508966DC5E94AFF47BEB1600D6EE,no,2026-09-11 20:06,0
黄金_gold-003,XAUUSDm,300,2,M1,2014-01-14,2024-05-31,,?/?,,0,0,27FD12B4AD3A21422E03297BC69317AFDA05E22059F33056F9BBBD37B655A097,no,2026-09-11 20:06,0
黄金_gold-004,XAUUSDm,300,2,M1,2014-01-14,2024-05-31,,?/?,,0,0,DB8AB5D2D290BB93C6967EB63C67992B38893FFB77E903AB6B606D6F80217CEE,no,2026-09-11 20:07,0
黄金_gold-005,XAUUSDm,300,2,M1,2014-01-14,2024-05-31,,?/?,,0,0,A864B2401C7290959BC9A046C62360153E5EC8B18B14A306C31796EAD958ECAF,no,2026-09-11 20:07,0
黄金_gold-006,XAUUSDm,300,2,M1,2014-01-14,2024-05-31,,?/?,,0,0,68F2451CB7EDD7C207AE9DC8267E8321482A7EA9F58E3115F8AE2A3449F8CF76,no,2026-09-11 20:07,0
黄金_gold-007,XAUUSDm,300,2,M1,2014-01-14,2024-05-31,,?/?,,0,0,C0748750DAD1EA611112D1FFED98D0B7D57A9E2A5660A079221B807DA448141D,no,2026-09-11 20:07,0
黄金_gold-008,XAUUSDm,300,2,M1,2014-01-14,2024-05-31,,?/?,,0,0,9210648015FDA311D797DAE34CEFCD6085B91AF3EF2A5DD112A6C180C7AEE58F,no,2026-09-11 20:07,0
黄金_gold-009,XAUUSDm,300,2,M1,2014-01-14,2024-05-31,,?/?,,0,0,DDCF30D6E6BBBC619D527A65DB9DD34FA7E07A6E018A5E86360261AA2CCEC46C,no,2026-09-11 20:07,0
黄金_gold-010,XAUUSDm,300,2,M1,2014-01-14,2024-05-31,,?/?,,0,0,4B40458EC1D8D02BCD13D032E77F5CFDBC232B1DB71E127BA86E55783BBDA607,no,2026-09-11 20:08,0
黄金_gold-011,XAUUSDm,300,2,M1,2014-01-14,2024-05-31,,?/?,,0,0,6818BC4C2A41AA185DE04EA95BE91C3E96A0EC91BA851D418FFF2DD52DC1ADF9,no,2026-09-11 20:08,0
黄金_gold-012,XAUUSDm,300,2,M1,2014-01-14,2024-05-31,,?/?,,0,0,FEE8CE1271F2DD8AEB9514329B23FE818991416C333E4FB2531D998117679287,no,2026-09-11 20:08,0
黄金_gold-013,XAUUSDm,300,2,M1,2014-01-14,2024-05-31,,?/?,,0,0,D6549E06796E95D2F5D268D8AE26E5A8E48D622C9EFA44FE729E6C1596B902B3,no,2026-09-11 20:08,0
黄金_gold-014,XAUUSDm,300,2,M1,2014-01-14,2024-05-31,,?/?,,0,0,B156D2273A77A90E9F7FBFEC7E52A30B9F5B5F34832B05281F0B681BA7F3745B,no,2026-09-11 20:08,0
黄金_gold-015,XAUUSDm,300,2,M1,2014-01-14,2024-05-31,,?/?,,0,0,81422A14AFAF81E3F4631E57C96BBBED61E4A684A22ADA07BEA6E943384CD161,no,2026-09-11 20:09,0
黄金_gold-016,XAUUSDm,300,2,M1,2014-01-14,2024-05-31,,?/?,,0,0,829F599A4D1F8BD8A58E917CC0A41B4FF69F618D95A17E6F905B71B3B436DB85,no,2026-09-11 20:09,1
黄金_gold-017,XAUUSDm,300,2,M1,2014-01-14,2024-05-31,,?/?,,0,0,B0312BC8B70A7E27EDB98457AC2602EF88F83B01BD2EEB14A1B80908D4CB34BC,no,2026-09-11 20:09,1
黄金_gold-018,XAUUSDm,300,2,M1,2014-01-14,2024-05-31,,?/?,,0,0,45305C8BF7FB5BCB361EB4DF915D3BCB72907BB3D37A3D782197777908A30913,no,2026-09-11 20:09,1
黄金_gold-019,XAUUSDm,300,2,M1,2014-01-14,2024-05-31,,?/?,,0,0,FAF9D627907C16472C429161374FE4D16299E1EBB05A12B97952667188A79A4F,no,2026-09-11 20:10,1
黄金_gold-020,XAUUSDm,300,2,M1,2014-01-14,2024-05-31,,?/?,,0,0,9D6A44E52D241CC2369F1CF86798E791260B808FFA4F9DC16349470E4B3BBB04,no,2026-09-11 20:10,0
黄金_gold-021,XAUUSDm,300,2,M1,2014-01-14,2024-05-31,,?/?,,0,0,2C91B1F5B1BD45C13326F042A79023C05F6232404B6A9A6EF90AA6F0119A919D,no,2026-09-11 20:10,0
黄金_gold-022,XAUUSDm,1000,2,M1,2014-01-14,2024-05-31,,?/?,,0,0,121B501DF980985EE6A2E8F53C07F75A93B24D4E5ECE1B37CB0ACBF12CD6EB7A,no,2026-09-11 20:10,0
