window,deal_ticket,position_id,entry_time,exit_time,exit_reason,full_held_bars,first_counted_bar_open,last_counted_bar_open,counted_bar_timestamps
WINTER,3,2,2023.01.03 01:00:00,2023.01.03 01:13:40,sl,0,,,
WINTER,5,4,2023.01.06 00:30:00,2023.01.06 00:53:40,sl,0,,,
WINTER,7,6,2023.01.11 03:00:00,2023.01.11 03:51:40,tp,1,2023.01.11 03:00:00,2023.01.11 03:00:00,2023.01.11 03:00:00
WINTER,9,8,2023.01.12 00:00:00,2023.01.12 00:10:20,sl,0,,,
WINTER,11,10,2023.01.13 01:00:00,2023.01.13 01:23:40,sl,0,,,
WINTER,13,12,2023.01.16 03:30:00,2023.01.16 04:49:20,tp,2,2023.01.16 03:30:00,2023.01.16 04:00:00,2023.01.16 03:30:00|2023.01.16 04:00:00
WINTER,15,14,2023.01.17 07:30:00,2023.01.17 07:50:40,tp,0,,,
WINTER,17,16,2023.01.20 06:30:00,2023.01.20 07:17:40,tp,1,2023.01.20 06:30:00,2023.01.20 06:30:00,2023.01.20 06:30:00
WINTER,19,18,2023.01.23 15:30:00,2023.01.23 21:30:00,time_exit,12,2023.01.23 15:30:00,2023.01.23 21:00:00,2023.01.23 15:30:00|2023.01.23 16:00:00|2023.01.23 16:30:00|2023.01.23 17:00:00|2023.01.23 17:30:00|2023.01.23 18:00:00|2023.01.23 18:30:00|2023.01.23 19:00:00|2023.01.23 19:30:00|2023.01.23 20:00:00|2023.01.23 20:30:00|2023.01.23 21:00:00
WINTER,21,20,2023.01.25 10:00:00,2023.01.25 10:32:40,tp,1,2023.01.25 10:00:00,2023.01.25 10:00:00,2023.01.25 10:00:00
WINTER,23,22,2023.01.26 04:30:00,2023.01.26 04:47:40,tp,0,,,
WINTER,25,24,2023.01.30 05:30:00,2023.01.30 07:12:40,sl,3,2023.01.30 05:30:00,2023.01.30 06:30:00,2023.01.30 05:30:00|2023.01.30 06:00:00|2023.01.30 06:30:00
DSTTR,3,2,2023.03.20 07:00:00,2023.03.20 07:28:40,sl,0,,,
DSTTR,5,4,2023.03.21 09:30:00,2023.03.21 10:42:20,sl,2,2023.03.21 09:30:00,2023.03.21 10:00:00,2023.03.21 09:30:00|2023.03.21 10:00:00
DSTTR,7,6,2023.03.22 08:00:00,2023.03.22 08:13:40,tp,0,,,
DSTTR,9,8,2023.03.23 01:30:00,2023.03.23 02:52:20,sl,2,2023.03.23 01:30:00,2023.03.23 02:00:00,2023.03.23 01:30:00|2023.03.23 02:00:00
DSTTR,11,10,2023.03.24 01:30:00,2023.03.24 01:56:40,tp,0,,,
DSTTR,13,12,2023.03.27 07:00:00,2023.03.27 07:39:20,tp,1,2023.03.27 07:00:00,2023.03.27 07:00:00,2023.03.27 07:00:00
DSTTR,15,14,2023.03.29 05:30:00,2023.03.29 05:57:40,sl,0,,,
DSTTR,17,16,2023.03.31 01:00:00,2023.03.31 01:22:40,tp,0,,,
DSTTR,19,18,2023.04.03 05:00:00,2023.04.03 06:10:40,sl,2,2023.04.03 05:00:00,2023.04.03 05:30:00,2023.04.03 05:00:00|2023.04.03 05:30:00
DSTTR,21,20,2023.04.04 20:30:00,2023.04.04 23:24:40,sl,5,2023.04.04 20:30:00,2023.04.04 22:30:00,2023.04.04 20:30:00|2023.04.04 21:00:00|2023.04.04 21:30:00|2023.04.04 22:00:00|2023.04.04 22:30:00
SUMMER,3,2,2023.07.03 08:30:00,2023.07.03 08:59:40,tp,0,,,
SUMMER,5,4,2023.07.05 11:00:00,2023.07.05 11:16:40,tp,0,,,
SUMMER,7,6,2023.07.06 03:00:00,2023.07.06 04:05:40,sl,2,2023.07.06 03:00:00,2023.07.06 03:30:00,2023.07.06 03:00:00|2023.07.06 03:30:00
SUMMER,9,8,2023.07.07 07:00:00,2023.07.07 07:26:40,sl,0,,,
SUMMER,11,10,2023.07.10 19:30:00,2023.07.11 00:11:40,tp,9,2023.07.10 19:30:00,2023.07.10 23:30:00,2023.07.10 19:30:00|2023.07.10 20:00:00|2023.07.10 20:30:00|2023.07.10 21:00:00|2023.07.10 21:30:00|2023.07.10 22:00:00|2023.07.10 22:30:00|2023.07.10 23:00:00|2023.07.10 23:30:00
SUMMER,13,12,2023.07.11 02:00:00,2023.07.11 02:33:40,sl,1,2023.07.11 02:00:00,2023.07.11 02:00:00,2023.07.11 02:00:00
SUMMER,15,14,2023.07.12 03:00:00,2023.07.12 05:48:40,sl,5,2023.07.12 03:00:00,2023.07.12 05:00:00,2023.07.12 03:00:00|2023.07.12 03:30:00|2023.07.12 04:00:00|2023.07.12 04:30:00|2023.07.12 05:00:00
SUMMER,17,16,2023.07.13 00:30:00,2023.07.13 00:43:40,tp,0,,,
SUMMER,19,18,2023.07.14 00:00:00,2023.07.14 00:03:40,sl,0,,,
SUMMER,21,20,2023.07.19 03:00:00,2023.07.19 04:20:40,sl,2,2023.07.19 03:00:00,2023.07.19 03:30:00,2023.07.19 03:00:00|2023.07.19 03:30:00
SUMMER,23,22,2023.07.20 13:30:00,2023.07.20 14:09:40,sl,1,2023.07.20 13:30:00,2023.07.20 13:30:00,2023.07.20 13:30:00
SUMMER,25,24,2023.07.21 17:00:00,2023.07.23 23:00:00,time_exit,12,2023.07.21 17:00:00,2023.07.23 22:30:00,2023.07.21 17:00:00|2023.07.21 17:30:00|2023.07.21 18:00:00|2023.07.21 18:30:00|2023.07.21 19:00:00|2023.07.21 19:30:00|2023.07.21 20:00:00|2023.07.21 20:30:00|2023.07.23 21:00:00|2023.07.23 21:30:00|2023.07.23 22:00:00|2023.07.23 22:30:00
SUMMER,27,26,2023.07.25 16:30:00,2023.07.25 17:17:40,tp,1,2023.07.25 16:30:00,2023.07.25 16:30:00,2023.07.25 16:30:00
SUMMER,29,28,2023.07.26 07:00:00,2023.07.26 08:05:40,sl,2,2023.07.26 07:00:00,2023.07.26 07:30:00,2023.07.26 07:00:00|2023.07.26 07:30:00
SUMMER,31,30,2023.07.27 03:00:00,2023.07.27 04:02:40,tp,2,2023.07.27 03:00:00,2023.07.27 03:30:00,2023.07.27 03:00:00|2023.07.27 03:30:00
