run_tag,symbol,time,dir,entry,exit,vol,pnl,risk_money,atr_at_entry,exit_reason
BS75va2,BTCUSDm,2024.06.03 14:47:40,1,0.00,68917.70,0.01,-1.17,5.57,371.33,sl
BS75va2,BTCUSDm,2024.06.07 14:48:00,1,69020.30,71380.98,0.01,23.61,6.98,465.57,time_exit
BS75va2,BTCUSDm,2024.06.07 14:48:00,1,0.00,71380.98,0.01,22.97,6.98,465.57,time_exit
BS75va2,BTCUSDm,2024.06.10 19:06:40,1,0.00,69650.77,0.02,-8.27,8.28,275.86,sl
BS75va2,BTCUSDm,2024.06.14 20:29:40,-1,0.00,65891.95,0.01,-6.63,6.63,442.06,sl
BS75va2,BTCUSDm,2024.06.17 17:02:40,-1,0.00,66128.10,0.01,-4.83,4.83,322.19,sl
BS75va2,BTCUSDm,2024.06.24 21:23:40,-1,0.00,59804.01,0.01,46.63,5.03,335.46,sl
BS75va2,BTCUSDm,2024.06.29 00:29:40,-1,0.00,60631.54,0.01,-6.20,6.20,413.27,sl
BS75va2,BTCUSDm,2024.07.04 15:53:40,-1,0.00,58115.08,0.01,34.52,5.88,391.86,sl
BS75va2,BTCUSDm,2024.07.05 15:05:40,-1,0.00,56378.52,0.01,-5.97,10.81,720.68,sl
BS75va2,BTCUSDm,2024.07.08 08:03:40,-1,0.00,56004.65,0.01,-1.19,7.09,472.47,sl
BS75va2,BTCUSDm,2024.07.12 13:19:00,-1,0.00,57846.27,0.01,-8.82,8.82,588.18,sl
BS75va2,BTCUSDm,2024.07.16 05:28:40,1,0.00,63937.21,0.01,-8.50,8.50,566.78,sl
BS75va2,BTCUSDm,2024.07.17 13:32:40,1,0.00,64555.99,0.01,-10.17,10.17,677.90,sl
BS75va2,BTCUSDm,2024.07.21 18:11:40,1,0.00,65893.98,0.01,1.10,7.79,519.63,sl
BS75va2,BTCUSDm,2024.07.26 14:26:20,1,0.00,67264.95,0.01,-6.47,6.47,431.13,sl
BS75va2,BTCUSDm,2024.07.27 17:27:20,1,0.00,68450.65,0.01,-0.14,3.88,258.62,sl
BS75va2,BTCUSDm,2024.07.29 14:03:40,1,0.00,68938.82,0.01,-6.44,6.45,429.72,sl
BS75va2,BTCUSDm,2024.08.03 21:46:40,-1,0.00,60764.92,0.01,-6.10,6.09,406.33,sl
BS75va2,BTCUSDm,2024.08.04 18:51:40,-1,0.00,58827.34,0.01,6.97,6.63,441.88,sl
BS75va2,BTCUSDm,2024.08.05 01:21:40,-1,0.00,54965.74,0.01,37.48,8.68,578.53,sl
BS75va2,BTCUSDm,2024.08.12 11:02:40,-1,0.00,59315.42,0.01,3.31,6.71,447.06,sl
BS75va2,BTCUSDm,2024.08.15 12:37:40,-1,0.00,59276.35,0.01,-10.49,10.49,699.47,sl
BS75va2,BTCUSDm,2024.08.16 02:31:40,-1,0.00,58027.43,0.01,-9.89,9.89,659.55,sl
BS75va2,BTCUSDm,2024.08.19 13:33:40,-1,0.00,59015.27,0.01,-5.54,5.55,369.79,sl
BS75va2,BTCUSDm,2024.09.04 15:02:20,-1,0.00,57699.43,0.01,-8.66,8.66,577.52,sl
BS75va2,BTCUSDm,2024.09.07 15:07:40,-1,0.00,54834.55,0.01,-0.91,9.33,622.14,sl
BS75va2,BTCUSDm,2024.09.23 13:00:00,1,62986.65,63298.48,0.01,3.12,7.64,509.62,time_exit
BS75va2,BTCUSDm,2024.09.23 13:00:00,1,0.00,63298.48,0.01,2.47,7.64,509.62,time_exit
BS75va2,BTCUSDm,2024.09.27 18:26:40,1,0.00,65684.62,0.01,-6.18,6.19,412.37,sl
BS75va2,BTCUSDm,2024.10.06 15:27:40,1,0.00,62447.21,0.03,-8.33,8.33,185.22,sl
BS75va2,BTCUSDm,2024.10.07 09:22:40,1,0.00,63184.66,0.01,-5.20,5.20,346.90,sl
BS75va2,BTCUSDm,2024.10.10 22:37:40,-1,0.00,60193.19,0.01,-6.33,6.33,421.90,sl
BS75va2,BTCUSDm,2024.10.15 14:37:40,1,0.00,66259.21,0.01,19.24,6.87,457.87,sl
BS75va2,BTCUSDm,2024.10.15 14:45:40,1,0.00,65382.05,0.01,-7.03,7.03,468.48,sl
BS75va2,BTCUSDm,2024.10.21 13:17:40,1,0.00,67879.85,0.01,-6.08,6.64,442.62,sl
BS75va2,BTCUSDm,2024.10.24 16:15:20,1,0.00,67296.26,0.01,-5.80,5.80,386.60,sl
BS75va2,BTCUSDm,2024.10.25 04:21:40,1,0.00,67711.99,0.01,-6.12,5.96,397.21,sl
BS75va2,BTCUSDm,2024.10.29 19:59:40,1,0.00,72454.36,0.01,40.39,4.69,312.50,sl
BS75va2,BTCUSDm,2024.11.05 15:30:40,1,0.00,69342.45,0.01,-6.47,6.46,430.96,sl
BS75va2,BTCUSDm,2024.11.07 22:07:40,1,0.00,75841.44,0.01,-8.16,8.15,543.51,sl
BS75va2,BTCUSDm,2024.11.10 20:55:20,1,0.00,79005.36,0.01,-1.85,8.41,560.46,sl
BS75va2,BTCUSDm,2024.11.20 16:30:40,1,0.00,93566.42,0.01,-8.86,8.85,590.32,sl
BS75va2,BTCUSDm,2024.11.21 15:34:40,1,0.00,96051.22,0.01,25.64,9.64,642.98,sl
BS75va2,BTCUSDm,2024.11.29 17:20:40,1,0.00,97219.42,0.01,-9.45,9.45,629.99,sl
BS75va2,BTCUSDm,2024.12.02 00:08:40,1,0.00,97222.56,0.01,-6.88,6.88,458.74,sl
BS75va2,BTCUSDm,2024.12.02 03:32:40,1,0.00,97378.31,0.01,-7.46,7.46,497.20,sl
BS75va2,BTCUSDm,2024.12.09 00:25:40,1,0.00,100314.17,0.01,-9.26,9.25,616.99,sl
BS75va2,BTCUSDm,2024.12.16 02:23:40,1,0.00,104731.40,0.01,18.27,7.47,497.76,sl
BS75va2,BTCUSDm,2024.12.17 15:11:40,1,0.00,107258.68,0.01,-9.50,9.50,633.48,sl
BS75va2,BTCUSDm,2024.12.30 17:43:40,-1,0.00,93325.57,0.01,-8.20,8.56,570.77,sl
BS75va2,BTCUSDm,2025.01.06 10:46:20,1,0.00,98679.83,0.01,-7.80,7.80,520.13,sl
BS75va2,BTCUSDm,2025.02.09 22:40:40,-1,0.00,95999.20,0.01,-8.23,8.23,549.00,sl
BS75va2,BTCUSDm,2025.02.17 00:18:00,-1,96118.31,96351.86,0.01,-2.34,5.62,374.64,dd_kill
BS75va2,BTCUSDm,2025.02.17 00:18:00,-1,0.00,96351.86,0.01,-2.34,5.62,374.64,dd_kill
BS75va2,BTCUSDm,2025.02.25 11:45:40,-1,0.00,88965.30,0.01,57.37,8.54,569.14,sl
BS75va2,BTCUSDm,2025.03.10 00:08:40,-1,0.00,81423.76,0.01,34.49,5.80,386.72,sl
BS75va2,BTCUSDm,2025.03.16 13:04:40,-1,0.00,83025.78,0.01,-5.59,5.58,372.24,sl
BS75va2,BTCUSDm,2025.03.18 15:40:20,-1,0.00,82242.15,0.01,-8.72,8.72,581.24,sl
BS75va2,BTCUSDm,2025.03.21 14:22:40,-1,0.00,84157.01,0.01,-7.05,7.05,470.00,sl
BS75va2,BTCUSDm,2025.03.26 20:08:40,-1,0.00,87034.22,0.01,-8.01,8.01,534.07,sl
BS75va2,BTCUSDm,2025.03.30 02:38:20,-1,0.00,83341.45,0.01,23.60,7.05,469.71,sl
BS75va2,BTCUSDm,2025.04.03 21:58:40,-1,0.00,82779.91,0.01,-9.15,9.15,610.06,sl
BS75va2,BTCUSDm,2025.04.06 23:46:40,-1,0.00,78480.34,0.01,34.39,5.78,385.05,sl
BS75va2,BTCUSDm,2025.04.15 11:19:40,1,0.00,85355.92,0.01,-6.70,6.70,446.41,sl
BS75va2,BTCUSDm,2025.04.21 17:02:40,1,0.00,86777.80,0.01,1.63,7.06,470.78,sl
BS75va2,BTCUSDm,2025.04.23 15:03:20,1,0.00,92512.17,0.01,34.79,8.26,550.46,sl
BS75va2,BTCUSDm,2025.04.25 17:48:00,1,0.00,94495.54,0.01,-10.14,10.15,676.57,sl
BS75va2,BTCUSDm,2025.05.03 03:19:20,1,0.00,96351.67,0.01,7.51,6.31,420.91,sl
BS75va2,BTCUSDm,2025.05.10 23:00:00,1,96281.08,103547.36,0.01,72.66,9.13,608.47,time_exit
BS75va2,BTCUSDm,2025.05.10 23:00:00,1,0.00,103547.36,0.01,71.70,9.13,608.47,time_exit
BS75va2,BTCUSDm,2025.05.11 00:27:40,1,0.00,104113.09,0.01,-6.72,6.72,448.11,sl
BS75va2,BTCUSDm,2025.05.18 18:00:40,1,0.00,104753.34,0.02,0.05,9.65,321.75,sl
BS75va2,BTCUSDm,2025.05.19 00:46:20,1,0.00,105188.67,0.01,-12.85,12.85,856.58,sl
BS75va2,BTCUSDm,2025.05.21 08:20:40,1,0.00,106399.30,0.01,-13.71,13.71,913.69,sl
BS75va2,BTCUSDm,2025.05.21 17:25:40,1,0.00,107855.81,0.01,-11.83,11.83,788.67,sl
BS75va2,BTCUSDm,2025.05.27 01:15:40,1,0.00,108478.04,0.01,-10.22,10.06,670.65,sl
