run_tag,symbol,utc_day,server_time,utc_time,server_utc_offset,reason,range_hi,range_lo,range_count,expected_range_count,atr,range_atr_mult,raw_lot,final_lot,risk_budget,actual_risk,ocp_err
DS260914_JSB30_V3_TRAIN,USDJPYm,2020.03.13,2020.03.13 08:30:00,2020.03.13 08:30:00,0,risk_reject,106.005,104.655,12,12,0.294,4.5907,0.0000,0.00,2.98,0.00,0
DS260914_JSB30_V3_TRAIN,USDJPYm,2020.03.13,2020.03.13 10:00:00,2020.03.13 10:00:00,0,risk_reject,106.005,104.655,12,12,0.312,4.3220,0.0000,0.00,2.98,0.00,0
DS260914_JSB30_V3_TRAIN,USDJPYm,2020.03.13,2020.03.13 10:30:00,2020.03.13 10:30:00,0,risk_reject,106.005,104.655,12,12,0.326,4.1357,0.0000,0.00,2.98,0.00,0
DS260914_JSB30_V3_TRAIN,USDJPYm,2020.03.13,2020.03.13 11:00:00,2020.03.13 11:00:00,0,risk_reject,106.005,104.655,12,12,0.325,4.1529,0.0000,0.00,2.98,0.00,0
DS260914_JSB30_V3_TRAIN,USDJPYm,2020.03.13,2020.03.13 11:30:00,2020.03.13 11:30:00,0,risk_reject,106.005,104.655,12,12,0.302,4.4713,0.0000,0.00,2.98,0.00,0
DS260914_JSB30_V3_TRAIN,USDJPYm,2020.03.16,2020.03.16 08:30:00,2020.03.16 08:30:00,0,risk_reject,107.564,106.303,12,12,0.360,3.5042,0.0000,0.00,2.98,0.00,0
DS260914_JSB30_V3_TRAIN,USDJPYm,2020.03.16,2020.03.16 09:00:00,2020.03.16 09:00:00,0,risk_reject,107.564,106.303,12,12,0.364,3.4684,0.0000,0.00,2.98,0.00,0
DS260914_JSB30_V3_TRAIN,USDJPYm,2020.03.16,2020.03.16 09:30:00,2020.03.16 09:30:00,0,risk_reject,107.564,106.303,12,12,0.360,3.5000,0.0000,0.00,2.98,0.00,0
DS260914_JSB30_V3_TRAIN,USDJPYm,2020.03.16,2020.03.16 10:00:00,2020.03.16 10:00:00,0,risk_reject,107.564,106.303,12,12,0.350,3.5985,0.0000,0.00,2.98,0.00,0
DS260914_JSB30_V3_TRAIN,USDJPYm,2020.03.16,2020.03.16 10:30:00,2020.03.16 10:30:00,0,risk_reject,107.564,106.303,12,12,0.354,3.5643,0.0000,0.00,2.98,0.00,0
DS260914_JSB30_V3_TRAIN,USDJPYm,2020.03.16,2020.03.16 11:00:00,2020.03.16 11:00:00,0,risk_reject,107.564,106.303,12,12,0.335,3.7642,0.0000,0.00,2.98,0.00,0
DS260914_JSB30_V3_TRAIN,USDJPYm,2020.03.16,2020.03.16 11:30:00,2020.03.16 11:30:00,0,risk_reject,107.564,106.303,12,12,0.325,3.8843,0.0000,0.00,2.98,0.00,0
DS260914_JSB30_V3_TRAIN,USDJPYm,2020.03.19,2020.03.19 11:30:00,2020.03.19 11:30:00,0,risk_reject,109.551,108.195,12,12,0.306,4.4293,0.0000,0.00,2.98,0.00,0
DS260914_JSB30_V3_TRAIN,USDJPYm,2022.03.28,2022.03.28 07:00:00,2022.03.28 07:00:00,0,risk_reject,123.254,122.138,12,12,0.212,5.2553,0.0000,0.00,1.44,0.00,0
DS260914_JSB30_V3_TRAIN,USDJPYm,2022.03.28,2022.03.28 07:30:00,2022.03.28 07:30:00,0,risk_reject,123.254,122.138,12,12,0.241,4.6390,0.0000,0.00,1.44,0.00,0
DS260914_JSB30_V3_TRAIN,USDJPYm,2022.03.28,2022.03.28 08:00:00,2022.03.28 08:00:00,0,risk_reject,123.254,122.138,12,12,0.210,5.3233,0.0000,0.00,1.44,0.00,0
DS260914_JSB30_V3_TRAIN,USDJPYm,2022.03.28,2022.03.28 08:30:00,2022.03.28 08:30:00,0,risk_reject,123.254,122.138,12,12,0.211,5.2855,0.0000,0.00,1.44,0.00,0
DS260914_JSB30_V3_TRAIN,USDJPYm,2022.03.28,2022.03.28 09:00:00,2022.03.28 09:00:00,0,risk_reject,123.254,122.138,12,12,0.270,4.1322,0.0000,0.00,1.44,0.00,0
DS260914_JSB30_V3_TRAIN,USDJPYm,2022.03.28,2022.03.28 09:30:00,2022.03.28 09:30:00,0,risk_reject,123.254,122.138,12,12,0.282,3.9584,0.0000,0.00,1.44,0.00,0
DS260914_JSB30_V3_TRAIN,USDJPYm,2022.03.28,2022.03.28 10:00:00,2022.03.28 10:00:00,0,risk_reject,123.254,122.138,12,12,0.312,3.5802,0.0000,0.00,1.44,0.00,0
DS260914_JSB30_V3_TRAIN,USDJPYm,2022.03.28,2022.03.28 10:30:00,2022.03.28 10:30:00,0,risk_reject,123.254,122.138,12,12,0.315,3.5380,0.0000,0.00,1.44,0.00,0
DS260914_JSB30_V3_TRAIN,USDJPYm,2022.03.28,2022.03.28 11:00:00,2022.03.28 11:00:00,0,risk_reject,123.254,122.138,12,12,0.355,3.1456,0.0000,0.00,1.44,0.00,0
DS260914_JSB30_V3_TRAIN,USDJPYm,2022.03.28,2022.03.28 11:30:00,2022.03.28 11:30:00,0,risk_reject,123.254,122.138,12,12,0.373,2.9954,0.0000,0.00,1.44,0.00,0
DS260914_JSB30_V3_TRAIN,USDJPYm,2022.03.31,2022.03.31 07:00:00,2022.03.31 07:00:00,0,risk_reject,122.452,121.900,12,12,0.201,2.7404,0.0000,0.00,1.44,0.00,0
DS260914_JSB30_V3_TRAIN,USDJPYm,2022.03.31,2022.03.31 07:30:00,2022.03.31 07:30:00,0,risk_reject,122.452,121.900,12,12,0.181,3.0497,0.0000,0.00,1.44,0.00,0
DS260914_JSB30_V3_TRAIN,USDJPYm,2022.03.31,2022.03.31 08:00:00,2022.03.31 08:00:00,0,risk_reject,122.452,121.900,12,12,0.181,3.0485,0.0000,0.00,1.44,0.00,0
DS260914_JSB30_V3_TRAIN,USDJPYm,2022.03.31,2022.03.31 08:30:00,2022.03.31 08:30:00,0,risk_reject,122.452,121.900,12,12,0.195,2.8287,0.0000,0.00,1.44,0.00,0
DS260914_JSB30_V3_TRAIN,USDJPYm,2022.03.31,2022.03.31 11:00:00,2022.03.31 11:00:00,0,risk_reject,122.452,121.900,12,12,0.229,2.4060,0.0000,0.00,1.44,0.00,0
DS260914_JSB30_V3_TRAIN,USDJPYm,2022.03.31,2022.03.31 11:30:00,2022.03.31 11:30:00,0,risk_reject,122.452,121.900,12,12,0.232,2.3815,0.0000,0.00,1.44,0.00,0
DS260914_JSB30_V3_TRAIN,USDJPYm,2022.04.11,2022.04.11 07:00:00,2022.04.11 07:00:00,0,risk_reject,125.052,124.280,12,12,0.159,4.8510,0.0000,0.00,1.40,0.00,0
DS260914_JSB30_V3_TRAIN,USDJPYm,2022.04.19,2022.04.19 09:00:00,2022.04.19 09:00:00,0,risk_reject,128.232,126.986,12,12,0.197,6.3387,0.0000,0.00,1.40,0.00,0
DS260914_JSB30_V3_TRAIN,USDJPYm,2022.04.19,2022.04.19 09:30:00,2022.04.19 09:30:00,0,risk_reject,128.232,126.986,12,12,0.197,6.3226,0.0000,0.00,1.40,0.00,0
DS260914_JSB30_V3_TRAIN,USDJPYm,2022.04.19,2022.04.19 10:00:00,2022.04.19 10:00:00,0,risk_reject,128.232,126.986,12,12,0.189,6.5901,0.0000,0.00,1.40,0.00,0
DS260914_JSB30_V3_TRAIN,USDJPYm,2022.04.19,2022.04.19 10:30:00,2022.04.19 10:30:00,0,risk_reject,128.232,126.986,12,12,0.193,6.4488,0.0000,0.00,1.40,0.00,0
DS260914_JSB30_V3_TRAIN,USDJPYm,2022.04.19,2022.04.19 11:00:00,2022.04.19 11:00:00,0,risk_reject,128.232,126.986,12,12,0.191,6.5162,0.0000,0.00,1.40,0.00,0
DS260914_JSB30_V3_TRAIN,USDJPYm,2022.04.19,2022.04.19 11:30:00,2022.04.19 11:30:00,0,risk_reject,128.232,126.986,12,12,0.171,7.2714,0.0000,0.00,1.40,0.00,0
DS260914_JSB30_V3_TRAIN,USDJPYm,2022.04.20,2022.04.20 10:30:00,2022.04.20 10:30:00,0,risk_reject,129.400,128.057,12,12,0.219,6.1204,0.0000,0.00,1.40,0.00,0
DS260914_JSB30_V3_TRAIN,USDJPYm,2022.04.20,2022.04.20 11:00:00,2022.04.20 11:00:00,0,risk_reject,129.400,128.057,12,12,0.208,6.4567,0.0000,0.00,1.40,0.00,0
DS260914_JSB30_V3_TRAIN,USDJPYm,2022.04.20,2022.04.20 11:30:00,2022.04.20 11:30:00,0,risk_reject,129.400,128.057,12,12,0.218,6.1666,0.0000,0.00,1.40,0.00,0
DS260914_JSB30_V3_TRAIN,USDJPYm,2022.04.21,2022.04.21 07:30:00,2022.04.21 07:30:00,0,risk_reject,128.630,127.961,12,12,0.181,3.7034,0.0000,0.00,1.40,0.00,0
DS260914_JSB30_V3_TRAIN,USDJPYm,2022.04.21,2022.04.21 10:30:00,2022.04.21 10:30:00,0,risk_reject,128.630,127.961,12,12,0.162,4.1406,0.0000,0.00,1.40,0.00,0
DS260914_JSB30_V3_TRAIN,USDJPYm,2022.04.25,2022.04.25 07:00:00,2022.04.25 07:00:00,0,risk_reject,128.853,128.235,12,12,0.181,3.4211,0.0000,0.00,1.40,0.00,0
DS260914_JSB30_V3_TRAIN,USDJPYm,2022.04.25,2022.04.25 07:30:00,2022.04.25 07:30:00,0,risk_reject,128.853,128.235,12,12,0.181,3.4225,0.0000,0.00,1.40,0.00,0
DS260914_JSB30_V3_TRAIN,USDJPYm,2022.04.25,2022.04.25 08:00:00,2022.04.25 08:00:00,0,risk_reject,128.853,128.235,12,12,0.187,3.3124,0.0000,0.00,1.40,0.00,0
DS260914_JSB30_V3_TRAIN,USDJPYm,2022.04.25,2022.04.25 08:30:00,2022.04.25 08:30:00,0,risk_reject,128.853,128.235,12,12,0.189,3.2748,0.0000,0.00,1.40,0.00,0
DS260914_JSB30_V3_TRAIN,USDJPYm,2022.04.25,2022.04.25 09:00:00,2022.04.25 09:00:00,0,risk_reject,128.853,128.235,12,12,0.185,3.3354,0.0000,0.00,1.40,0.00,0
DS260914_JSB30_V3_TRAIN,USDJPYm,2022.04.25,2022.04.25 09:30:00,2022.04.25 09:30:00,0,risk_reject,128.853,128.235,12,12,0.184,3.3600,0.0000,0.00,1.40,0.00,0
DS260914_JSB30_V3_TRAIN,USDJPYm,2022.04.25,2022.04.25 10:00:00,2022.04.25 10:00:00,0,risk_reject,128.853,128.235,12,12,0.191,3.2284,0.0000,0.00,1.40,0.00,0
DS260914_JSB30_V3_TRAIN,USDJPYm,2022.04.25,2022.04.25 10:30:00,2022.04.25 10:30:00,0,risk_reject,128.853,128.235,12,12,0.191,3.2344,0.0000,0.00,1.40,0.00,0
DS260914_JSB30_V3_TRAIN,USDJPYm,2022.04.25,2022.04.25 11:00:00,2022.04.25 11:00:00,0,risk_reject,128.853,128.235,12,12,0.193,3.2068,0.0000,0.00,1.40,0.00,0
DS260914_JSB30_V3_TRAIN,USDJPYm,2022.04.27,2022.04.27 07:00:00,2022.04.27 07:00:00,0,risk_reject,127.823,127.242,12,12,0.177,3.2772,0.0000,0.00,1.40,0.00,0
DS260914_JSB30_V3_TRAIN,USDJPYm,2022.04.27,2022.04.27 08:00:00,2022.04.27 08:00:00,0,risk_reject,127.823,127.242,12,12,0.182,3.1948,0.0000,0.00,1.40,0.00,0
DS260914_JSB30_V3_TRAIN,USDJPYm,2022.04.27,2022.04.27 09:00:00,2022.04.27 09:00:00,0,risk_reject,127.823,127.242,12,12,0.192,3.0317,0.0000,0.00,1.40,0.00,0
DS260914_JSB30_V3_TRAIN,USDJPYm,2022.04.27,2022.04.27 09:30:00,2022.04.27 09:30:00,0,risk_reject,127.823,127.242,12,12,0.178,3.2680,0.0000,0.00,1.40,0.00,0
DS260914_JSB30_V3_TRAIN,USDJPYm,2022.04.27,2022.04.27 10:00:00,2022.04.27 10:00:00,0,risk_reject,127.823,127.242,12,12,0.179,3.2523,0.0000,0.00,1.40,0.00,0
DS260914_JSB30_V3_TRAIN,USDJPYm,2022.04.27,2022.04.27 10:30:00,2022.04.27 10:30:00,0,risk_reject,127.823,127.242,12,12,0.181,3.2176,0.0000,0.00,1.40,0.00,0
DS260914_JSB30_V3_TRAIN,USDJPYm,2022.04.27,2022.04.27 11:00:00,2022.04.27 11:00:00,0,risk_reject,127.823,127.242,12,12,0.181,3.2150,0.0000,0.00,1.40,0.00,0
DS260914_JSB30_V3_TRAIN,USDJPYm,2022.04.27,2022.04.27 11:30:00,2022.04.27 11:30:00,0,risk_reject,127.823,127.242,12,12,0.184,3.1601,0.0000,0.00,1.40,0.00,0
DS260914_JSB30_V3_TRAIN,USDJPYm,2022.04.28,2022.04.28 07:00:00,2022.04.28 07:00:00,0,risk_reject,130.268,128.350,12,12,0.313,6.1236,0.0000,0.00,1.40,0.00,0
DS260914_JSB30_V3_TRAIN,USDJPYm,2022.04.28,2022.04.28 08:00:00,2022.04.28 08:00:00,0,risk_reject,130.268,128.350,12,12,0.354,5.4137,0.0000,0.00,1.40,0.00,0
DS260914_JSB30_V3_TRAIN,USDJPYm,2022.04.28,2022.04.28 08:30:00,2022.04.28 08:30:00,0,risk_reject,130.268,128.350,12,12,0.360,5.3352,0.0000,0.00,1.40,0.00,0
DS260914_JSB30_V3_TRAIN,USDJPYm,2022.04.28,2022.04.28 09:00:00,2022.04.28 09:00:00,0,risk_reject,130.268,128.350,12,12,0.377,5.0818,0.0000,0.00,1.40,0.00,0
DS260914_JSB30_V3_TRAIN,USDJPYm,2022.04.28,2022.04.28 10:00:00,2022.04.28 10:00:00,0,risk_reject,130.268,128.350,12,12,0.374,5.1303,0.0000,0.00,1.40,0.00,0
DS260914_JSB30_V3_TRAIN,USDJPYm,2022.04.28,2022.04.28 11:00:00,2022.04.28 11:00:00,0,risk_reject,130.268,128.350,12,12,0.383,5.0106,0.0000,0.00,1.40,0.00,0
DS260914_JSB30_V3_TRAIN,USDJPYm,2022.04.28,2022.04.28 11:30:00,2022.04.28 11:30:00,0,risk_reject,130.268,128.350,12,12,0.391,4.9054,0.0000,0.00,1.40,0.00,0
DS260914_JSB30_V3_TRAIN,USDJPYm,2022.04.29,2022.04.29 07:00:00,2022.04.29 07:00:00,0,risk_reject,130.818,130.358,12,12,0.168,2.7346,0.0000,0.00,1.40,0.00,0
DS260914_JSB30_V3_TRAIN,USDJPYm,2022.04.29,2022.04.29 07:30:00,2022.04.29 07:30:00,0,risk_reject,130.818,130.358,12,12,0.170,2.7059,0.0000,0.00,1.40,0.00,0
DS260914_JSB30_V3_TRAIN,USDJPYm,2022.04.29,2022.04.29 08:00:00,2022.04.29 08:00:00,0,risk_reject,130.818,130.358,12,12,0.174,2.6459,0.0000,0.00,1.40,0.00,0
DS260914_JSB30_V3_TRAIN,USDJPYm,2022.04.29,2022.04.29 08:30:00,2022.04.29 08:30:00,0,risk_reject,130.818,130.358,12,12,0.173,2.6612,0.0000,0.00,1.40,0.00,0
DS260914_JSB30_V3_TRAIN,USDJPYm,2022.04.29,2022.04.29 09:00:00,2022.04.29 09:00:00,0,risk_reject,130.818,130.358,12,12,0.189,2.4385,0.0000,0.00,1.40,0.00,0
DS260914_JSB30_V3_TRAIN,USDJPYm,2022.04.29,2022.04.29 09:30:00,2022.04.29 09:30:00,0,risk_reject,130.818,130.358,12,12,0.199,2.3082,0.0000,0.00,1.40,0.00,0
DS260914_JSB30_V3_TRAIN,USDJPYm,2022.04.29,2022.04.29 10:00:00,2022.04.29 10:00:00,0,risk_reject,130.818,130.358,12,12,0.207,2.2215,0.0000,0.00,1.40,0.00,0
DS260914_JSB30_V3_TRAIN,USDJPYm,2022.04.29,2022.04.29 10:30:00,2022.04.29 10:30:00,0,risk_reject,130.818,130.358,12,12,0.217,2.1226,0.0000,0.00,1.40,0.00,0
DS260914_JSB30_V3_TRAIN,USDJPYm,2022.04.29,2022.04.29 11:00:00,2022.04.29 11:00:00,0,risk_reject,130.818,130.358,12,12,0.222,2.0721,0.0000,0.00,1.40,0.00,0
DS260914_JSB30_V3_TRAIN,USDJPYm,2022.04.29,2022.04.29 11:30:00,2022.04.29 11:30:00,0,risk_reject,130.818,130.358,12,12,0.230,2.0031,0.0000,0.00,1.40,0.00,0
DS260914_JSB30_V3_TRAIN,USDJPYm,2022.05.19,2022.05.19 09:00:00,2022.05.19 09:00:00,0,risk_reject,128.939,127.893,12,12,0.198,5.2714,0.0000,0.00,1.44,0.00,0
DS260914_JSB30_V3_TRAIN,USDJPYm,2022.05.19,2022.05.19 09:30:00,2022.05.19 09:30:00,0,risk_reject,128.939,127.893,12,12,0.199,5.2676,0.0000,0.00,1.44,0.00,0
DS260914_JSB30_V3_TRAIN,USDJPYm,2022.05.19,2022.05.19 10:00:00,2022.05.19 10:00:00,0,risk_reject,128.939,127.893,12,12,0.206,5.0865,0.0000,0.00,1.44,0.00,0
DS260914_JSB30_V3_TRAIN,USDJPYm,2022.05.19,2022.05.19 10:30:00,2022.05.19 10:30:00,0,risk_reject,128.939,127.893,12,12,0.210,4.9708,0.0000,0.00,1.44,0.00,0
DS260914_JSB30_V3_TRAIN,USDJPYm,2022.05.19,2022.05.19 11:00:00,2022.05.19 11:00:00,0,risk_reject,128.939,127.893,12,12,0.208,5.0392,0.0000,0.00,1.44,0.00,0
DS260914_JSB30_V3_TRAIN,USDJPYm,2022.05.19,2022.05.19 11:30:00,2022.05.19 11:30:00,0,risk_reject,128.939,127.893,12,12,0.214,4.8830,0.0000,0.00,1.44,0.00,0
DS260914_JSB30_V3_TRAIN,USDJPYm,2022.06.08,2022.06.08 07:00:00,2022.06.08 07:00:00,0,risk_reject,133.292,132.717,12,12,0.188,3.0632,0.0000,0.00,1.49,0.00,0
DS260914_JSB30_V3_TRAIN,USDJPYm,2022.06.08,2022.06.08 07:30:00,2022.06.08 07:30:00,0,risk_reject,133.292,132.717,12,12,0.182,3.1656,0.0000,0.00,1.49,0.00,0
DS260914_JSB30_V3_TRAIN,USDJPYm,2022.06.08,2022.06.08 08:00:00,2022.06.08 08:00:00,0,risk_reject,133.292,132.717,12,12,0.178,3.2381,0.0000,0.00,1.49,0.00,0
DS260914_JSB30_V3_TRAIN,USDJPYm,2022.06.09,2022.06.09 07:30:00,2022.06.09 07:30:00,0,risk_reject,134.552,133.640,12,12,0.214,4.2560,0.0000,0.00,1.51,0.00,0
DS260914_JSB30_V3_TRAIN,USDJPYm,2022.06.09,2022.06.09 08:00:00,2022.06.09 08:00:00,0,risk_reject,134.552,133.640,12,12,0.217,4.2041,0.0000,0.00,1.51,0.00,0
DS260914_JSB30_V3_TRAIN,USDJPYm,2022.06.09,2022.06.09 08:30:00,2022.06.09 08:30:00,0,risk_reject,134.552,133.640,12,12,0.217,4.2041,0.0000,0.00,1.51,0.00,0
DS260914_JSB30_V3_TRAIN,USDJPYm,2022.06.09,2022.06.09 09:00:00,2022.06.09 09:00:00,0,risk_reject,134.552,133.640,12,12,0.223,4.0818,0.0000,0.00,1.51,0.00,0
DS260914_JSB30_V3_TRAIN,USDJPYm,2022.06.09,2022.06.09 10:00:00,2022.06.09 10:00:00,0,risk_reject,134.552,133.640,12,12,0.234,3.8939,0.0000,0.00,1.51,0.00,0
DS260914_JSB30_V3_TRAIN,USDJPYm,2022.06.09,2022.06.09 10:30:00,2022.06.09 10:30:00,0,risk_reject,134.552,133.640,12,12,0.219,4.1712,0.0000,0.00,1.51,0.00,0
DS260914_JSB30_V3_TRAIN,USDJPYm,2022.06.09,2022.06.09 11:00:00,2022.06.09 11:00:00,0,risk_reject,134.552,133.640,12,12,0.219,4.1712,0.0000,0.00,1.51,0.00,0
DS260914_JSB30_V3_TRAIN,USDJPYm,2022.06.09,2022.06.09 11:30:00,2022.06.09 11:30:00,0,risk_reject,134.552,133.640,12,12,0.216,4.2236,0.0000,0.00,1.51,0.00,0
DS260914_JSB30_V3_TRAIN,USDJPYm,2022.06.10,2022.06.10 07:30:00,2022.06.10 07:30:00,0,risk_reject,134.388,133.663,12,12,0.215,3.3721,0.0000,0.00,1.51,0.00,0
DS260914_JSB30_V3_TRAIN,USDJPYm,2022.06.10,2022.06.10 08:00:00,2022.06.10 08:00:00,0,risk_reject,134.388,133.663,12,12,0.220,3.2901,0.0000,0.00,1.51,0.00,0
DS260914_JSB30_V3_TRAIN,USDJPYm,2022.06.13,2022.06.13 07:00:00,2022.06.13 07:00:00,0,risk_reject,135.196,134.665,12,12,0.211,2.5191,0.0000,0.00,1.51,0.00,0
DS260914_JSB30_V3_TRAIN,USDJPYm,2022.06.13,2022.06.13 08:00:00,2022.06.13 08:00:00,0,risk_reject,135.196,134.665,12,12,0.216,2.4567,0.0000,0.00,1.51,0.00,0
DS260914_JSB30_V3_TRAIN,USDJPYm,2022.06.13,2022.06.13 08:30:00,2022.06.13 08:30:00,0,risk_reject,135.196,134.665,12,12,0.216,2.4559,0.0000,0.00,1.51,0.00,0
DS260914_JSB30_V3_TRAIN,USDJPYm,2022.06.13,2022.06.13 09:00:00,2022.06.13 09:00:00,0,risk_reject,135.196,134.665,12,12,0.229,2.3166,0.0000,0.00,1.51,0.00,0
DS260914_JSB30_V3_TRAIN,USDJPYm,2022.06.13,2022.06.13 09:30:00,2022.06.13 09:30:00,0,risk_reject,135.196,134.665,12,12,0.229,2.3217,0.0000,0.00,1.51,0.00,0
DS260914_JSB30_V3_TRAIN,USDJPYm,2022.06.13,2022.06.13 10:00:00,2022.06.13 10:00:00,0,risk_reject,135.196,134.665,12,12,0.238,2.2271,0.0000,0.00,1.51,0.00,0
DS260914_JSB30_V3_TRAIN,USDJPYm,2022.06.13,2022.06.13 10:30:00,2022.06.13 10:30:00,0,risk_reject,135.196,134.665,12,12,0.243,2.1839,0.0000,0.00,1.51,0.00,0
DS260914_JSB30_V3_TRAIN,USDJPYm,2022.06.13,2022.06.13 11:00:00,2022.06.13 11:00:00,0,risk_reject,135.196,134.665,12,12,0.234,2.2685,0.0000,0.00,1.51,0.00,0
DS260914_JSB30_V3_TRAIN,USDJPYm,2022.06.13,2022.06.13 11:30:00,2022.06.13 11:30:00,0,risk_reject,135.196,134.665,12,12,0.242,2.1903,0.0000,0.00,1.51,0.00,0
DS260914_JSB30_V3_TRAIN,USDJPYm,2022.06.15,2022.06.15 07:00:00,2022.06.15 07:00:00,0,risk_reject,135.302,134.798,12,12,0.185,2.7201,0.0000,0.00,1.51,0.00,0
DS260914_JSB30_V3_TRAIN,USDJPYm,2022.06.16,2022.06.16 08:30:00,2022.06.16 08:30:00,0,risk_reject,134.673,133.944,12,12,0.200,3.6411,0.0000,0.00,1.53,0.00,0
DS260914_JSB30_V3_TRAIN,USDJPYm,2022.06.16,2022.06.16 09:00:00,2022.06.16 09:00:00,0,risk_reject,134.673,133.944,12,12,0.237,3.0750,0.0000,0.00,1.53,0.00,0
DS260914_JSB30_V3_TRAIN,USDJPYm,2022.06.16,2022.06.16 09:30:00,2022.06.16 09:30:00,0,risk_reject,134.673,133.944,12,12,0.290,2.5095,0.0000,0.00,1.53,0.00,0
DS260914_JSB30_V3_TRAIN,USDJPYm,2022.06.16,2022.06.16 10:00:00,2022.06.16 10:00:00,0,risk_reject,134.673,133.944,12,12,0.339,2.1491,0.0000,0.00,1.53,0.00,0
DS260914_JSB30_V3_TRAIN,USDJPYm,2022.06.16,2022.06.16 10:30:00,2022.06.16 10:30:00,0,risk_reject,134.673,133.944,12,12,0.363,2.0106,0.0000,0.00,1.53,0.00,0
DS260914_JSB30_V3_TRAIN,USDJPYm,2022.06.16,2022.06.16 11:00:00,2022.06.16 11:00:00,0,risk_reject,134.673,133.944,12,12,0.373,1.9559,0.0000,0.00,1.53,0.00,0
DS260914_JSB30_V3_TRAIN,USDJPYm,2022.06.16,2022.06.16 11:30:00,2022.06.16 11:30:00,0,risk_reject,134.673,133.944,12,12,0.412,1.7691,0.0000,0.00,1.53,0.00,0
DS260914_JSB30_V3_TRAIN,USDJPYm,2022.06.17,2022.06.17 09:30:00,2022.06.17 09:30:00,0,risk_reject,134.642,132.174,12,12,0.357,6.9090,0.0000,0.00,1.53,0.00,0
DS260914_JSB30_V3_TRAIN,USDJPYm,2022.06.17,2022.06.17 10:00:00,2022.06.17 10:00:00,0,risk_reject,134.642,132.174,12,12,0.340,7.2665,0.0000,0.00,1.53,0.00,0
DS260914_JSB30_V3_TRAIN,USDJPYm,2022.06.17,2022.06.17 10:30:00,2022.06.17 10:30:00,0,risk_reject,134.642,132.174,12,12,0.319,7.7246,0.0000,0.00,1.53,0.00,0
DS260914_JSB30_V3_TRAIN,USDJPYm,2022.06.17,2022.06.17 11:00:00,2022.06.17 11:00:00,0,risk_reject,134.642,132.174,12,12,0.307,8.0297,0.0000,0.00,1.53,0.00,0
DS260914_JSB30_V3_TRAIN,USDJPYm,2022.06.20,2022.06.20 08:00:00,2022.06.20 08:00:00,0,risk_reject,135.438,134.661,12,12,0.197,3.9442,0.0000,0.00,1.53,0.00,0
DS260914_JSB30_V3_TRAIN,USDJPYm,2022.07.29,2022.07.29 07:00:00,2022.07.29 07:00:00,0,risk_reject,134.671,132.752,12,12,0.333,5.7591,0.0000,0.00,1.48,0.00,0
DS260914_JSB30_V3_TRAIN,USDJPYm,2022.08.01,2022.08.01 10:00:00,2022.08.01 10:00:00,0,risk_reject,133.406,132.059,12,12,0.218,6.1668,0.0000,0.00,1.48,0.00,0
DS260914_JSB30_V3_TRAIN,USDJPYm,2022.08.01,2022.08.01 10:30:00,2022.08.01 10:30:00,0,risk_reject,133.406,132.059,12,12,0.222,6.0793,0.0000,0.00,1.48,0.00,0
DS260914_JSB30_V3_TRAIN,USDJPYm,2022.08.04,2022.08.04 07:00:00,2022.08.04 07:00:00,0,risk_reject,134.097,133.417,12,12,0.189,3.6020,0.0000,0.00,1.48,0.00,0
DS260914_JSB30_V3_TRAIN,USDJPYm,2022.09.07,2022.09.07 10:30:00,2022.09.07 10:30:00,0,risk_reject,144.380,142.923,12,12,0.251,5.7949,0.0000,0.00,1.49,0.00,0
DS260914_JSB30_V3_TRAIN,USDJPYm,2022.09.07,2022.09.07 11:00:00,2022.09.07 11:00:00,0,risk_reject,144.380,142.923,12,12,0.244,5.9713,0.0000,0.00,1.49,0.00,0
DS260914_JSB30_V3_TRAIN,USDJPYm,2022.09.07,2022.09.07 11:30:00,2022.09.07 11:30:00,0,risk_reject,144.380,142.923,12,12,0.220,6.6227,0.0000,0.00,1.49,0.00,0
DS260914_JSB30_V3_TRAIN,USDJPYm,2022.09.09,2022.09.09 07:30:00,2022.09.09 07:30:00,0,risk_reject,143.955,142.445,12,12,0.313,4.8243,0.0000,0.00,1.49,0.00,0
DS260914_JSB30_V3_TRAIN,USDJPYm,2022.09.09,2022.09.09 08:00:00,2022.09.09 08:00:00,0,risk_reject,143.955,142.445,12,12,0.316,4.7839,0.0000,0.00,1.49,0.00,0
DS260914_JSB30_V3_TRAIN,USDJPYm,2022.09.09,2022.09.09 08:30:00,2022.09.09 08:30:00,0,risk_reject,143.955,142.445,12,12,0.332,4.5531,0.0000,0.00,1.49,0.00,0
DS260914_JSB30_V3_TRAIN,USDJPYm,2022.09.09,2022.09.09 09:00:00,2022.09.09 09:00:00,0,risk_reject,143.955,142.445,12,12,0.344,4.3850,0.0000,0.00,1.49,0.00,0
DS260914_JSB30_V3_TRAIN,USDJPYm,2022.09.09,2022.09.09 09:30:00,2022.09.09 09:30:00,0,risk_reject,143.955,142.445,12,12,0.348,4.3444,0.0000,0.00,1.49,0.00,0
DS260914_JSB30_V3_TRAIN,USDJPYm,2022.09.09,2022.09.09 10:00:00,2022.09.09 10:00:00,0,risk_reject,143.955,142.445,12,12,0.322,4.6905,0.0000,0.00,1.49,0.00,0
DS260914_JSB30_V3_TRAIN,USDJPYm,2022.09.09,2022.09.09 10:30:00,2022.09.09 10:30:00,0,risk_reject,143.955,142.445,12,12,0.330,4.5827,0.0000,0.00,1.49,0.00,0
DS260914_JSB30_V3_TRAIN,USDJPYm,2022.09.09,2022.09.09 11:00:00,2022.09.09 11:00:00,0,risk_reject,143.955,142.445,12,12,0.295,5.1162,0.0000,0.00,1.49,0.00,0
DS260914_JSB30_V3_TRAIN,USDJPYm,2022.09.09,2022.09.09 11:30:00,2022.09.09 11:30:00,0,risk_reject,143.955,142.445,12,12,0.313,4.8287,0.0000,0.00,1.49,0.00,0
DS260914_JSB30_V3_TRAIN,USDJPYm,2022.09.13,2022.09.13 07:30:00,2022.09.13 07:30:00,0,risk_reject,142.735,142.315,12,12,0.193,2.1770,0.0000,0.00,1.49,0.00,0
DS260914_JSB30_V3_TRAIN,USDJPYm,2022.09.14,2022.09.14 07:30:00,2022.09.14 07:30:00,0,risk_reject,144.847,143.528,12,12,0.273,4.8290,0.0000,0.00,1.51,0.00,0
DS260914_JSB30_V3_TRAIN,USDJPYm,2022.09.14,2022.09.14 08:00:00,2022.09.14 08:00:00,0,risk_reject,144.847,143.528,12,12,0.267,4.9440,0.0000,0.00,1.51,0.00,0
DS260914_JSB30_V3_TRAIN,USDJPYm,2022.09.14,2022.09.14 08:30:00,2022.09.14 08:30:00,0,risk_reject,144.847,143.528,12,12,0.274,4.8151,0.0000,0.00,1.51,0.00,0
DS260914_JSB30_V3_TRAIN,USDJPYm,2022.09.14,2022.09.14 09:00:00,2022.09.14 09:00:00,0,risk_reject,144.847,143.528,12,12,0.299,4.4061,0.0000,0.00,1.51,0.00,0
DS260914_JSB30_V3_TRAIN,USDJPYm,2022.09.14,2022.09.14 09:30:00,2022.09.14 09:30:00,0,risk_reject,144.847,143.528,12,12,0.318,4.1487,0.0000,0.00,1.51,0.00,0
DS260914_JSB30_V3_TRAIN,USDJPYm,2022.09.14,2022.09.14 10:00:00,2022.09.14 10:00:00,0,risk_reject,144.847,143.528,12,12,0.339,3.8892,0.0000,0.00,1.51,0.00,0
DS260914_JSB30_V3_TRAIN,USDJPYm,2022.09.14,2022.09.14 10:30:00,2022.09.14 10:30:00,0,risk_reject,144.847,143.528,12,12,0.338,3.8974,0.0000,0.00,1.51,0.00,0
DS260914_JSB30_V3_TRAIN,USDJPYm,2022.09.14,2022.09.14 11:00:00,2022.09.14 11:00:00,0,risk_reject,144.847,143.528,12,12,0.356,3.7028,0.0000,0.00,1.51,0.00,0
DS260914_JSB30_V3_TRAIN,USDJPYm,2022.09.14,2022.09.14 11:30:00,2022.09.14 11:30:00,0,risk_reject,144.847,143.528,12,12,0.325,4.0602,0.0000,0.00,1.51,0.00,0
DS260914_JSB30_V3_TRAIN,USDJPYm,2022.09.22,2022.09.22 07:00:00,2022.09.22 07:00:00,0,risk_reject,145.385,143.508,12,12,0.424,4.4269,0.0000,0.00,1.52,0.00,0
DS260914_JSB30_V3_TRAIN,USDJPYm,2022.09.22,2022.09.22 07:30:00,2022.09.22 07:30:00,0,risk_reject,145.385,143.508,12,12,0.422,4.4471,0.0000,0.00,1.52,0.00,0
DS260914_JSB30_V3_TRAIN,USDJPYm,2022.09.22,2022.09.22 08:00:00,2022.09.22 08:00:00,0,risk_reject,145.385,143.508,12,12,0.435,4.3128,0.0000,0.00,1.52,0.00,0
DS260914_JSB30_V3_TRAIN,USDJPYm,2022.09.22,2022.09.22 08:30:00,2022.09.22 08:30:00,0,risk_reject,145.385,143.508,12,12,0.662,2.8360,0.0000,0.00,1.52,0.00,0
DS260914_JSB30_V3_TRAIN,USDJPYm,2022.09.22,2022.09.22 09:00:00,2022.09.22 09:00:00,0,risk_reject,145.385,143.508,12,12,0.816,2.2992,0.0000,0.00,1.52,0.00,0
DS260914_JSB30_V3_TRAIN,USDJPYm,2022.09.22,2022.09.22 09:30:00,2022.09.22 09:30:00,0,risk_reject,145.385,143.508,12,12,0.736,2.5508,0.0000,0.00,1.52,0.00,0
DS260914_JSB30_V3_TRAIN,USDJPYm,2022.09.22,2022.09.22 10:00:00,2022.09.22 10:00:00,0,risk_reject,145.385,143.508,12,12,0.767,2.4474,0.0000,0.00,1.52,0.00,0
DS260914_JSB30_V3_TRAIN,USDJPYm,2022.09.22,2022.09.22 10:30:00,2022.09.22 10:30:00,0,risk_reject,145.385,143.508,12,12,0.774,2.4237,0.0000,0.00,1.52,0.00,0
DS260914_JSB30_V3_TRAIN,USDJPYm,2022.09.22,2022.09.22 11:00:00,2022.09.22 11:00:00,0,risk_reject,145.385,143.508,12,12,0.791,2.3714,0.0000,0.00,1.52,0.00,0
DS260914_JSB30_V3_TRAIN,USDJPYm,2022.09.22,2022.09.22 11:30:00,2022.09.22 11:30:00,0,risk_reject,145.385,143.508,12,12,0.798,2.3534,0.0000,0.00,1.52,0.00,0
DS260914_JSB30_V3_TRAIN,USDJPYm,2022.09.26,2022.09.26 11:00:00,2022.09.26 11:00:00,0,risk_reject,144.258,143.418,12,12,0.258,3.2603,0.0000,0.00,1.54,0.00,0
DS260914_JSB30_V3_TRAIN,USDJPYm,2022.09.26,2022.09.26 11:30:00,2022.09.26 11:30:00,0,risk_reject,144.258,143.418,12,12,0.256,3.2749,0.0000,0.00,1.54,0.00,0
DS260914_JSB30_V3_TRAIN,USDJPYm,2022.10.24,2022.10.24 07:00:00,2022.10.24 07:00:00,0,risk_reject,149.037,147.363,12,12,0.239,6.9937,0.0000,0.00,1.40,0.00,0
DS260914_JSB30_V3_TRAIN,USDJPYm,2022.10.24,2022.10.24 07:30:00,2022.10.24 07:30:00,0,risk_reject,149.037,147.363,12,12,0.185,9.0732,0.0000,0.00,1.40,0.00,0
DS260914_JSB30_V3_TRAIN,USDJPYm,2022.10.27,2022.10.27 10:00:00,2022.10.27 10:00:00,0,risk_reject,146.390,145.103,12,12,0.277,4.6510,0.0000,0.00,1.40,0.00,0
DS260914_JSB30_V3_TRAIN,USDJPYm,2022.10.27,2022.10.27 11:30:00,2022.10.27 11:30:00,0,risk_reject,146.390,145.103,12,12,0.279,4.6117,0.0000,0.00,1.40,0.00,0
DS260914_JSB30_V3_TRAIN,USDJPYm,2022.10.28,2022.10.28 07:30:00,2022.10.28 07:30:00,0,risk_reject,146.853,145.985,12,12,0.292,2.9770,0.0000,0.00,1.40,0.00,0
DS260914_JSB30_V3_TRAIN,USDJPYm,2022.10.28,2022.10.28 08:00:00,2022.10.28 08:00:00,0,risk_reject,146.853,145.985,12,12,0.290,2.9968,0.0000,0.00,1.40,0.00,0
DS260914_JSB30_V3_TRAIN,USDJPYm,2022.10.28,2022.10.28 08:30:00,2022.10.28 08:30:00,0,risk_reject,146.853,145.985,12,12,0.313,2.7694,0.0000,0.00,1.40,0.00,0
DS260914_JSB30_V3_TRAIN,USDJPYm,2022.10.28,2022.10.28 09:00:00,2022.10.28 09:00:00,0,risk_reject,146.853,145.985,12,12,0.314,2.7681,0.0000,0.00,1.40,0.00,0
DS260914_JSB30_V3_TRAIN,USDJPYm,2022.10.28,2022.10.28 09:30:00,2022.10.28 09:30:00,0,risk_reject,146.853,145.985,12,12,0.278,3.1191,0.0000,0.00,1.40,0.00,0
DS260914_JSB30_V3_TRAIN,USDJPYm,2022.10.28,2022.10.28 10:00:00,2022.10.28 10:00:00,0,risk_reject,146.853,145.985,12,12,0.263,3.3049,0.0000,0.00,1.40,0.00,0
DS260914_JSB30_V3_TRAIN,USDJPYm,2022.10.28,2022.10.28 10:30:00,2022.10.28 10:30:00,0,risk_reject,146.853,145.985,12,12,0.249,3.4859,0.0000,0.00,1.40,0.00,0
DS260914_JSB30_V3_TRAIN,USDJPYm,2022.10.28,2022.10.28 11:00:00,2022.10.28 11:00:00,0,risk_reject,146.853,145.985,12,12,0.241,3.6006,0.0000,0.00,1.40,0.00,0
DS260914_JSB30_V3_TRAIN,USDJPYm,2022.10.28,2022.10.28 11:30:00,2022.10.28 11:30:00,0,risk_reject,146.853,145.985,12,12,0.258,3.3653,0.0000,0.00,1.40,0.00,0
DS260914_JSB30_V3_TRAIN,USDJPYm,2022.11.11,2022.11.11 07:30:00,2022.11.11 07:30:00,0,risk_reject,142.477,141.326,12,12,0.310,3.7155,0.0000,0.00,1.44,0.00,0
DS260914_JSB30_V3_TRAIN,USDJPYm,2022.11.11,2022.11.11 08:00:00,2022.11.11 08:00:00,0,risk_reject,142.477,141.326,12,12,0.293,3.9255,0.0000,0.00,1.44,0.00,0
DS260914_JSB30_V3_TRAIN,USDJPYm,2022.11.11,2022.11.11 08:30:00,2022.11.11 08:30:00,0,risk_reject,142.477,141.326,12,12,0.293,3.9235,0.0000,0.00,1.44,0.00,0
DS260914_JSB30_V3_TRAIN,USDJPYm,2022.11.11,2022.11.11 09:00:00,2022.11.11 09:00:00,0,risk_reject,142.477,141.326,12,12,0.328,3.5114,0.0000,0.00,1.44,0.00,0
DS260914_JSB30_V3_TRAIN,USDJPYm,2022.11.11,2022.11.11 09:30:00,2022.11.11 09:30:00,0,risk_reject,142.477,141.326,12,12,0.320,3.5961,0.0000,0.00,1.44,0.00,0
DS260914_JSB30_V3_TRAIN,USDJPYm,2022.11.11,2022.11.11 10:00:00,2022.11.11 10:00:00,0,risk_reject,142.477,141.326,12,12,0.355,3.2403,0.0000,0.00,1.44,0.00,0
DS260914_JSB30_V3_TRAIN,USDJPYm,2022.11.11,2022.11.11 10:30:00,2022.11.11 10:30:00,0,risk_reject,142.477,141.326,12,12,0.399,2.8857,0.0000,0.00,1.44,0.00,0
DS260914_JSB30_V3_TRAIN,USDJPYm,2022.11.11,2022.11.11 11:00:00,2022.11.11 11:00:00,0,risk_reject,142.477,141.326,12,12,0.458,2.5135,0.0000,0.00,1.44,0.00,0
DS260914_JSB30_V3_TRAIN,USDJPYm,2022.11.11,2022.11.11 11:30:00,2022.11.11 11:30:00,0,risk_reject,142.477,141.326,12,12,0.464,2.4806,0.0000,0.00,1.44,0.00,0
DS260914_JSB30_V3_TRAIN,USDJPYm,2022.11.14,2022.11.14 09:00:00,2022.11.14 09:00:00,0,risk_reject,139.739,138.797,12,12,0.258,3.6522,0.0000,0.00,1.44,0.00,0
DS260914_JSB30_V3_TRAIN,USDJPYm,2022.11.14,2022.11.14 09:30:00,2022.11.14 09:30:00,0,risk_reject,139.739,138.797,12,12,0.287,3.2814,0.0000,0.00,1.44,0.00,0
DS260914_JSB30_V3_TRAIN,USDJPYm,2022.11.14,2022.11.14 10:00:00,2022.11.14 10:00:00,0,risk_reject,139.739,138.797,12,12,0.301,3.1333,0.0000,0.00,1.44,0.00,0
DS260914_JSB30_V3_TRAIN,USDJPYm,2022.11.14,2022.11.14 10:30:00,2022.11.14 10:30:00,0,risk_reject,139.739,138.797,12,12,0.301,3.1266,0.0000,0.00,1.44,0.00,0
DS260914_JSB30_V3_TRAIN,USDJPYm,2022.11.14,2022.11.14 11:00:00,2022.11.14 11:00:00,0,risk_reject,139.739,138.797,12,12,0.296,3.1809,0.0000,0.00,1.44,0.00,0
DS260914_JSB30_V3_TRAIN,USDJPYm,2022.11.14,2022.11.14 11:30:00,2022.11.14 11:30:00,0,risk_reject,139.739,138.797,12,12,0.300,3.1407,0.0000,0.00,1.44,0.00,0
DS260914_JSB30_V3_TRAIN,USDJPYm,2022.11.15,2022.11.15 07:30:00,2022.11.15 07:30:00,0,risk_reject,140.621,139.986,12,12,0.217,2.9263,0.0000,0.00,1.44,0.00,0
DS260914_JSB30_V3_TRAIN,USDJPYm,2022.11.15,2022.11.15 08:00:00,2022.11.15 08:00:00,0,risk_reject,140.621,139.986,12,12,0.232,2.7345,0.0000,0.00,1.44,0.00,0
DS260914_JSB30_V3_TRAIN,USDJPYm,2022.11.15,2022.11.15 08:30:00,2022.11.15 08:30:00,0,risk_reject,140.621,139.986,12,12,0.247,2.5738,0.0000,0.00,1.44,0.00,0
DS260914_JSB30_V3_TRAIN,USDJPYm,2022.11.15,2022.11.15 09:00:00,2022.11.15 09:00:00,0,risk_reject,140.621,139.986,12,12,0.256,2.4819,0.0000,0.00,1.44,0.00,0
DS260914_JSB30_V3_TRAIN,USDJPYm,2022.11.15,2022.11.15 09:30:00,2022.11.15 09:30:00,0,risk_reject,140.621,139.986,12,12,0.262,2.4237,0.0000,0.00,1.44,0.00,0
DS260914_JSB30_V3_TRAIN,USDJPYm,2022.11.15,2022.11.15 10:00:00,2022.11.15 10:00:00,0,risk_reject,140.621,139.986,12,12,0.274,2.3157,0.0000,0.00,1.44,0.00,0
DS260914_JSB30_V3_TRAIN,USDJPYm,2022.11.15,2022.11.15 10:30:00,2022.11.15 10:30:00,0,risk_reject,140.621,139.986,12,12,0.285,2.2270,0.0000,0.00,1.44,0.00,0
DS260914_JSB30_V3_TRAIN,USDJPYm,2022.11.15,2022.11.15 11:00:00,2022.11.15 11:00:00,0,risk_reject,140.621,139.986,12,12,0.285,2.2292,0.0000,0.00,1.44,0.00,0
DS260914_JSB30_V3_TRAIN,USDJPYm,2022.11.15,2022.11.15 11:30:00,2022.11.15 11:30:00,0,risk_reject,140.621,139.986,12,12,0.285,2.2281,0.0000,0.00,1.44,0.00,0
DS260914_JSB30_V3_TRAIN,USDJPYm,2022.11.24,2022.11.24 10:00:00,2022.11.24 10:00:00,0,risk_reject,139.462,138.609,12,12,0.214,3.9833,0.0000,0.00,1.43,0.00,0
DS260914_JSB30_V3_TRAIN,USDJPYm,2022.11.24,2022.11.24 10:30:00,2022.11.24 10:30:00,0,risk_reject,139.462,138.609,12,12,0.238,3.5776,0.0000,0.00,1.43,0.00,0
DS260914_JSB30_V3_TRAIN,USDJPYm,2022.11.24,2022.11.24 11:00:00,2022.11.24 11:00:00,0,risk_reject,139.462,138.609,12,12,0.246,3.4715,0.0000,0.00,1.43,0.00,0
DS260914_JSB30_V3_TRAIN,USDJPYm,2022.11.24,2022.11.24 11:30:00,2022.11.24 11:30:00,0,risk_reject,139.462,138.609,12,12,0.263,3.2372,0.0000,0.00,1.43,0.00,0
DS260914_JSB30_V3_TRAIN,USDJPYm,2022.11.25,2022.11.25 09:30:00,2022.11.25 09:30:00,0,risk_reject,139.044,138.369,12,12,0.213,3.1754,0.0000,0.00,1.43,0.00,0
DS260914_JSB30_V3_TRAIN,USDJPYm,2022.11.25,2022.11.25 10:00:00,2022.11.25 10:00:00,0,risk_reject,139.044,138.369,12,12,0.239,2.8234,0.0000,0.00,1.43,0.00,0
DS260914_JSB30_V3_TRAIN,USDJPYm,2022.11.25,2022.11.25 10:30:00,2022.11.25 10:30:00,0,risk_reject,139.044,138.369,12,12,0.250,2.6961,0.0000,0.00,1.43,0.00,0
DS260914_JSB30_V3_TRAIN,USDJPYm,2022.11.25,2022.11.25 11:00:00,2022.11.25 11:00:00,0,risk_reject,139.044,138.369,12,12,0.242,2.7942,0.0000,0.00,1.43,0.00,0
DS260914_JSB30_V3_TRAIN,USDJPYm,2022.11.25,2022.11.25 11:30:00,2022.11.25 11:30:00,0,risk_reject,139.044,138.369,12,12,0.245,2.7559,0.0000,0.00,1.43,0.00,0
DS260914_JSB30_V3_TRAIN,USDJPYm,2022.11.28,2022.11.28 07:00:00,2022.11.28 07:00:00,0,risk_reject,139.336,138.331,12,12,0.203,4.9473,0.0000,0.00,1.43,0.00,0
DS260914_JSB30_V3_TRAIN,USDJPYm,2022.11.28,2022.11.28 07:30:00,2022.11.28 07:30:00,0,risk_reject,139.336,138.331,12,12,0.216,4.6497,0.0000,0.00,1.43,0.00,0
DS260914_JSB30_V3_TRAIN,USDJPYm,2022.11.28,2022.11.28 08:00:00,2022.11.28 08:00:00,0,risk_reject,139.336,138.331,12,12,0.223,4.5111,0.0000,0.00,1.43,0.00,0
DS260914_JSB30_V3_TRAIN,USDJPYm,2022.11.28,2022.11.28 08:30:00,2022.11.28 08:30:00,0,risk_reject,139.336,138.331,12,12,0.242,4.1603,0.0000,0.00,1.43,0.00,0
DS260914_JSB30_V3_TRAIN,USDJPYm,2022.11.28,2022.11.28 09:00:00,2022.11.28 09:00:00,0,risk_reject,139.336,138.331,12,12,0.249,4.0396,0.0000,0.00,1.43,0.00,0
DS260914_JSB30_V3_TRAIN,USDJPYm,2022.11.28,2022.11.28 09:30:00,2022.11.28 09:30:00,0,risk_reject,139.336,138.331,12,12,0.254,3.9578,0.0000,0.00,1.43,0.00,0
DS260914_JSB30_V3_TRAIN,USDJPYm,2022.11.28,2022.11.28 10:00:00,2022.11.28 10:00:00,0,risk_reject,139.336,138.331,12,12,0.258,3.9029,0.0000,0.00,1.43,0.00,0
DS260914_JSB30_V3_TRAIN,USDJPYm,2022.11.28,2022.11.28 10:30:00,2022.11.28 10:30:00,0,risk_reject,139.336,138.331,12,12,0.267,3.7590,0.0000,0.00,1.43,0.00,0
DS260914_JSB30_V3_TRAIN,USDJPYm,2022.11.28,2022.11.28 11:00:00,2022.11.28 11:00:00,0,risk_reject,139.336,138.331,12,12,0.264,3.8048,0.0000,0.00,1.43,0.00,0
DS260914_JSB30_V3_TRAIN,USDJPYm,2022.11.28,2022.11.28 11:30:00,2022.11.28 11:30:00,0,risk_reject,139.336,138.331,12,12,0.261,3.8495,0.0000,0.00,1.43,0.00,0
DS260914_JSB30_V3_TRAIN,USDJPYm,2022.11.29,2022.11.29 07:30:00,2022.11.29 07:30:00,0,risk_reject,139.348,138.417,12,12,0.287,3.2463,0.0000,0.00,1.43,0.00,0
DS260914_JSB30_V3_TRAIN,USDJPYm,2022.11.29,2022.11.29 08:00:00,2022.11.29 08:00:00,0,risk_reject,139.348,138.417,12,12,0.266,3.5047,0.0000,0.00,1.43,0.00,0
DS260914_JSB30_V3_TRAIN,USDJPYm,2022.11.29,2022.11.29 08:30:00,2022.11.29 08:30:00,0,risk_reject,139.348,138.417,12,12,0.256,3.6317,0.0000,0.00,1.43,0.00,0
DS260914_JSB30_V3_TRAIN,USDJPYm,2022.11.29,2022.11.29 09:00:00,2022.11.29 09:00:00,0,risk_reject,139.348,138.417,12,12,0.272,3.4282,0.0000,0.00,1.43,0.00,0
DS260914_JSB30_V3_TRAIN,USDJPYm,2022.11.29,2022.11.29 09:30:00,2022.11.29 09:30:00,0,risk_reject,139.348,138.417,12,12,0.272,3.4255,0.0000,0.00,1.43,0.00,0
DS260914_JSB30_V3_TRAIN,USDJPYm,2022.11.29,2022.11.29 10:00:00,2022.11.29 10:00:00,0,risk_reject,139.348,138.417,12,12,0.257,3.6276,0.0000,0.00,1.43,0.00,0
DS260914_JSB30_V3_TRAIN,USDJPYm,2022.11.29,2022.11.29 10:30:00,2022.11.29 10:30:00,0,risk_reject,139.348,138.417,12,12,0.264,3.5332,0.0000,0.00,1.43,0.00,0
DS260914_JSB30_V3_TRAIN,USDJPYm,2022.11.29,2022.11.29 11:00:00,2022.11.29 11:00:00,0,risk_reject,139.348,138.417,12,12,0.267,3.4925,0.0000,0.00,1.43,0.00,0
DS260914_JSB30_V3_TRAIN,USDJPYm,2022.11.29,2022.11.29 11:30:00,2022.11.29 11:30:00,0,risk_reject,139.348,138.417,12,12,0.267,3.4822,0.0000,0.00,1.43,0.00,0
DS260914_JSB30_V3_TRAIN,USDJPYm,2022.12.01,2022.12.01 07:30:00,2022.12.01 07:30:00,0,risk_reject,137.470,136.200,12,12,0.259,4.9062,0.0000,0.00,1.43,0.00,0
DS260914_JSB30_V3_TRAIN,USDJPYm,2022.12.02,2022.12.02 07:30:00,2022.12.02 07:30:00,0,risk_reject,135.557,134.999,12,12,0.191,2.9247,0.0000,0.00,1.43,0.00,0
DS260914_JSB30_V3_TRAIN,USDJPYm,2022.12.02,2022.12.02 08:00:00,2022.12.02 08:00:00,0,risk_reject,135.557,134.999,12,12,0.187,2.9862,0.0000,0.00,1.43,0.00,0
DS260914_JSB30_V3_TRAIN,USDJPYm,2022.12.02,2022.12.02 08:30:00,2022.12.02 08:30:00,0,risk_reject,135.557,134.999,12,12,0.193,2.8944,0.0000,0.00,1.43,0.00,0
DS260914_JSB30_V3_TRAIN,USDJPYm,2022.12.02,2022.12.02 09:00:00,2022.12.02 09:00:00,0,risk_reject,135.557,134.999,12,12,0.238,2.3474,0.0000,0.00,1.43,0.00,0
DS260914_JSB30_V3_TRAIN,USDJPYm,2022.12.02,2022.12.02 09:30:00,2022.12.02 09:30:00,0,risk_reject,135.557,134.999,12,12,0.248,2.2474,0.0000,0.00,1.43,0.00,0
DS260914_JSB30_V3_TRAIN,USDJPYm,2022.12.02,2022.12.02 10:00:00,2022.12.02 10:00:00,0,risk_reject,135.557,134.999,12,12,0.273,2.0418,0.0000,0.00,1.43,0.00,0
DS260914_JSB30_V3_TRAIN,USDJPYm,2022.12.02,2022.12.02 10:30:00,2022.12.02 10:30:00,0,risk_reject,135.557,134.999,12,12,0.291,1.9161,0.0000,0.00,1.43,0.00,0
DS260914_JSB30_V3_TRAIN,USDJPYm,2022.12.02,2022.12.02 11:00:00,2022.12.02 11:00:00,0,risk_reject,135.557,134.999,12,12,0.294,1.9007,0.0000,0.00,1.43,0.00,0
DS260914_JSB30_V3_TRAIN,USDJPYm,2022.12.02,2022.12.02 11:30:00,2022.12.02 11:30:00,0,risk_reject,135.557,134.999,12,12,0.298,1.8747,0.0000,0.00,1.43,0.00,0
DS260914_JSB30_V3_TRAIN,USDJPYm,2022.12.05,2022.12.05 07:30:00,2022.12.05 07:30:00,0,risk_reject,134.734,134.128,12,12,0.210,2.8916,0.0000,0.00,1.43,0.00,0
DS260914_JSB30_V3_TRAIN,USDJPYm,2022.12.05,2022.12.05 08:00:00,2022.12.05 08:00:00,0,risk_reject,134.734,134.128,12,12,0.216,2.8065,0.0000,0.00,1.43,0.00,0
DS260914_JSB30_V3_TRAIN,USDJPYm,2022.12.05,2022.12.05 08:30:00,2022.12.05 08:30:00,0,risk_reject,134.734,134.128,12,12,0.219,2.7617,0.0000,0.00,1.43,0.00,0
DS260914_JSB30_V3_TRAIN,USDJPYm,2022.12.05,2022.12.05 09:00:00,2022.12.05 09:00:00,0,risk_reject,134.734,134.128,12,12,0.222,2.7280,0.0000,0.00,1.43,0.00,0
DS260914_JSB30_V3_TRAIN,USDJPYm,2022.12.05,2022.12.05 09:30:00,2022.12.05 09:30:00,0,risk_reject,134.734,134.128,12,12,0.230,2.6323,0.0000,0.00,1.43,0.00,0
DS260914_JSB30_V3_TRAIN,USDJPYm,2022.12.05,2022.12.05 10:00:00,2022.12.05 10:00:00,0,risk_reject,134.734,134.128,12,12,0.241,2.5093,0.0000,0.00,1.43,0.00,0
DS260914_JSB30_V3_TRAIN,USDJPYm,2022.12.05,2022.12.05 10:30:00,2022.12.05 10:30:00,0,risk_reject,134.734,134.128,12,12,0.246,2.4620,0.0000,0.00,1.43,0.00,0
DS260914_JSB30_V3_TRAIN,USDJPYm,2022.12.05,2022.12.05 11:00:00,2022.12.05 11:00:00,0,risk_reject,134.734,134.128,12,12,0.249,2.4337,0.0000,0.00,1.43,0.00,0
DS260914_JSB30_V3_TRAIN,USDJPYm,2022.12.05,2022.12.05 11:30:00,2022.12.05 11:30:00,0,risk_reject,134.734,134.128,12,12,0.252,2.4061,0.0000,0.00,1.43,0.00,0
DS260914_JSB30_V3_TRAIN,USDJPYm,2022.12.06,2022.12.06 07:00:00,2022.12.06 07:00:00,0,risk_reject,137.170,136.242,12,12,0.239,3.8898,0.0000,0.00,1.43,0.00,0
DS260914_JSB30_V3_TRAIN,USDJPYm,2022.12.06,2022.12.06 07:30:00,2022.12.06 07:30:00,0,risk_reject,137.170,136.242,12,12,0.236,3.9394,0.0000,0.00,1.43,0.00,0
DS260914_JSB30_V3_TRAIN,USDJPYm,2022.12.07,2022.12.07 07:00:00,2022.12.07 07:00:00,0,risk_reject,137.490,136.743,12,12,0.235,3.1778,0.0000,0.00,1.43,0.00,0
DS260914_JSB30_V3_TRAIN,USDJPYm,2022.12.07,2022.12.07 08:30:00,2022.12.07 08:30:00,0,risk_reject,137.490,136.743,12,12,0.234,3.1933,0.0000,0.00,1.43,0.00,0
DS260914_JSB30_V3_TRAIN,USDJPYm,2022.12.07,2022.12.07 09:30:00,2022.12.07 09:30:00,0,risk_reject,137.490,136.743,12,12,0.247,3.0260,0.0000,0.00,1.43,0.00,0
DS260914_JSB30_V3_TRAIN,USDJPYm,2022.12.07,2022.12.07 10:00:00,2022.12.07 10:00:00,0,risk_reject,137.490,136.743,12,12,0.239,3.1283,0.0000,0.00,1.43,0.00,0
DS260914_JSB30_V3_TRAIN,USDJPYm,2022.12.07,2022.12.07 10:30:00,2022.12.07 10:30:00,0,risk_reject,137.490,136.743,12,12,0.251,2.9786,0.0000,0.00,1.43,0.00,0
DS260914_JSB30_V3_TRAIN,USDJPYm,2022.12.07,2022.12.07 11:30:00,2022.12.07 11:30:00,0,risk_reject,137.490,136.743,12,12,0.246,3.0348,0.0000,0.00,1.43,0.00,0
DS260914_JSB30_V3_TRAIN,USDJPYm,2022.12.16,2022.12.16 09:00:00,2022.12.16 09:00:00,0,risk_reject,137.736,136.950,12,12,0.176,4.4732,0.0000,0.00,1.44,0.00,0
DS260914_JSB30_V3_TRAIN,USDJPYm,2022.12.20,2022.12.20 07:30:00,2022.12.20 07:30:00,0,risk_reject,137.471,132.921,12,12,0.675,6.7372,0.0000,0.00,1.44,0.00,0
DS260914_JSB30_V3_TRAIN,USDJPYm,2022.12.20,2022.12.20 08:00:00,2022.12.20 08:00:00,0,risk_reject,137.471,132.921,12,12,0.716,6.3528,0.0000,0.00,1.44,0.00,0
DS260914_JSB30_V3_TRAIN,USDJPYm,2022.12.20,2022.12.20 08:30:00,2022.12.20 08:30:00,0,risk_reject,137.471,132.921,12,12,0.740,6.1481,0.0000,0.00,1.44,0.00,0
DS260914_JSB30_V3_TRAIN,USDJPYm,2022.12.20,2022.12.20 09:00:00,2022.12.20 09:00:00,0,risk_reject,137.471,132.921,12,12,0.756,6.0225,0.0000,0.00,1.44,0.00,0
DS260914_JSB30_V3_TRAIN,USDJPYm,2022.12.20,2022.12.20 09:30:00,2022.12.20 09:30:00,0,risk_reject,137.471,132.921,12,12,0.755,6.0231,0.0000,0.00,1.44,0.00,0
DS260914_JSB30_V3_TRAIN,USDJPYm,2022.12.20,2022.12.20 10:00:00,2022.12.20 10:00:00,0,risk_reject,137.471,132.921,12,12,0.467,9.7535,0.0000,0.00,1.44,0.00,0
DS260914_JSB30_V3_TRAIN,USDJPYm,2022.12.20,2022.12.20 10:30:00,2022.12.20 10:30:00,0,risk_reject,137.471,132.921,12,12,0.448,10.1465,0.0000,0.00,1.44,0.00,0
DS260914_JSB30_V3_TRAIN,USDJPYm,2022.12.20,2022.12.20 11:00:00,2022.12.20 11:00:00,0,risk_reject,137.471,132.921,12,12,0.437,10.4102,0.0000,0.00,1.44,0.00,0
DS260914_JSB30_V3_TRAIN,USDJPYm,2022.12.20,2022.12.20 11:30:00,2022.12.20 11:30:00,0,risk_reject,137.471,132.921,12,12,0.421,10.8113,0.0000,0.00,1.44,0.00,0
DS260914_JSB30_V3_TRAIN,USDJPYm,2023.01.04,2023.01.04 07:30:00,2023.01.04 07:30:00,0,risk_reject,131.299,130.579,12,12,0.210,3.4321,0.0000,0.00,1.45,0.00,0
DS260914_JSB30_V3_TRAIN,USDJPYm,2023.01.04,2023.01.04 08:00:00,2023.01.04 08:00:00,0,risk_reject,131.299,130.579,12,12,0.211,3.4112,0.0000,0.00,1.45,0.00,0
DS260914_JSB30_V3_TRAIN,USDJPYm,2023.01.04,2023.01.04 08:30:00,2023.01.04 08:30:00,0,risk_reject,131.299,130.579,12,12,0.198,3.6429,0.0000,0.00,1.45,0.00,0
DS260914_JSB30_V3_TRAIN,USDJPYm,2023.01.04,2023.01.04 09:00:00,2023.01.04 09:00:00,0,risk_reject,131.299,130.579,12,12,0.228,3.1638,0.0000,0.00,1.45,0.00,0
DS260914_JSB30_V3_TRAIN,USDJPYm,2023.01.04,2023.01.04 09:30:00,2023.01.04 09:30:00,0,risk_reject,131.299,130.579,12,12,0.232,3.1082,0.0000,0.00,1.45,0.00,0
DS260914_JSB30_V3_TRAIN,USDJPYm,2023.01.04,2023.01.04 10:00:00,2023.01.04 10:00:00,0,risk_reject,131.299,130.579,12,12,0.234,3.0769,0.0000,0.00,1.45,0.00,0
DS260914_JSB30_V3_TRAIN,USDJPYm,2023.01.04,2023.01.04 10:30:00,2023.01.04 10:30:00,0,risk_reject,131.299,130.579,12,12,0.236,3.0508,0.0000,0.00,1.45,0.00,0
DS260914_JSB30_V3_TRAIN,USDJPYm,2023.01.04,2023.01.04 11:00:00,2023.01.04 11:00:00,0,risk_reject,131.299,130.579,12,12,0.232,3.1025,0.0000,0.00,1.45,0.00,0
DS260914_JSB30_V3_TRAIN,USDJPYm,2023.01.04,2023.01.04 11:30:00,2023.01.04 11:30:00,0,risk_reject,131.299,130.579,12,12,0.233,3.0968,0.0000,0.00,1.45,0.00,0
DS260914_JSB30_V3_TRAIN,USDJPYm,2023.01.05,2023.01.05 08:30:00,2023.01.05 08:30:00,0,risk_reject,132.621,131.679,12,12,0.239,3.9438,0.0000,0.00,1.45,0.00,0
DS260914_JSB30_V3_TRAIN,USDJPYm,2023.01.06,2023.01.06 08:30:00,2023.01.06 08:30:00,0,risk_reject,134.369,133.302,12,12,0.212,5.0262,0.0000,0.00,1.45,0.00,0
DS260914_JSB30_V3_TRAIN,USDJPYm,2023.01.06,2023.01.06 09:30:00,2023.01.06 09:30:00,0,risk_reject,134.369,133.302,12,12,0.224,4.7680,0.0000,0.00,1.45,0.00,0
DS260914_JSB30_V3_TRAIN,USDJPYm,2023.01.06,2023.01.06 10:00:00,2023.01.06 10:00:00,0,risk_reject,134.369,133.302,12,12,0.218,4.8849,0.0000,0.00,1.45,0.00,0
DS260914_JSB30_V3_TRAIN,USDJPYm,2023.01.09,2023.01.09 08:00:00,2023.01.09 08:00:00,0,risk_reject,132.110,131.304,12,12,0.221,3.6518,0.0000,0.00,1.45,0.00,0
DS260914_JSB30_V3_TRAIN,USDJPYm,2023.01.09,2023.01.09 08:30:00,2023.01.09 08:30:00,0,risk_reject,132.110,131.304,12,12,0.215,3.7451,0.0000,0.00,1.45,0.00,0
DS260914_JSB30_V3_TRAIN,USDJPYm,2023.01.09,2023.01.09 09:00:00,2023.01.09 09:00:00,0,risk_reject,132.110,131.304,12,12,0.209,3.8591,0.0000,0.00,1.45,0.00,0
DS260914_JSB30_V3_TRAIN,USDJPYm,2023.01.09,2023.01.09 09:30:00,2023.01.09 09:30:00,0,risk_reject,132.110,131.304,12,12,0.206,3.9113,0.0000,0.00,1.45,0.00,0
DS260914_JSB30_V3_TRAIN,USDJPYm,2023.01.09,2023.01.09 10:00:00,2023.01.09 10:00:00,0,risk_reject,132.110,131.304,12,12,0.211,3.8212,0.0000,0.00,1.45,0.00,0
DS260914_JSB30_V3_TRAIN,USDJPYm,2023.01.09,2023.01.09 10:30:00,2023.01.09 10:30:00,0,risk_reject,132.110,131.304,12,12,0.204,3.9427,0.0000,0.00,1.45,0.00,0
DS260914_JSB30_V3_TRAIN,USDJPYm,2023.01.09,2023.01.09 11:00:00,2023.01.09 11:00:00,0,risk_reject,132.110,131.304,12,12,0.213,3.7815,0.0000,0.00,1.45,0.00,0
DS260914_JSB30_V3_TRAIN,USDJPYm,2023.01.09,2023.01.09 11:30:00,2023.01.09 11:30:00,0,risk_reject,132.110,131.304,12,12,0.221,3.6435,0.0000,0.00,1.45,0.00,0
DS260914_JSB30_V3_TRAIN,USDJPYm,2023.01.12,2023.01.12 09:30:00,2023.01.12 09:30:00,0,risk_reject,132.030,131.359,12,12,0.193,3.4741,0.0000,0.00,1.43,0.00,0
DS260914_JSB30_V3_TRAIN,USDJPYm,2023.01.12,2023.01.12 10:00:00,2023.01.12 10:00:00,0,risk_reject,132.030,131.359,12,12,0.219,3.0639,0.0000,0.00,1.43,0.00,0
DS260914_JSB30_V3_TRAIN,USDJPYm,2023.01.12,2023.01.12 10:30:00,2023.01.12 10:30:00,0,risk_reject,132.030,131.359,12,12,0.231,2.9093,0.0000,0.00,1.43,0.00,0
DS260914_JSB30_V3_TRAIN,USDJPYm,2023.01.12,2023.01.12 11:00:00,2023.01.12 11:00:00,0,risk_reject,132.030,131.359,12,12,0.228,2.9458,0.0000,0.00,1.43,0.00,0
DS260914_JSB30_V3_TRAIN,USDJPYm,2023.01.12,2023.01.12 11:30:00,2023.01.12 11:30:00,0,risk_reject,132.030,131.359,12,12,0.219,3.0649,0.0000,0.00,1.43,0.00,0
DS260914_JSB30_V3_TRAIN,USDJPYm,2023.01.13,2023.01.13 07:00:00,2023.01.13 07:00:00,0,risk_reject,129.344,128.630,12,12,0.247,2.8949,0.0000,0.00,1.43,0.00,0
DS260914_JSB30_V3_TRAIN,USDJPYm,2023.01.13,2023.01.13 08:00:00,2023.01.13 08:00:00,0,risk_reject,129.344,128.630,12,12,0.235,3.0355,0.0000,0.00,1.43,0.00,0
DS260914_JSB30_V3_TRAIN,USDJPYm,2023.01.13,2023.01.13 08:30:00,2023.01.13 08:30:00,0,risk_reject,129.344,128.630,12,12,0.250,2.8617,0.0000,0.00,1.43,0.00,0
DS260914_JSB30_V3_TRAIN,USDJPYm,2023.01.13,2023.01.13 09:00:00,2023.01.13 09:00:00,0,risk_reject,129.344,128.630,12,12,0.244,2.9297,0.0000,0.00,1.43,0.00,0
DS260914_JSB30_V3_TRAIN,USDJPYm,2023.01.13,2023.01.13 09:30:00,2023.01.13 09:30:00,0,risk_reject,129.344,128.630,12,12,0.267,2.6699,0.0000,0.00,1.43,0.00,0
DS260914_JSB30_V3_TRAIN,USDJPYm,2023.01.13,2023.01.13 10:00:00,2023.01.13 10:00:00,0,risk_reject,129.344,128.630,12,12,0.275,2.5984,0.0000,0.00,1.43,0.00,0
DS260914_JSB30_V3_TRAIN,USDJPYm,2023.01.13,2023.01.13 10:30:00,2023.01.13 10:30:00,0,risk_reject,129.344,128.630,12,12,0.287,2.4841,0.0000,0.00,1.43,0.00,0
DS260914_JSB30_V3_TRAIN,USDJPYm,2023.01.13,2023.01.13 11:00:00,2023.01.13 11:00:00,0,risk_reject,129.344,128.630,12,12,0.285,2.5040,0.0000,0.00,1.43,0.00,0
DS260914_JSB30_V3_TRAIN,USDJPYm,2023.01.13,2023.01.13 11:30:00,2023.01.13 11:30:00,0,risk_reject,129.344,128.630,12,12,0.287,2.4841,0.0000,0.00,1.43,0.00,0
DS260914_JSB30_V3_TRAIN,USDJPYm,2023.01.16,2023.01.16 08:30:00,2023.01.16 08:30:00,0,risk_reject,128.194,127.217,12,12,0.280,3.4893,0.0000,0.00,1.43,0.00,0
DS260914_JSB30_V3_TRAIN,USDJPYm,2023.01.16,2023.01.16 09:00:00,2023.01.16 09:00:00,0,risk_reject,128.194,127.217,12,12,0.268,3.6387,0.0000,0.00,1.43,0.00,0
DS260914_JSB30_V3_TRAIN,USDJPYm,2023.01.16,2023.01.16 09:30:00,2023.01.16 09:30:00,0,risk_reject,128.194,127.217,12,12,0.284,3.4427,0.0000,0.00,1.43,0.00,0
DS260914_JSB30_V3_TRAIN,USDJPYm,2023.01.16,2023.01.16 10:00:00,2023.01.16 10:00:00,0,risk_reject,128.194,127.217,12,12,0.289,3.3756,0.0000,0.00,1.43,0.00,0
DS260914_JSB30_V3_TRAIN,USDJPYm,2023.01.16,2023.01.16 10:30:00,2023.01.16 10:30:00,0,risk_reject,128.194,127.217,12,12,0.294,3.3183,0.0000,0.00,1.43,0.00,0
DS260914_JSB30_V3_TRAIN,USDJPYm,2023.01.16,2023.01.16 11:00:00,2023.01.16 11:00:00,0,risk_reject,128.194,127.217,12,12,0.293,3.3304,0.0000,0.00,1.43,0.00,0
DS260914_JSB30_V3_TRAIN,USDJPYm,2023.01.20,2023.01.20 09:30:00,2023.01.20 09:30:00,0,risk_reject,129.289,128.341,12,12,0.195,4.8544,0.0000,0.00,1.43,0.00,0
DS260914_JSB30_V3_TRAIN,USDJPYm,2023.01.20,2023.01.20 10:00:00,2023.01.20 10:00:00,0,risk_reject,129.289,128.341,12,12,0.199,4.7741,0.0000,0.00,1.43,0.00,0
DS260914_JSB30_V3_TRAIN,USDJPYm,2023.01.20,2023.01.20 10:30:00,2023.01.20 10:30:00,0,risk_reject,129.289,128.341,12,12,0.211,4.4868,0.0000,0.00,1.43,0.00,0
DS260914_JSB30_V3_TRAIN,USDJPYm,2023.01.20,2023.01.20 11:00:00,2023.01.20 11:00:00,0,risk_reject,129.289,128.341,12,12,0.236,4.0230,0.0000,0.00,1.43,0.00,0
DS260914_JSB30_V3_TRAIN,USDJPYm,2023.01.20,2023.01.20 11:30:00,2023.01.20 11:30:00,0,risk_reject,129.289,128.341,12,12,0.233,4.0624,0.0000,0.00,1.43,0.00,0
DS260914_JSB30_V3_TRAIN,USDJPYm,2023.01.23,2023.01.23 07:00:00,2023.01.23 07:00:00,0,risk_reject,129.887,129.040,12,12,0.207,4.0960,0.0000,0.00,1.43,0.00,0
DS260914_JSB30_V3_TRAIN,USDJPYm,2023.01.23,2023.01.23 07:30:00,2023.01.23 07:30:00,0,risk_reject,129.887,129.040,12,12,0.215,3.9461,0.0000,0.00,1.43,0.00,0
DS260914_JSB30_V3_TRAIN,USDJPYm,2023.01.23,2023.01.23 08:00:00,2023.01.23 08:00:00,0,risk_reject,129.887,129.040,12,12,0.217,3.9071,0.0000,0.00,1.43,0.00,0
DS260914_JSB30_V3_TRAIN,USDJPYm,2023.01.23,2023.01.23 08:30:00,2023.01.23 08:30:00,0,risk_reject,129.887,129.040,12,12,0.222,3.8067,0.0000,0.00,1.43,0.00,0
DS260914_JSB30_V3_TRAIN,USDJPYm,2023.01.23,2023.01.23 09:30:00,2023.01.23 09:30:00,0,risk_reject,129.887,129.040,12,12,0.242,3.5010,0.0000,0.00,1.43,0.00,0
DS260914_JSB30_V3_TRAIN,USDJPYm,2023.01.23,2023.01.23 10:30:00,2023.01.23 10:30:00,0,risk_reject,129.887,129.040,12,12,0.244,3.4693,0.0000,0.00,1.43,0.00,0
DS260914_JSB30_V3_TRAIN,USDJPYm,2023.01.23,2023.01.23 11:00:00,2023.01.23 11:00:00,0,risk_reject,129.887,129.040,12,12,0.224,3.7861,0.0000,0.00,1.43,0.00,0
DS260914_JSB30_V3_TRAIN,USDJPYm,2023.01.23,2023.01.23 11:30:00,2023.01.23 11:30:00,0,risk_reject,129.887,129.040,12,12,0.222,3.8190,0.0000,0.00,1.43,0.00,0
DS260914_JSB30_V3_TRAIN,USDJPYm,2023.01.26,2023.01.26 07:30:00,2023.01.26 07:30:00,0,risk_reject,129.582,129.020,12,12,0.194,2.8916,0.0000,0.00,1.47,0.00,0
DS260914_JSB30_V3_TRAIN,USDJPYm,2023.01.26,2023.01.26 08:30:00,2023.01.26 08:30:00,0,risk_reject,129.582,129.020,12,12,0.207,2.7140,0.0000,0.00,1.47,0.00,0
DS260914_JSB30_V3_TRAIN,USDJPYm,2023.01.26,2023.01.26 09:00:00,2023.01.26 09:00:00,0,risk_reject,129.582,129.020,12,12,0.208,2.7019,0.0000,0.00,1.47,0.00,0
DS260914_JSB30_V3_TRAIN,USDJPYm,2023.01.26,2023.01.26 09:30:00,2023.01.26 09:30:00,0,risk_reject,129.582,129.020,12,12,0.207,2.7094,0.0000,0.00,1.47,0.00,0
DS260914_JSB30_V3_TRAIN,USDJPYm,2023.01.26,2023.01.26 10:00:00,2023.01.26 10:00:00,0,risk_reject,129.582,129.020,12,12,0.213,2.6412,0.0000,0.00,1.47,0.00,0
DS260914_JSB30_V3_TRAIN,USDJPYm,2023.01.26,2023.01.26 10:30:00,2023.01.26 10:30:00,0,risk_reject,129.582,129.020,12,12,0.222,2.5258,0.0000,0.00,1.47,0.00,0
DS260914_JSB30_V3_TRAIN,USDJPYm,2023.01.26,2023.01.26 11:00:00,2023.01.26 11:00:00,0,risk_reject,129.582,129.020,12,12,0.216,2.6044,0.0000,0.00,1.47,0.00,0
DS260914_JSB30_V3_TRAIN,USDJPYm,2023.01.26,2023.01.26 11:30:00,2023.01.26 11:30:00,0,risk_reject,129.582,129.020,12,12,0.209,2.6918,0.0000,0.00,1.47,0.00,0
DS260914_JSB30_V3_TRAIN,USDJPYm,2023.02.10,2023.02.10 07:30:00,2023.02.10 07:30:00,0,risk_reject,131.882,131.483,12,12,0.235,1.6989,0.0000,0.00,1.42,0.00,0
DS260914_JSB30_V3_TRAIN,USDJPYm,2023.02.10,2023.02.10 08:00:00,2023.02.10 08:00:00,0,risk_reject,131.882,131.483,12,12,0.286,1.3968,0.0000,0.00,1.42,0.00,0
DS260914_JSB30_V3_TRAIN,USDJPYm,2023.02.10,2023.02.10 08:30:00,2023.02.10 08:30:00,0,risk_reject,131.882,131.483,12,12,0.316,1.2627,0.0000,0.00,1.42,0.00,0
DS260914_JSB30_V3_TRAIN,USDJPYm,2023.02.10,2023.02.10 09:00:00,2023.02.10 09:00:00,0,risk_reject,131.882,131.483,12,12,0.338,1.1807,0.0000,0.00,1.42,0.00,0
DS260914_JSB30_V3_TRAIN,USDJPYm,2023.02.10,2023.02.10 09:30:00,2023.02.10 09:30:00,0,risk_reject,131.882,131.483,12,12,0.407,0.9798,0.0000,0.00,1.42,0.00,0
DS260914_JSB30_V3_TRAIN,USDJPYm,2023.02.10,2023.02.10 10:00:00,2023.02.10 10:00:00,0,risk_reject,131.882,131.483,12,12,0.433,0.9207,0.0000,0.00,1.42,0.00,0
DS260914_JSB30_V3_TRAIN,USDJPYm,2023.02.10,2023.02.10 10:30:00,2023.02.10 10:30:00,0,risk_reject,131.882,131.483,12,12,0.444,0.8981,0.0000,0.00,1.42,0.00,0
DS260914_JSB30_V3_TRAIN,USDJPYm,2023.02.10,2023.02.10 11:00:00,2023.02.10 11:00:00,0,risk_reject,131.882,131.483,12,12,0.447,0.8919,0.0000,0.00,1.42,0.00,0
DS260914_JSB30_V3_TRAIN,USDJPYm,2023.02.10,2023.02.10 11:30:00,2023.02.10 11:30:00,0,risk_reject,131.882,131.483,12,12,0.454,0.8791,0.0000,0.00,1.42,0.00,0
DS260914_JSB30_V3_TRAIN,USDJPYm,2023.03.10,2023.03.10 11:00:00,2023.03.10 11:00:00,0,risk_reject,136.969,135.810,12,12,0.203,5.7214,0.0000,0.00,1.35,0.00,0
DS260914_JSB30_V3_TRAIN,USDJPYm,2023.03.13,2023.03.13 09:30:00,2023.03.13 09:30:00,0,risk_reject,134.970,133.680,12,12,0.314,4.1055,0.0000,0.00,1.35,0.00,0
DS260914_JSB30_V3_TRAIN,USDJPYm,2023.03.13,2023.03.13 10:00:00,2023.03.13 10:00:00,0,risk_reject,134.970,133.680,12,12,0.330,3.9074,0.0000,0.00,1.35,0.00,0
DS260914_JSB30_V3_TRAIN,USDJPYm,2023.03.13,2023.03.13 10:30:00,2023.03.13 10:30:00,0,risk_reject,134.970,133.680,12,12,0.347,3.7199,0.0000,0.00,1.35,0.00,0
DS260914_JSB30_V3_TRAIN,USDJPYm,2023.03.13,2023.03.13 11:00:00,2023.03.13 11:00:00,0,risk_reject,134.970,133.680,12,12,0.349,3.6940,0.0000,0.00,1.35,0.00,0
DS260914_JSB30_V3_TRAIN,USDJPYm,2023.03.13,2023.03.13 11:30:00,2023.03.13 11:30:00,0,risk_reject,134.970,133.680,12,12,0.359,3.5926,0.0000,0.00,1.35,0.00,0
DS260914_JSB30_V3_TRAIN,USDJPYm,2023.03.14,2023.03.14 09:00:00,2023.03.14 09:00:00,0,risk_reject,134.026,133.024,12,12,0.256,3.9141,0.0000,0.00,1.35,0.00,0
DS260914_JSB30_V3_TRAIN,USDJPYm,2023.03.14,2023.03.14 09:30:00,2023.03.14 09:30:00,0,risk_reject,134.026,133.024,12,12,0.261,3.8391,0.0000,0.00,1.35,0.00,0
DS260914_JSB30_V3_TRAIN,USDJPYm,2023.03.14,2023.03.14 10:00:00,2023.03.14 10:00:00,0,risk_reject,134.026,133.024,12,12,0.265,3.7862,0.0000,0.00,1.35,0.00,0
DS260914_JSB30_V3_TRAIN,USDJPYm,2023.03.14,2023.03.14 10:30:00,2023.03.14 10:30:00,0,risk_reject,134.026,133.024,12,12,0.269,3.7289,0.0000,0.00,1.35,0.00,0
DS260914_JSB30_V3_TRAIN,USDJPYm,2023.03.14,2023.03.14 11:30:00,2023.03.14 11:30:00,0,risk_reject,134.026,133.024,12,12,0.270,3.7141,0.0000,0.00,1.35,0.00,0
DS260914_JSB30_V3_TRAIN,USDJPYm,2023.03.15,2023.03.15 07:00:00,2023.03.15 07:00:00,0,risk_reject,134.681,134.027,12,12,0.176,3.7265,0.0000,0.00,1.35,0.00,0
DS260914_JSB30_V3_TRAIN,USDJPYm,2023.03.15,2023.03.15 07:30:00,2023.03.15 07:30:00,0,risk_reject,134.681,134.027,12,12,0.188,3.4774,0.0000,0.00,1.35,0.00,0
DS260914_JSB30_V3_TRAIN,USDJPYm,2023.03.15,2023.03.15 08:00:00,2023.03.15 08:00:00,0,risk_reject,134.681,134.027,12,12,0.199,3.2876,0.0000,0.00,1.35,0.00,0
DS260914_JSB30_V3_TRAIN,USDJPYm,2023.03.15,2023.03.15 08:30:00,2023.03.15 08:30:00,0,risk_reject,134.681,134.027,12,12,0.202,3.2342,0.0000,0.00,1.35,0.00,0
DS260914_JSB30_V3_TRAIN,USDJPYm,2023.03.15,2023.03.15 10:30:00,2023.03.15 10:30:00,0,risk_reject,134.681,134.027,12,12,0.269,2.4358,0.0000,0.00,1.35,0.00,0
DS260914_JSB30_V3_TRAIN,USDJPYm,2023.03.15,2023.03.15 11:00:00,2023.03.15 11:00:00,0,risk_reject,134.681,134.027,12,12,0.288,2.2691,0.0000,0.00,1.35,0.00,0
DS260914_JSB30_V3_TRAIN,USDJPYm,2023.03.15,2023.03.15 11:30:00,2023.03.15 11:30:00,0,risk_reject,134.681,134.027,12,12,0.292,2.2425,0.0000,0.00,1.35,0.00,0
DS260914_JSB30_V3_TRAIN,USDJPYm,2023.03.17,2023.03.17 11:30:00,2023.03.17 11:30:00,0,risk_reject,133.577,132.861,12,12,0.252,2.8445,0.0000,0.00,1.35,0.00,0
DS260914_JSB30_V3_TRAIN,USDJPYm,2023.03.20,2023.03.20 07:00:00,2023.03.20 07:00:00,0,risk_reject,132.644,131.722,12,12,0.242,3.8144,0.0000,0.00,1.35,0.00,0
DS260914_JSB30_V3_TRAIN,USDJPYm,2023.03.20,2023.03.20 07:30:00,2023.03.20 07:30:00,0,risk_reject,132.644,131.722,12,12,0.258,3.5756,0.0000,0.00,1.35,0.00,0
DS260914_JSB30_V3_TRAIN,USDJPYm,2023.03.20,2023.03.20 08:00:00,2023.03.20 08:00:00,0,risk_reject,132.644,131.722,12,12,0.272,3.3959,0.0000,0.00,1.35,0.00,0
DS260914_JSB30_V3_TRAIN,USDJPYm,2023.03.20,2023.03.20 08:30:00,2023.03.20 08:30:00,0,risk_reject,132.644,131.722,12,12,0.308,2.9984,0.0000,0.00,1.35,0.00,0
DS260914_JSB30_V3_TRAIN,USDJPYm,2023.03.20,2023.03.20 09:00:00,2023.03.20 09:00:00,0,risk_reject,132.644,131.722,12,12,0.323,2.8526,0.0000,0.00,1.35,0.00,0
DS260914_JSB30_V3_TRAIN,USDJPYm,2023.03.20,2023.03.20 09:30:00,2023.03.20 09:30:00,0,risk_reject,132.644,131.722,12,12,0.330,2.7927,0.0000,0.00,1.35,0.00,0
DS260914_JSB30_V3_TRAIN,USDJPYm,2023.03.20,2023.03.20 10:00:00,2023.03.20 10:00:00,0,risk_reject,132.644,131.722,12,12,0.328,2.8122,0.0000,0.00,1.35,0.00,0
DS260914_JSB30_V3_TRAIN,USDJPYm,2023.03.20,2023.03.20 10:30:00,2023.03.20 10:30:00,0,risk_reject,132.644,131.722,12,12,0.338,2.7307,0.0000,0.00,1.35,0.00,0
DS260914_JSB30_V3_TRAIN,USDJPYm,2023.03.20,2023.03.20 11:00:00,2023.03.20 11:00:00,0,risk_reject,132.644,131.722,12,12,0.344,2.6780,0.0000,0.00,1.35,0.00,0
DS260914_JSB30_V3_TRAIN,USDJPYm,2023.03.20,2023.03.20 11:30:00,2023.03.20 11:30:00,0,risk_reject,132.644,131.722,12,12,0.347,2.6560,0.0000,0.00,1.35,0.00,0
DS260914_JSB30_V3_TRAIN,USDJPYm,2023.03.23,2023.03.23 10:30:00,2023.03.23 10:30:00,0,risk_reject,131.243,130.416,12,12,0.208,3.9773,0.0000,0.00,1.35,0.00,0
DS260914_JSB30_V3_TRAIN,USDJPYm,2023.03.23,2023.03.23 11:00:00,2023.03.23 11:00:00,0,risk_reject,131.243,130.416,12,12,0.208,3.9691,0.0000,0.00,1.35,0.00,0
DS260914_JSB30_V3_TRAIN,USDJPYm,2023.03.23,2023.03.23 11:30:00,2023.03.23 11:30:00,0,risk_reject,131.243,130.416,12,12,0.209,3.9610,0.0000,0.00,1.35,0.00,0
DS260914_JSB30_V3_TRAIN,USDJPYm,2023.03.24,2023.03.24 09:30:00,2023.03.24 09:30:00,0,risk_reject,130.937,130.052,12,12,0.216,4.0918,0.0000,0.00,1.35,0.00,0
DS260914_JSB30_V3_TRAIN,USDJPYm,2023.03.24,2023.03.24 10:00:00,2023.03.24 10:00:00,0,risk_reject,130.937,130.052,12,12,0.229,3.8586,0.0000,0.00,1.35,0.00,0
DS260914_JSB30_V3_TRAIN,USDJPYm,2023.03.24,2023.03.24 10:30:00,2023.03.24 10:30:00,0,risk_reject,130.937,130.052,12,12,0.231,3.8288,0.0000,0.00,1.35,0.00,0
DS260914_JSB30_V3_TRAIN,USDJPYm,2023.03.24,2023.03.24 11:00:00,2023.03.24 11:00:00,0,risk_reject,130.937,130.052,12,12,0.232,3.8135,0.0000,0.00,1.35,0.00,0
DS260914_JSB30_V3_TRAIN,USDJPYm,2023.03.24,2023.03.24 11:30:00,2023.03.24 11:30:00,0,risk_reject,130.937,130.052,12,12,0.230,3.8431,0.0000,0.00,1.35,0.00,0
DS260914_JSB30_V3_TRAIN,USDJPYm,2023.03.27,2023.03.27 07:00:00,2023.03.27 07:00:00,0,risk_reject,131.049,130.492,12,12,0.174,3.2011,0.0000,0.00,1.35,0.00,0
DS260914_JSB30_V3_TRAIN,USDJPYm,2023.03.27,2023.03.27 07:30:00,2023.03.27 07:30:00,0,risk_reject,131.049,130.492,12,12,0.173,3.2223,0.0000,0.00,1.35,0.00,0
DS260914_JSB30_V3_TRAIN,USDJPYm,2023.03.27,2023.03.27 08:30:00,2023.03.27 08:30:00,0,risk_reject,131.049,130.492,12,12,0.183,3.0413,0.0000,0.00,1.35,0.00,0
DS260914_JSB30_V3_TRAIN,USDJPYm,2023.03.27,2023.03.27 09:00:00,2023.03.27 09:00:00,0,risk_reject,131.049,130.492,12,12,0.185,3.0131,0.0000,0.00,1.35,0.00,0
DS260914_JSB30_V3_TRAIN,USDJPYm,2023.03.27,2023.03.27 09:30:00,2023.03.27 09:30:00,0,risk_reject,131.049,130.492,12,12,0.195,2.8596,0.0000,0.00,1.35,0.00,0
DS260914_JSB30_V3_TRAIN,USDJPYm,2023.03.27,2023.03.27 10:00:00,2023.03.27 10:00:00,0,risk_reject,131.049,130.492,12,12,0.203,2.7371,0.0000,0.00,1.35,0.00,0
DS260914_JSB30_V3_TRAIN,USDJPYm,2023.03.27,2023.03.27 10:30:00,2023.03.27 10:30:00,0,risk_reject,131.049,130.492,12,12,0.203,2.7400,0.0000,0.00,1.35,0.00,0
DS260914_JSB30_V3_TRAIN,USDJPYm,2023.03.27,2023.03.27 11:00:00,2023.03.27 11:00:00,0,risk_reject,131.049,130.492,12,12,0.205,2.7123,0.0000,0.00,1.35,0.00,0
DS260914_JSB30_V3_TRAIN,USDJPYm,2023.03.27,2023.03.27 11:30:00,2023.03.27 11:30:00,0,risk_reject,131.049,130.492,12,12,0.205,2.7142,0.0000,0.00,1.35,0.00,0
DS260914_JSB30_V3_TRAIN,USDJPYm,2023.03.29,2023.03.29 07:30:00,2023.03.29 07:30:00,0,risk_reject,131.914,130.922,12,12,0.168,5.9173,0.0000,0.00,1.35,0.00,0
DS260914_JSB30_V3_TRAIN,USDJPYm,2023.03.29,2023.03.29 08:00:00,2023.03.29 08:00:00,0,risk_reject,131.914,130.922,12,12,0.153,6.4958,0.0000,0.00,1.35,0.00,0
DS260914_JSB30_V3_TRAIN,USDJPYm,2023.04.04,2023.04.04 11:30:00,2023.04.04 11:30:00,0,risk_reject,132.976,132.208,12,12,0.187,4.0991,0.0000,0.00,1.32,0.00,0
DS260914_JSB30_V3_TRAIN,USDJPYm,2023.04.28,2023.04.28 07:00:00,2023.04.28 07:00:00,0,risk_reject,135.129,133.344,12,12,0.410,4.3559,0.0000,0.00,1.25,0.00,0
DS260914_JSB30_V3_TRAIN,USDJPYm,2023.04.28,2023.04.28 07:30:00,2023.04.28 07:30:00,0,risk_reject,135.129,133.344,12,12,0.412,4.3378,0.0000,0.00,1.25,0.00,0
DS260914_JSB30_V3_TRAIN,USDJPYm,2023.04.28,2023.04.28 08:00:00,2023.04.28 08:00:00,0,risk_reject,135.129,133.344,12,12,0.416,4.2923,0.0000,0.00,1.25,0.00,0
DS260914_JSB30_V3_TRAIN,USDJPYm,2023.04.28,2023.04.28 08:30:00,2023.04.28 08:30:00,0,risk_reject,135.129,133.344,12,12,0.383,4.6641,0.0000,0.00,1.25,0.00,0
DS260914_JSB30_V3_TRAIN,USDJPYm,2023.04.28,2023.04.28 09:00:00,2023.04.28 09:00:00,0,risk_reject,135.129,133.344,12,12,0.377,4.7356,0.0000,0.00,1.25,0.00,0
DS260914_JSB30_V3_TRAIN,USDJPYm,2023.04.28,2023.04.28 09:30:00,2023.04.28 09:30:00,0,risk_reject,135.129,133.344,12,12,0.383,4.6562,0.0000,0.00,1.25,0.00,0
DS260914_JSB30_V3_TRAIN,USDJPYm,2023.04.28,2023.04.28 10:00:00,2023.04.28 10:00:00,0,risk_reject,135.129,133.344,12,12,0.348,5.1304,0.0000,0.00,1.25,0.00,0
DS260914_JSB30_V3_TRAIN,USDJPYm,2023.04.28,2023.04.28 10:30:00,2023.04.28 10:30:00,0,risk_reject,135.129,133.344,12,12,0.344,5.1857,0.0000,0.00,1.25,0.00,0
DS260914_JSB30_V3_TRAIN,USDJPYm,2023.04.28,2023.04.28 11:00:00,2023.04.28 11:00:00,0,risk_reject,135.129,133.344,12,12,0.249,7.1810,0.0000,0.00,1.25,0.00,0
DS260914_JSB30_V3_TRAIN,USDJPYm,2023.04.28,2023.04.28 11:30:00,2023.04.28 11:30:00,0,risk_reject,135.129,133.344,12,12,0.242,7.3848,0.0000,0.00,1.25,0.00,0
DS260914_JSB30_V3_TRAIN,USDJPYm,2023.05.30,2023.05.30 11:30:00,2023.05.30 11:30:00,0,risk_reject,140.685,139.959,12,12,0.255,2.8527,0.0000,0.00,1.27,0.00,0
DS260914_JSB30_V3_TRAIN,USDJPYm,2023.06.15,2023.06.15 07:30:00,2023.06.15 07:30:00,0,risk_reject,141.425,139.938,12,12,0.191,7.7853,0.0000,0.00,1.25,0.00,0
DS260914_JSB30_V3_TRAIN,USDJPYm,2023.06.16,2023.06.16 07:00:00,2023.06.16 07:00:00,0,risk_reject,140.801,139.849,12,12,0.240,3.9702,0.0000,0.00,1.25,0.00,0
DS260914_JSB30_V3_TRAIN,USDJPYm,2023.06.16,2023.06.16 07:30:00,2023.06.16 07:30:00,0,risk_reject,140.801,139.849,12,12,0.264,3.6100,0.0000,0.00,1.25,0.00,0
DS260914_JSB30_V3_TRAIN,USDJPYm,2023.06.16,2023.06.16 08:00:00,2023.06.16 08:00:00,0,risk_reject,140.801,139.849,12,12,0.284,3.3479,0.0000,0.00,1.25,0.00,0
DS260914_JSB30_V3_TRAIN,USDJPYm,2023.06.16,2023.06.16 08:30:00,2023.06.16 08:30:00,0,risk_reject,140.801,139.849,12,12,0.281,3.3905,0.0000,0.00,1.25,0.00,0
DS260914_JSB30_V3_TRAIN,USDJPYm,2023.06.16,2023.06.16 09:00:00,2023.06.16 09:00:00,0,risk_reject,140.801,139.849,12,12,0.288,3.3006,0.0000,0.00,1.25,0.00,0
DS260914_JSB30_V3_TRAIN,USDJPYm,2023.06.16,2023.06.16 09:30:00,2023.06.16 09:30:00,0,risk_reject,140.801,139.849,12,12,0.245,3.8789,0.0000,0.00,1.25,0.00,0
DS260914_JSB30_V3_TRAIN,USDJPYm,2023.06.16,2023.06.16 10:00:00,2023.06.16 10:00:00,0,risk_reject,140.801,139.849,12,12,0.222,4.2814,0.0000,0.00,1.25,0.00,0
DS260914_JSB30_V3_TRAIN,USDJPYm,2023.06.16,2023.06.16 10:30:00,2023.06.16 10:30:00,0,risk_reject,140.801,139.849,12,12,0.216,4.4176,0.0000,0.00,1.25,0.00,0
DS260914_JSB30_V3_TRAIN,USDJPYm,2023.06.16,2023.06.16 11:00:00,2023.06.16 11:00:00,0,risk_reject,140.801,139.849,12,12,0.216,4.4001,0.0000,0.00,1.25,0.00,0
DS260914_JSB30_V3_TRAIN,USDJPYm,2023.06.16,2023.06.16 11:30:00,2023.06.16 11:30:00,0,risk_reject,140.801,139.849,12,12,0.218,4.3713,0.0000,0.00,1.25,0.00,0
DS260914_JSB30_V3_TRAIN,USDJPYm,2023.06.20,2023.06.20 09:00:00,2023.06.20 09:00:00,0,risk_reject,142.247,141.577,12,12,0.163,4.1068,0.0000,0.00,1.23,0.00,0
DS260914_JSB30_V3_TRAIN,USDJPYm,2023.06.20,2023.06.20 11:00:00,2023.06.20 11:00:00,0,risk_reject,142.247,141.577,12,12,0.169,3.9595,0.0000,0.00,1.23,0.00,0
DS260914_JSB30_V3_TRAIN,USDJPYm,2023.07.11,2023.07.11 08:00:00,2023.07.11 08:00:00,0,risk_reject,141.455,140.564,12,12,0.198,4.5016,0.0000,0.00,1.22,0.00,0
DS260914_JSB30_V3_TRAIN,USDJPYm,2023.07.11,2023.07.11 08:30:00,2023.07.11 08:30:00,0,risk_reject,141.455,140.564,12,12,0.200,4.4614,0.0000,0.00,1.22,0.00,0
DS260914_JSB30_V3_TRAIN,USDJPYm,2023.07.11,2023.07.11 09:00:00,2023.07.11 09:00:00,0,risk_reject,141.455,140.564,12,12,0.204,4.3661,0.0000,0.00,1.22,0.00,0
DS260914_JSB30_V3_TRAIN,USDJPYm,2023.07.11,2023.07.11 09:30:00,2023.07.11 09:30:00,0,risk_reject,141.455,140.564,12,12,0.185,4.8199,0.0000,0.00,1.22,0.00,0
DS260914_JSB30_V3_TRAIN,USDJPYm,2023.07.11,2023.07.11 10:00:00,2023.07.11 10:00:00,0,risk_reject,141.455,140.564,12,12,0.185,4.8125,0.0000,0.00,1.22,0.00,0
DS260914_JSB30_V3_TRAIN,USDJPYm,2023.07.11,2023.07.11 10:30:00,2023.07.11 10:30:00,0,risk_reject,141.455,140.564,12,12,0.194,4.6030,0.0000,0.00,1.22,0.00,0
DS260914_JSB30_V3_TRAIN,USDJPYm,2023.07.11,2023.07.11 11:00:00,2023.07.11 11:00:00,0,risk_reject,141.455,140.564,12,12,0.199,4.4887,0.0000,0.00,1.22,0.00,0
DS260914_JSB30_V3_TRAIN,USDJPYm,2023.07.11,2023.07.11 11:30:00,2023.07.11 11:30:00,0,risk_reject,141.455,140.564,12,12,0.197,4.5311,0.0000,0.00,1.22,0.00,0
DS260914_JSB30_V3_TRAIN,USDJPYm,2023.07.14,2023.07.14 07:00:00,2023.07.14 07:00:00,0,risk_reject,138.109,137.230,12,12,0.221,3.9864,0.0000,0.00,1.22,0.00,0
DS260914_JSB30_V3_TRAIN,USDJPYm,2023.07.14,2023.07.14 07:30:00,2023.07.14 07:30:00,0,risk_reject,138.109,137.230,12,12,0.204,4.3103,0.0000,0.00,1.22,0.00,0
DS260914_JSB30_V3_TRAIN,USDJPYm,2023.07.14,2023.07.14 08:00:00,2023.07.14 08:00:00,0,risk_reject,138.109,137.230,12,12,0.204,4.3179,0.0000,0.00,1.22,0.00,0
DS260914_JSB30_V3_TRAIN,USDJPYm,2023.07.14,2023.07.14 08:30:00,2023.07.14 08:30:00,0,risk_reject,138.109,137.230,12,12,0.191,4.6004,0.0000,0.00,1.22,0.00,0
DS260914_JSB30_V3_TRAIN,USDJPYm,2023.07.14,2023.07.14 09:00:00,2023.07.14 09:00:00,0,risk_reject,138.109,137.230,12,12,0.191,4.5918,0.0000,0.00,1.22,0.00,0
DS260914_JSB30_V3_TRAIN,USDJPYm,2023.07.14,2023.07.14 09:30:00,2023.07.14 09:30:00,0,risk_reject,138.109,137.230,12,12,0.191,4.5952,0.0000,0.00,1.22,0.00,0
DS260914_JSB30_V3_TRAIN,USDJPYm,2023.07.14,2023.07.14 10:00:00,2023.07.14 10:00:00,0,risk_reject,138.109,137.230,12,12,0.195,4.5060,0.0000,0.00,1.22,0.00,0
DS260914_JSB30_V3_TRAIN,USDJPYm,2023.07.14,2023.07.14 10:30:00,2023.07.14 10:30:00,0,risk_reject,138.109,137.230,12,12,0.204,4.3194,0.0000,0.00,1.22,0.00,0
DS260914_JSB30_V3_TRAIN,USDJPYm,2023.07.14,2023.07.14 11:00:00,2023.07.14 11:00:00,0,risk_reject,138.109,137.230,12,12,0.204,4.3134,0.0000,0.00,1.22,0.00,0
DS260914_JSB30_V3_TRAIN,USDJPYm,2023.07.14,2023.07.14 11:30:00,2023.07.14 11:30:00,0,risk_reject,138.109,137.230,12,12,0.212,4.1490,0.0000,0.00,1.22,0.00,0
DS260914_JSB30_V3_TRAIN,USDJPYm,2023.07.19,2023.07.19 07:00:00,2023.07.19 07:00:00,0,risk_reject,139.441,138.847,12,12,0.157,3.7749,0.0000,0.00,1.18,0.00,0
DS260914_JSB30_V3_TRAIN,USDJPYm,2023.07.19,2023.07.19 08:00:00,2023.07.19 08:00:00,0,risk_reject,139.441,138.847,12,12,0.164,3.6299,0.0000,0.00,1.18,0.00,0
DS260914_JSB30_V3_TRAIN,USDJPYm,2023.07.19,2023.07.19 08:30:00,2023.07.19 08:30:00,0,risk_reject,139.441,138.847,12,12,0.163,3.6426,0.0000,0.00,1.18,0.00,0
DS260914_JSB30_V3_TRAIN,USDJPYm,2023.07.19,2023.07.19 09:00:00,2023.07.19 09:00:00,0,risk_reject,139.441,138.847,12,12,0.164,3.6330,0.0000,0.00,1.18,0.00,0
DS260914_JSB30_V3_TRAIN,USDJPYm,2023.07.19,2023.07.19 09:30:00,2023.07.19 09:30:00,0,risk_reject,139.441,138.847,12,12,0.173,3.4392,0.0000,0.00,1.18,0.00,0
DS260914_JSB30_V3_TRAIN,USDJPYm,2023.07.19,2023.07.19 10:00:00,2023.07.19 10:00:00,0,risk_reject,139.441,138.847,12,12,0.172,3.4463,0.0000,0.00,1.18,0.00,0
DS260914_JSB30_V3_TRAIN,USDJPYm,2023.07.19,2023.07.19 10:30:00,2023.07.19 10:30:00,0,risk_reject,139.441,138.847,12,12,0.174,3.4152,0.0000,0.00,1.18,0.00,0
DS260914_JSB30_V3_TRAIN,USDJPYm,2023.07.19,2023.07.19 11:00:00,2023.07.19 11:00:00,0,risk_reject,139.441,138.847,12,12,0.177,3.3614,0.0000,0.00,1.18,0.00,0
DS260914_JSB30_V3_TRAIN,USDJPYm,2023.07.19,2023.07.19 11:30:00,2023.07.19 11:30:00,0,risk_reject,139.441,138.847,12,12,0.178,3.3291,0.0000,0.00,1.18,0.00,0
DS260914_JSB30_V3_TRAIN,USDJPYm,2023.07.24,2023.07.24 10:00:00,2023.07.24 10:00:00,0,risk_reject,141.808,141.339,12,12,0.163,2.8824,0.0000,0.00,1.20,0.00,0
DS260914_JSB30_V3_TRAIN,USDJPYm,2023.07.24,2023.07.24 10:30:00,2023.07.24 10:30:00,0,risk_reject,141.808,141.339,12,12,0.174,2.6910,0.0000,0.00,1.20,0.00,0
DS260914_JSB30_V3_TRAIN,USDJPYm,2023.07.24,2023.07.24 11:00:00,2023.07.24 11:00:00,0,risk_reject,141.808,141.339,12,12,0.166,2.8168,0.0000,0.00,1.20,0.00,0
DS260914_JSB30_V3_TRAIN,USDJPYm,2023.07.24,2023.07.24 11:30:00,2023.07.24 11:30:00,0,risk_reject,141.808,141.339,12,12,0.163,2.8773,0.0000,0.00,1.20,0.00,0
DS260914_JSB30_V3_TRAIN,USDJPYm,2023.07.31,2023.07.31 07:00:00,2023.07.31 07:00:00,0,risk_reject,141.948,140.688,12,12,0.232,5.4411,0.0000,0.00,1.21,0.00,0
DS260914_JSB30_V3_TRAIN,USDJPYm,2023.07.31,2023.07.31 07:30:00,2023.07.31 07:30:00,0,risk_reject,141.948,140.688,12,12,0.232,5.4210,0.0000,0.00,1.21,0.00,0
DS260914_JSB30_V3_TRAIN,USDJPYm,2023.07.31,2023.07.31 08:00:00,2023.07.31 08:00:00,0,risk_reject,141.948,140.688,12,12,0.214,5.8997,0.0000,0.00,1.21,0.00,0
DS260914_JSB30_V3_TRAIN,USDJPYm,2023.07.31,2023.07.31 08:30:00,2023.07.31 08:30:00,0,risk_reject,141.948,140.688,12,12,0.207,6.0807,0.0000,0.00,1.21,0.00,0
DS260914_JSB30_V3_TRAIN,USDJPYm,2023.07.31,2023.07.31 09:00:00,2023.07.31 09:00:00,0,risk_reject,141.948,140.688,12,12,0.207,6.0786,0.0000,0.00,1.21,0.00,0
DS260914_JSB30_V3_TRAIN,USDJPYm,2023.07.31,2023.07.31 09:30:00,2023.07.31 09:30:00,0,risk_reject,141.948,140.688,12,12,0.199,6.3226,0.0000,0.00,1.21,0.00,0
DS260914_JSB30_V3_TRAIN,USDJPYm,2023.07.31,2023.07.31 10:00:00,2023.07.31 10:00:00,0,risk_reject,141.948,140.688,12,12,0.201,6.2709,0.0000,0.00,1.21,0.00,0
DS260914_JSB30_V3_TRAIN,USDJPYm,2023.07.31,2023.07.31 10:30:00,2023.07.31 10:30:00,0,risk_reject,141.948,140.688,12,12,0.196,6.4403,0.0000,0.00,1.21,0.00,0
DS260914_JSB30_V3_TRAIN,USDJPYm,2023.07.31,2023.07.31 11:00:00,2023.07.31 11:00:00,0,risk_reject,141.948,140.688,12,12,0.196,6.4192,0.0000,0.00,1.21,0.00,0
DS260914_JSB30_V3_TRAIN,USDJPYm,2023.07.31,2023.07.31 11:30:00,2023.07.31 11:30:00,0,risk_reject,141.948,140.688,12,12,0.198,6.3568,0.0000,0.00,1.21,0.00,0
DS260914_JSB30_V3_TRAIN,USDJPYm,2023.08.02,2023.08.02 07:00:00,2023.08.02 07:00:00,0,risk_reject,143.344,142.633,12,12,0.175,4.0728,0.0000,0.00,1.23,0.00,0
DS260914_JSB30_V3_TRAIN,USDJPYm,2023.08.02,2023.08.02 08:30:00,2023.08.02 08:30:00,0,risk_reject,143.344,142.633,12,12,0.182,3.9143,0.0000,0.00,1.23,0.00,0
DS260914_JSB30_V3_TRAIN,USDJPYm,2023.08.02,2023.08.02 09:00:00,2023.08.02 09:00:00,0,risk_reject,143.344,142.633,12,12,0.188,3.7762,0.0000,0.00,1.23,0.00,0
DS260914_JSB30_V3_TRAIN,USDJPYm,2023.08.02,2023.08.02 09:30:00,2023.08.02 09:30:00,0,risk_reject,143.344,142.633,12,12,0.201,3.5373,0.0000,0.00,1.23,0.00,0
DS260914_JSB30_V3_TRAIN,USDJPYm,2023.08.03,2023.08.03 07:30:00,2023.08.03 07:30:00,0,risk_reject,143.887,143.160,12,12,0.215,3.3792,0.0000,0.00,1.23,0.00,0
DS260914_JSB30_V3_TRAIN,USDJPYm,2023.08.03,2023.08.03 08:00:00,2023.08.03 08:00:00,0,risk_reject,143.887,143.160,12,12,0.219,3.3207,0.0000,0.00,1.23,0.00,0
DS260914_JSB30_V3_TRAIN,USDJPYm,2023.08.03,2023.08.03 08:30:00,2023.08.03 08:30:00,0,risk_reject,143.887,143.160,12,12,0.227,3.1986,0.0000,0.00,1.23,0.00,0
DS260914_JSB30_V3_TRAIN,USDJPYm,2023.08.03,2023.08.03 09:00:00,2023.08.03 09:00:00,0,risk_reject,143.887,143.160,12,12,0.243,2.9971,0.0000,0.00,1.23,0.00,0
DS260914_JSB30_V3_TRAIN,USDJPYm,2023.08.03,2023.08.03 09:30:00,2023.08.03 09:30:00,0,risk_reject,143.887,143.160,12,12,0.246,2.9587,0.0000,0.00,1.23,0.00,0
DS260914_JSB30_V3_TRAIN,USDJPYm,2023.08.03,2023.08.03 10:00:00,2023.08.03 10:00:00,0,risk_reject,143.887,143.160,12,12,0.245,2.9622,0.0000,0.00,1.23,0.00,0
DS260914_JSB30_V3_TRAIN,USDJPYm,2023.08.03,2023.08.03 10:30:00,2023.08.03 10:30:00,0,risk_reject,143.887,143.160,12,12,0.251,2.8923,0.0000,0.00,1.23,0.00,0
DS260914_JSB30_V3_TRAIN,USDJPYm,2023.08.03,2023.08.03 11:00:00,2023.08.03 11:00:00,0,risk_reject,143.887,143.160,12,12,0.229,3.1786,0.0000,0.00,1.23,0.00,0
DS260914_JSB30_V3_TRAIN,USDJPYm,2023.08.03,2023.08.03 11:30:00,2023.08.03 11:30:00,0,risk_reject,143.887,143.160,12,12,0.232,3.1365,0.0000,0.00,1.23,0.00,0
DS260914_JSB30_V3_TRAIN,USDJPYm,2023.09.11,2023.09.11 07:30:00,2023.09.11 07:30:00,0,risk_reject,147.142,145.982,12,12,0.219,5.2882,0.0000,0.00,1.27,0.00,0
DS260914_JSB30_V3_TRAIN,USDJPYm,2023.10.31,2023.10.31 08:00:00,2023.10.31 08:00:00,0,risk_reject,150.238,149.084,12,12,0.180,6.4213,0.0000,0.00,1.22,0.00,0
DS260914_JSB30_V3_TRAIN,USDJPYm,2023.10.31,2023.10.31 08:30:00,2023.10.31 08:30:00,0,risk_reject,150.238,149.084,12,12,0.187,6.1617,0.0000,0.00,1.22,0.00,0
DS260914_JSB30_V3_TRAIN,USDJPYm,2023.10.31,2023.10.31 09:00:00,2023.10.31 09:00:00,0,risk_reject,150.238,149.084,12,12,0.188,6.1360,0.0000,0.00,1.22,0.00,0
DS260914_JSB30_V3_TRAIN,USDJPYm,2023.10.31,2023.10.31 09:30:00,2023.10.31 09:30:00,0,risk_reject,150.238,149.084,12,12,0.210,5.4878,0.0000,0.00,1.22,0.00,0
DS260914_JSB30_V3_TRAIN,USDJPYm,2023.10.31,2023.10.31 10:00:00,2023.10.31 10:00:00,0,risk_reject,150.238,149.084,12,12,0.187,6.1711,0.0000,0.00,1.22,0.00,0
DS260914_JSB30_V3_TRAIN,USDJPYm,2023.10.31,2023.10.31 10:30:00,2023.10.31 10:30:00,0,risk_reject,150.238,149.084,12,12,0.175,6.5916,0.0000,0.00,1.22,0.00,0
DS260914_JSB30_V3_TRAIN,USDJPYm,2023.11.20,2023.11.20 09:00:00,2023.11.20 09:00:00,0,risk_reject,149.988,148.684,12,12,0.194,6.7365,0.0000,0.00,1.24,0.00,0
DS260914_JSB30_V3_TRAIN,USDJPYm,2023.11.20,2023.11.20 09:30:00,2023.11.20 09:30:00,0,risk_reject,149.988,148.684,12,12,0.193,6.7640,0.0000,0.00,1.24,0.00,0
DS260914_JSB30_V3_TRAIN,USDJPYm,2023.11.20,2023.11.20 10:00:00,2023.11.20 10:00:00,0,risk_reject,149.988,148.684,12,12,0.196,6.6579,0.0000,0.00,1.24,0.00,0
DS260914_JSB30_V3_TRAIN,USDJPYm,2023.11.20,2023.11.20 10:30:00,2023.11.20 10:30:00,0,risk_reject,149.988,148.684,12,12,0.200,6.5153,0.0000,0.00,1.24,0.00,0
DS260914_JSB30_V3_TRAIN,USDJPYm,2023.11.20,2023.11.20 11:00:00,2023.11.20 11:00:00,0,risk_reject,149.988,148.684,12,12,0.195,6.6750,0.0000,0.00,1.24,0.00,0
DS260914_JSB30_V3_TRAIN,USDJPYm,2023.11.20,2023.11.20 11:30:00,2023.11.20 11:30:00,0,risk_reject,149.988,148.684,12,12,0.199,6.5598,0.0000,0.00,1.24,0.00,0
DS260914_JSB30_V3_TRAIN,USDJPYm,2023.11.29,2023.11.29 08:00:00,2023.11.29 08:00:00,0,risk_reject,147.315,146.666,12,12,0.176,3.6950,0.0000,0.00,1.25,0.00,0
DS260914_JSB30_V3_TRAIN,USDJPYm,2023.11.29,2023.11.29 08:30:00,2023.11.29 08:30:00,0,risk_reject,147.315,146.666,12,12,0.178,3.6534,0.0000,0.00,1.25,0.00,0
DS260914_JSB30_V3_TRAIN,USDJPYm,2023.11.29,2023.11.29 09:30:00,2023.11.29 09:30:00,0,risk_reject,147.315,146.666,12,12,0.184,3.5354,0.0000,0.00,1.25,0.00,0
DS260914_JSB30_V3_TRAIN,USDJPYm,2023.11.29,2023.11.29 10:00:00,2023.11.29 10:00:00,0,risk_reject,147.315,146.666,12,12,0.182,3.5659,0.0000,0.00,1.25,0.00,0
DS260914_JSB30_V3_TRAIN,USDJPYm,2023.11.29,2023.11.29 10:30:00,2023.11.29 10:30:00,0,risk_reject,147.315,146.666,12,12,0.183,3.5548,0.0000,0.00,1.25,0.00,0
DS260914_JSB30_V3_TRAIN,USDJPYm,2023.11.29,2023.11.29 11:00:00,2023.11.29 11:00:00,0,risk_reject,147.315,146.666,12,12,0.191,3.3941,0.0000,0.00,1.25,0.00,0
DS260914_JSB30_V3_TRAIN,USDJPYm,2023.11.29,2023.11.29 11:30:00,2023.11.29 11:30:00,0,risk_reject,147.315,146.666,12,12,0.188,3.4561,0.0000,0.00,1.25,0.00,0
DS260914_JSB30_V3_TRAIN,USDJPYm,2023.12.07,2023.12.07 07:00:00,2023.12.07 07:00:00,0,risk_reject,147.185,146.509,12,12,0.180,3.7526,0.0000,0.00,1.26,0.00,0
DS260914_JSB30_V3_TRAIN,USDJPYm,2023.12.07,2023.12.07 07:30:00,2023.12.07 07:30:00,0,risk_reject,147.185,146.509,12,12,0.203,3.3254,0.0000,0.00,1.26,0.00,0
DS260914_JSB30_V3_TRAIN,USDJPYm,2023.12.07,2023.12.07 08:00:00,2023.12.07 08:00:00,0,risk_reject,147.185,146.509,12,12,0.226,2.9930,0.0000,0.00,1.26,0.00,0
DS260914_JSB30_V3_TRAIN,USDJPYm,2023.12.07,2023.12.07 08:30:00,2023.12.07 08:30:00,0,risk_reject,147.185,146.509,12,12,0.239,2.8251,0.0000,0.00,1.26,0.00,0
DS260914_JSB30_V3_TRAIN,USDJPYm,2023.12.07,2023.12.07 09:00:00,2023.12.07 09:00:00,0,risk_reject,147.185,146.509,12,12,0.251,2.6886,0.0000,0.00,1.26,0.00,0
DS260914_JSB30_V3_TRAIN,USDJPYm,2023.12.07,2023.12.07 09:30:00,2023.12.07 09:30:00,0,risk_reject,147.185,146.509,12,12,0.262,2.5844,0.0000,0.00,1.26,0.00,0
DS260914_JSB30_V3_TRAIN,USDJPYm,2023.12.07,2023.12.07 10:00:00,2023.12.07 10:00:00,0,risk_reject,147.185,146.509,12,12,0.286,2.3619,0.0000,0.00,1.26,0.00,0
DS260914_JSB30_V3_TRAIN,USDJPYm,2023.12.07,2023.12.07 10:30:00,2023.12.07 10:30:00,0,risk_reject,147.185,146.509,12,12,0.308,2.1974,0.0000,0.00,1.26,0.00,0
DS260914_JSB30_V3_TRAIN,USDJPYm,2023.12.07,2023.12.07 11:00:00,2023.12.07 11:00:00,0,risk_reject,147.185,146.509,12,12,0.321,2.1092,0.0000,0.00,1.26,0.00,0
DS260914_JSB30_V3_TRAIN,USDJPYm,2023.12.07,2023.12.07 11:30:00,2023.12.07 11:30:00,0,risk_reject,147.185,146.509,12,12,0.337,2.0051,0.0000,0.00,1.26,0.00,0
DS260914_JSB30_V3_TRAIN,USDJPYm,2023.12.08,2023.12.08 09:30:00,2023.12.08 09:30:00,0,risk_reject,144.286,142.493,12,12,0.337,5.3261,0.0000,0.00,1.26,0.00,0
DS260914_JSB30_V3_TRAIN,USDJPYm,2023.12.08,2023.12.08 11:00:00,2023.12.08 11:00:00,0,risk_reject,144.286,142.493,12,12,0.292,6.1314,0.0000,0.00,1.26,0.00,0
DS260914_JSB30_V3_TRAIN,USDJPYm,2023.12.08,2023.12.08 11:30:00,2023.12.08 11:30:00,0,risk_reject,144.286,142.493,12,12,0.287,6.2396,0.0000,0.00,1.26,0.00,0
DS260914_JSB30_V3_TRAIN,USDJPYm,2023.12.11,2023.12.11 08:00:00,2023.12.11 08:00:00,0,risk_reject,145.665,144.868,12,12,0.218,3.6560,0.0000,0.00,1.26,0.00,0
DS260914_JSB30_V3_TRAIN,USDJPYm,2023.12.11,2023.12.11 08:30:00,2023.12.11 08:30:00,0,risk_reject,145.665,144.868,12,12,0.238,3.3558,0.0000,0.00,1.26,0.00,0
DS260914_JSB30_V3_TRAIN,USDJPYm,2023.12.11,2023.12.11 09:00:00,2023.12.11 09:00:00,0,risk_reject,145.665,144.868,12,12,0.251,3.1816,0.0000,0.00,1.26,0.00,0
DS260914_JSB30_V3_TRAIN,USDJPYm,2023.12.11,2023.12.11 09:30:00,2023.12.11 09:30:00,0,risk_reject,145.665,144.868,12,12,0.252,3.1582,0.0000,0.00,1.26,0.00,0
DS260914_JSB30_V3_TRAIN,USDJPYm,2023.12.11,2023.12.11 10:00:00,2023.12.11 10:00:00,0,risk_reject,145.665,144.868,12,12,0.257,3.1012,0.0000,0.00,1.26,0.00,0
DS260914_JSB30_V3_TRAIN,USDJPYm,2023.12.11,2023.12.11 10:30:00,2023.12.11 10:30:00,0,risk_reject,145.665,144.868,12,12,0.258,3.0951,0.0000,0.00,1.26,0.00,0
DS260914_JSB30_V3_TRAIN,USDJPYm,2023.12.11,2023.12.11 11:00:00,2023.12.11 11:00:00,0,risk_reject,145.665,144.868,12,12,0.252,3.1681,0.0000,0.00,1.26,0.00,0
DS260914_JSB30_V3_TRAIN,USDJPYm,2023.12.11,2023.12.11 11:30:00,2023.12.11 11:30:00,0,risk_reject,145.665,144.868,12,12,0.257,3.1029,0.0000,0.00,1.26,0.00,0
DS260914_JSB30_V3_TRAIN,USDJPYm,2023.12.15,2023.12.15 10:30:00,2023.12.15 10:30:00,0,risk_reject,142.463,141.561,12,12,0.211,4.2807,0.0000,0.00,1.27,0.00,0
DS260914_JSB30_V3_TRAIN,USDJPYm,2023.12.19,2023.12.19 07:30:00,2023.12.19 07:30:00,0,risk_reject,143.785,142.245,12,12,0.390,3.9458,0.0000,0.00,1.28,0.00,0
DS260914_JSB30_V3_TRAIN,USDJPYm,2023.12.19,2023.12.19 08:00:00,2023.12.19 08:00:00,0,risk_reject,143.785,142.245,12,12,0.416,3.7051,0.0000,0.00,1.28,0.00,0
DS260914_JSB30_V3_TRAIN,USDJPYm,2023.12.19,2023.12.19 08:30:00,2023.12.19 08:30:00,0,risk_reject,143.785,142.245,12,12,0.428,3.5999,0.0000,0.00,1.28,0.00,0
DS260914_JSB30_V3_TRAIN,USDJPYm,2023.12.19,2023.12.19 09:00:00,2023.12.19 09:00:00,0,risk_reject,143.785,142.245,12,12,0.428,3.5945,0.0000,0.00,1.28,0.00,0
DS260914_JSB30_V3_TRAIN,USDJPYm,2023.12.19,2023.12.19 09:30:00,2023.12.19 09:30:00,0,risk_reject,143.785,142.245,12,12,0.363,4.2466,0.0000,0.00,1.28,0.00,0
DS260914_JSB30_V3_TRAIN,USDJPYm,2023.12.19,2023.12.19 10:00:00,2023.12.19 10:00:00,0,risk_reject,143.785,142.245,12,12,0.335,4.5951,0.0000,0.00,1.28,0.00,0
DS260914_JSB30_V3_TRAIN,USDJPYm,2023.12.19,2023.12.19 10:30:00,2023.12.19 10:30:00,0,risk_reject,143.785,142.245,12,12,0.334,4.6049,0.0000,0.00,1.28,0.00,0
DS260914_JSB30_V3_TRAIN,USDJPYm,2023.12.19,2023.12.19 11:00:00,2023.12.19 11:00:00,0,risk_reject,143.785,142.245,12,12,0.336,4.5882,0.0000,0.00,1.28,0.00,0
DS260914_JSB30_V3_TRAIN,USDJPYm,2023.12.19,2023.12.19 11:30:00,2023.12.19 11:30:00,0,risk_reject,143.785,142.245,12,12,0.342,4.4982,0.0000,0.00,1.28,0.00,0
DS260914_JSB30_V3_TRAIN,USDJPYm,2023.12.20,2023.12.20 11:00:00,2023.12.20 11:00:00,0,risk_reject,144.097,143.365,12,12,0.177,4.1323,0.0000,0.00,1.28,0.00,0
DS260914_JSB30_V3_TRAIN,USDJPYm,2023.12.28,2023.12.28 07:30:00,2023.12.28 07:30:00,0,risk_reject,141.666,141.098,12,12,0.153,3.7107,0.0000,0.00,1.27,0.00,0
DS260914_JSB30_V3_TRAIN,USDJPYm,2024.01.04,2024.01.04 10:30:00,2024.01.04 10:30:00,0,risk_reject,143.889,142.850,12,12,0.194,5.3636,0.0000,0.00,1.27,0.00,0
DS260914_JSB30_V3_TRAIN,USDJPYm,2024.01.04,2024.01.04 11:00:00,2024.01.04 11:00:00,0,risk_reject,143.889,142.850,12,12,0.200,5.1876,0.0000,0.00,1.27,0.00,0
DS260914_JSB30_V3_TRAIN,USDJPYm,2024.01.04,2024.01.04 11:30:00,2024.01.04 11:30:00,0,risk_reject,143.889,142.850,12,12,0.193,5.3874,0.0000,0.00,1.27,0.00,0
DS260914_JSB30_V3_TRAIN,USDJPYm,2024.01.23,2024.01.23 07:00:00,2024.01.23 07:00:00,0,risk_reject,148.547,147.848,12,12,0.291,2.4056,0.0000,0.00,1.21,0.00,0
DS260914_JSB30_V3_TRAIN,USDJPYm,2024.01.23,2024.01.23 07:30:00,2024.01.23 07:30:00,0,risk_reject,148.547,147.848,12,12,0.312,2.2419,0.0000,0.00,1.21,0.00,0
DS260914_JSB30_V3_TRAIN,USDJPYm,2024.01.23,2024.01.23 08:00:00,2024.01.23 08:00:00,0,risk_reject,148.547,147.848,12,12,0.330,2.1159,0.0000,0.00,1.21,0.00,0
DS260914_JSB30_V3_TRAIN,USDJPYm,2024.01.23,2024.01.23 08:30:00,2024.01.23 08:30:00,0,risk_reject,148.547,147.848,12,12,0.348,2.0099,0.0000,0.00,1.21,0.00,0
DS260914_JSB30_V3_TRAIN,USDJPYm,2024.01.23,2024.01.23 09:00:00,2024.01.23 09:00:00,0,risk_reject,148.547,147.848,12,12,0.347,2.0132,0.0000,0.00,1.21,0.00,0
DS260914_JSB30_V3_TRAIN,USDJPYm,2024.01.23,2024.01.23 09:30:00,2024.01.23 09:30:00,0,risk_reject,148.547,147.848,12,12,0.358,1.9552,0.0000,0.00,1.21,0.00,0
DS260914_JSB30_V3_TRAIN,USDJPYm,2024.01.23,2024.01.23 10:00:00,2024.01.23 10:00:00,0,risk_reject,148.547,147.848,12,12,0.342,2.0460,0.0000,0.00,1.21,0.00,0
DS260914_JSB30_V3_TRAIN,USDJPYm,2024.01.23,2024.01.23 10:30:00,2024.01.23 10:30:00,0,risk_reject,148.547,147.848,12,12,0.315,2.2196,0.0000,0.00,1.21,0.00,0
DS260914_JSB30_V3_TRAIN,USDJPYm,2024.01.23,2024.01.23 11:00:00,2024.01.23 11:00:00,0,risk_reject,148.547,147.848,12,12,0.303,2.3069,0.0000,0.00,1.21,0.00,0
DS260914_JSB30_V3_TRAIN,USDJPYm,2024.03.07,2024.03.07 07:00:00,2024.03.07 07:00:00,0,risk_reject,149.261,148.396,12,12,0.192,4.5069,0.0000,0.00,1.22,0.00,0
DS260914_JSB30_V3_TRAIN,USDJPYm,2024.03.07,2024.03.07 07:30:00,2024.03.07 07:30:00,0,risk_reject,149.261,148.396,12,12,0.191,4.5305,0.0000,0.00,1.22,0.00,0
DS260914_JSB30_V3_TRAIN,USDJPYm,2024.03.07,2024.03.07 08:00:00,2024.03.07 08:00:00,0,risk_reject,149.261,148.396,12,12,0.189,4.5750,0.0000,0.00,1.22,0.00,0
DS260914_JSB30_V3_TRAIN,USDJPYm,2024.03.07,2024.03.07 08:30:00,2024.03.07 08:30:00,0,risk_reject,149.261,148.396,12,12,0.190,4.5492,0.0000,0.00,1.22,0.00,0
DS260914_JSB30_V3_TRAIN,USDJPYm,2024.03.07,2024.03.07 09:00:00,2024.03.07 09:00:00,0,risk_reject,149.261,148.396,12,12,0.186,4.6398,0.0000,0.00,1.22,0.00,0
DS260914_JSB30_V3_TRAIN,USDJPYm,2024.03.07,2024.03.07 09:30:00,2024.03.07 09:30:00,0,risk_reject,149.261,148.396,12,12,0.195,4.4375,0.0000,0.00,1.22,0.00,0
DS260914_JSB30_V3_TRAIN,USDJPYm,2024.03.07,2024.03.07 10:00:00,2024.03.07 10:00:00,0,risk_reject,149.261,148.396,12,12,0.197,4.3829,0.0000,0.00,1.22,0.00,0
DS260914_JSB30_V3_TRAIN,USDJPYm,2024.03.07,2024.03.07 10:30:00,2024.03.07 10:30:00,0,risk_reject,149.261,148.396,12,12,0.196,4.4117,0.0000,0.00,1.22,0.00,0
DS260914_JSB30_V3_TRAIN,USDJPYm,2024.03.07,2024.03.07 11:00:00,2024.03.07 11:00:00,0,risk_reject,149.261,148.396,12,12,0.186,4.6434,0.0000,0.00,1.22,0.00,0
DS260914_JSB30_V3_TRAIN,USDJPYm,2024.03.07,2024.03.07 11:30:00,2024.03.07 11:30:00,0,risk_reject,149.261,148.396,12,12,0.183,4.7176,0.0000,0.00,1.22,0.00,0
DS260914_JSB30_V3_TRAIN,USDJPYm,2024.03.19,2024.03.19 09:30:00,2024.03.19 09:30:00,0,risk_reject,150.392,148.998,12,12,0.318,4.3797,0.0000,0.00,1.24,0.00,0
DS260914_JSB30_V3_TRAIN,USDJPYm,2024.03.19,2024.03.19 10:00:00,2024.03.19 10:00:00,0,risk_reject,150.392,148.998,12,12,0.315,4.4304,0.0000,0.00,1.24,0.00,0
DS260914_JSB30_V3_TRAIN,USDJPYm,2024.03.19,2024.03.19 10:30:00,2024.03.19 10:30:00,0,risk_reject,150.392,148.998,12,12,0.262,5.3264,0.0000,0.00,1.24,0.00,0
DS260914_JSB30_V3_TRAIN,USDJPYm,2024.03.19,2024.03.19 11:00:00,2024.03.19 11:00:00,0,risk_reject,150.392,148.998,12,12,0.249,5.5904,0.0000,0.00,1.24,0.00,0
DS260914_JSB30_V3_TRAIN,USDJPYm,2024.03.19,2024.03.19 11:30:00,2024.03.19 11:30:00,0,risk_reject,150.392,148.998,12,12,0.241,5.7859,0.0000,0.00,1.24,0.00,0
DS260914_JSB30_V3_TRAIN,USDJPYm,2024.03.21,2024.03.21 08:00:00,2024.03.21 08:00:00,0,risk_reject,151.000,150.261,12,12,0.167,4.4138,0.0000,0.00,1.25,0.00,0
DS260914_JSB30_V3_TRAIN,USDJPYm,2024.04.26,2024.04.26 07:00:00,2024.04.26 07:00:00,0,risk_reject,156.213,155.416,12,12,0.172,4.6299,0.0000,0.00,1.13,0.00,0
DS260914_JSB30_V3_TRAIN,USDJPYm,2024.04.26,2024.04.26 07:30:00,2024.04.26 07:30:00,0,risk_reject,156.213,155.416,12,12,0.199,3.9993,0.0000,0.00,1.13,0.00,0
DS260914_JSB30_V3_TRAIN,USDJPYm,2024.04.26,2024.04.26 08:00:00,2024.04.26 08:00:00,0,risk_reject,156.213,155.416,12,12,0.205,3.8919,0.0000,0.00,1.13,0.00,0
DS260914_JSB30_V3_TRAIN,USDJPYm,2024.04.26,2024.04.26 08:30:00,2024.04.26 08:30:00,0,risk_reject,156.213,155.416,12,12,0.322,2.4779,0.0000,0.00,1.13,0.00,0
DS260914_JSB30_V3_TRAIN,USDJPYm,2024.04.26,2024.04.26 09:00:00,2024.04.26 09:00:00,0,risk_reject,156.213,155.416,12,12,0.338,2.3570,0.0000,0.00,1.13,0.00,0
DS260914_JSB30_V3_TRAIN,USDJPYm,2024.04.26,2024.04.26 09:30:00,2024.04.26 09:30:00,0,risk_reject,156.213,155.416,12,12,0.345,2.3125,0.0000,0.00,1.13,0.00,0
DS260914_JSB30_V3_TRAIN,USDJPYm,2024.04.26,2024.04.26 10:00:00,2024.04.26 10:00:00,0,risk_reject,156.213,155.416,12,12,0.325,2.4523,0.0000,0.00,1.13,0.00,0
DS260914_JSB30_V3_TRAIN,USDJPYm,2024.04.26,2024.04.26 10:30:00,2024.04.26 10:30:00,0,risk_reject,156.213,155.416,12,12,0.310,2.5722,0.0000,0.00,1.13,0.00,0
DS260914_JSB30_V3_TRAIN,USDJPYm,2024.04.26,2024.04.26 11:00:00,2024.04.26 11:00:00,0,risk_reject,156.213,155.416,12,12,0.304,2.6186,0.0000,0.00,1.13,0.00,0
DS260914_JSB30_V3_TRAIN,USDJPYm,2024.04.26,2024.04.26 11:30:00,2024.04.26 11:30:00,0,risk_reject,156.213,155.416,12,12,0.339,2.3525,0.0000,0.00,1.13,0.00,0
DS260914_JSB30_V3_TRAIN,USDJPYm,2024.05.02,2024.05.02 07:00:00,2024.05.02 07:00:00,0,risk_reject,156.278,155.596,12,12,0.265,2.5764,0.0000,0.00,1.12,0.00,0
DS260914_JSB30_V3_TRAIN,USDJPYm,2024.05.02,2024.05.02 07:30:00,2024.05.02 07:30:00,0,risk_reject,156.278,155.596,12,12,0.271,2.5186,0.0000,0.00,1.12,0.00,0
DS260914_JSB30_V3_TRAIN,USDJPYm,2024.05.02,2024.05.02 08:00:00,2024.05.02 08:00:00,0,risk_reject,156.278,155.596,12,12,0.272,2.5120,0.0000,0.00,1.12,0.00,0
DS260914_JSB30_V3_TRAIN,USDJPYm,2024.05.02,2024.05.02 08:30:00,2024.05.02 08:30:00,0,risk_reject,156.278,155.596,12,12,0.273,2.4956,0.0000,0.00,1.12,0.00,0
DS260914_JSB30_V3_TRAIN,USDJPYm,2024.05.02,2024.05.02 09:00:00,2024.05.02 09:00:00,0,risk_reject,156.278,155.596,12,12,0.272,2.5106,0.0000,0.00,1.12,0.00,0
DS260914_JSB30_V3_TRAIN,USDJPYm,2024.05.02,2024.05.02 09:30:00,2024.05.02 09:30:00,0,risk_reject,156.278,155.596,12,12,0.260,2.6252,0.0000,0.00,1.12,0.00,0
DS260914_JSB30_V3_TRAIN,USDJPYm,2024.05.02,2024.05.02 10:00:00,2024.05.02 10:00:00,0,risk_reject,156.278,155.596,12,12,0.251,2.7125,0.0000,0.00,1.12,0.00,0
DS260914_JSB30_V3_TRAIN,USDJPYm,2024.05.02,2024.05.02 10:30:00,2024.05.02 10:30:00,0,risk_reject,156.278,155.596,12,12,0.247,2.7579,0.0000,0.00,1.12,0.00,0
DS260914_JSB30_V3_TRAIN,USDJPYm,2024.05.02,2024.05.02 11:00:00,2024.05.02 11:00:00,0,risk_reject,156.278,155.596,12,12,0.249,2.7429,0.0000,0.00,1.12,0.00,0
DS260914_JSB30_V3_TRAIN,USDJPYm,2024.05.02,2024.05.02 11:30:00,2024.05.02 11:30:00,0,risk_reject,156.278,155.596,12,12,0.256,2.6641,0.0000,0.00,1.12,0.00,0
DS260914_JSB30_V3_TRAIN,USDJPYm,2024.05.16,2024.05.16 08:30:00,2024.05.16 08:30:00,0,risk_reject,154.533,153.595,12,12,0.202,4.6534,0.0000,0.00,1.16,0.00,0
DS260914_JSB30_V3_TRAIN,USDJPYm,2024.05.16,2024.05.16 09:00:00,2024.05.16 09:00:00,0,risk_reject,154.533,153.595,12,12,0.198,4.7271,0.0000,0.00,1.16,0.00,0
DS260914_JSB30_V3_TRAIN,USDJPYm,2024.05.16,2024.05.16 09:30:00,2024.05.16 09:30:00,0,risk_reject,154.533,153.595,12,12,0.185,5.0644,0.0000,0.00,1.16,0.00,0
DS260914_JSB30_V3_TRAIN,USDJPYm,2024.05.16,2024.05.16 10:00:00,2024.05.16 10:00:00,0,risk_reject,154.533,153.595,12,12,0.184,5.1038,0.0000,0.00,1.16,0.00,0
DS260914_JSB30_V3_TRAIN,USDJPYm,2024.05.16,2024.05.16 10:30:00,2024.05.16 10:30:00,0,risk_reject,154.533,153.595,12,12,0.181,5.1844,0.0000,0.00,1.16,0.00,0
DS260914_JSB30_V3_TRAIN,USDJPYm,2024.05.16,2024.05.16 11:00:00,2024.05.16 11:00:00,0,risk_reject,154.533,153.595,12,12,0.181,5.1742,0.0000,0.00,1.16,0.00,0
DS260914_JSB30_V3_TRAIN,USDJPYm,2024.05.16,2024.05.16 11:30:00,2024.05.16 11:30:00,0,risk_reject,154.533,153.595,12,12,0.181,5.1905,0.0000,0.00,1.16,0.00,0
